region,date,strat,type,median,mean,sd,lower_90,lower_50,lower_20,upper_20,upper_50,upper_90
Hawaii,2020-11-02,,forecast,0,0,1,0,0,0,0,0,1
Hawaii,2020-10-26,,estimate based on partial data,0,0,1,0,0,0,0,0,2
Hawaii,2020-10-05,,estimate,0,0,1,0,0,0,0,1,2
Hawaii,2020-10-12,,estimate,0,0,1,0,0,0,0,1,2
Hawaii,2020-10-19,,estimate based on partial data,0,0,1,0,0,0,0,1,2
Hawaii,2020-11-09,,forecast,0,0,3,0,0,0,0,0,2
Hawaii,2020-09-21,,estimate,0,1,1,0,0,0,0,1,2
Hawaii,2020-09-28,,estimate,0,1,1,0,0,0,0,1,2
Hawaii,2020-11-01,,estimate based on partial data,0,1,1,0,0,0,1,1,3
Kansas,2020-09-20,,estimate,0,1,1,0,0,0,1,1,3
Kansas,2020-09-27,,estimate,0,1,1,0,0,0,1,1,3
Kansas,2020-10-04,,estimate,0,1,1,0,0,0,1,1,3
Kansas,2020-11-01,,estimate based on partial data,0,1,1,0,0,0,1,1,3
Hawaii,2020-11-08,,forecast,0,1,7,0,0,0,0,1,3
Hawaii,2020-11-16,,forecast,0,39,1567,0,0,0,0,0,2
Hawaii,2020-11-15,,forecast,0,79,3197,0,0,0,0,1,4
Hawaii,2020-11-17,,forecast,0,14322,638719,0,0,0,1,2,8
Hawaii,2020-11-19,,forecast,0,15038,667888,0,0,0,1,2,9
Hawaii,2020-11-28,,forecast,0,19143,367026,0,0,0,1,2,27
Hawaii,2020-11-20,,forecast,0,25271,1121965,0,0,0,1,2,15
Hawaii,2020-11-22,,forecast,0,48396,2155753,0,0,0,0,1,6
Hawaii,2020-11-24,,forecast,0,61321,2163328,0,0,0,1,2,14
Kansas,2020-11-08,,forecast,0,63276,2445745,0,0,0,1,1,4
Hawaii,2020-11-26,,forecast,0,65850,2803574,0,0,0,1,2,18
Hawaii,2020-11-21,,forecast,0,67817,2718655,0,0,0,1,2,15
Hawaii,2020-11-29,,forecast,0,95274,3076448,0,0,0,0,1,10
Hawaii,2020-11-27,,forecast,0,95693,2892714,0,0,0,1,2,25
Hawaii,2020-11-30,,forecast,0,106870,4205232,0,0,0,0,0,4
Hawaii,2020-11-23,,forecast,0,135820,6048039,0,0,0,0,0,3
Virginia,2020-11-22,,forecast,0,141854,3184945,0,0,0,1,2,38
Kansas,2020-11-15,,forecast,0,166132,3835126,0,0,0,0,1,11
Hawaii,2020-12-01,,forecast,0,174843,3843325,0,0,0,1,1,26
Virginia,2020-11-30,,forecast,0,339076,5300377,0,0,0,1,3,131
Virginia,2020-11-29,,forecast,0,498782,7888111,0,0,0,1,2,89
Kansas,2020-11-22,,forecast,0,588770,7451427,0,0,0,0,1,29
Kansas,2020-11-29,,forecast,0,1237459,12464743,0,0,0,0,1,133
Hawaii,2020-10-25,,estimate based on partial data,1,1,1,0,0,0,1,1,3
Kansas,2020-10-25,,estimate based on partial data,1,1,1,0,0,0,1,1,3
Kansas,2020-10-11,,estimate,1,1,1,0,0,0,1,1,4
Kansas,2020-10-18,,estimate based on partial data,1,1,1,0,0,0,1,2,4
Montana,2020-09-27,,estimate,1,1,1,0,0,0,1,2,4
Montana,2020-10-04,,estimate,1,1,1,0,0,0,1,2,4
Montana,2020-09-20,,estimate,1,1,1,0,0,1,1,2,4
Hawaii,2020-10-18,,estimate based on partial data,1,1,2,0,0,0,1,2,4
Hawaii,2020-11-03,,forecast,1,1,2,0,0,0,1,2,5
Ohio,2020-10-11,,estimate,1,1,2,0,0,1,1,2,4
Ohio,2020-10-18,,estimate based on partial data,1,1,2,0,0,1,1,2,4
Oregon,2020-10-04,,estimate,1,1,2,0,0,1,1,2,4
Hawaii,2020-09-20,,estimate,1,1,2,0,0,1,1,2,5
Hawaii,2020-09-27,,estimate,1,1,2,0,0,1,1,2,5
Hawaii,2020-10-04,,estimate,1,1,2,0,0,1,1,2,5
Hawaii,2020-10-11,,estimate,1,1,2,0,0,1,1,2,5
Oregon,2020-09-20,,estimate,1,1,2,0,0,1,1,2,5
Oregon,2020-09-27,,estimate,1,1,2,0,0,1,1,2,5
Oregon,2020-10-11,,estimate,1,1,2,0,0,1,1,2,5
Hawaii,2020-11-05,,forecast,1,2,2,0,0,0,1,2,6
Ohio,2020-10-25,,estimate based on partial data,1,2,2,0,0,1,1,2,5
Oregon,2020-10-18,,estimate based on partial data,1,2,2,0,0,1,1,2,6
Montana,2020-10-11,,estimate,1,2,2,0,0,1,2,2,5
Ohio,2020-10-04,,estimate,1,2,2,0,0,1,2,2,5
Oregon,2020-10-25,,estimate based on partial data,1,2,2,0,0,1,2,2,5
Ohio,2020-11-01,,estimate based on partial data,1,2,2,0,0,1,2,3,5
Hawaii,2020-10-27,,estimate based on partial data,1,2,2,0,0,1,2,3,6
Hawaii,2020-10-29,,estimate based on partial data,1,2,2,0,0,1,2,3,6
Montana,2020-09-21,,estimate,1,2,2,0,0,1,2,3,6
Montana,2020-09-28,,estimate,1,2,2,0,0,1,2,3,6
Utah,2020-09-21,,estimate,1,2,2,0,0,1,2,3,6
Utah,2020-09-26,,estimate,1,2,2,0,0,1,2,3,6
Hawaii,2020-10-31,,estimate based on partial data,1,2,2,0,0,1,2,3,7
Montana,2020-10-05,,estimate,1,2,2,0,1,1,2,3,6
Hawaii,2020-11-07,,forecast,1,2,8,0,0,1,1,3,7
Hawaii,2020-11-06,,forecast,1,2,11,0,0,1,2,3,7
Ohio,2020-11-08,,forecast,1,3,8,0,0,1,2,3,9
Hawaii,2020-11-10,,forecast,1,3,44,0,0,0,1,2,7
Hawaii,2020-11-12,,forecast,1,10,267,0,0,0,1,2,7
Hawaii,2020-11-11,,forecast,1,15,446,0,0,1,2,3,12
Ohio,2020-11-15,,forecast,1,49,1077,0,0,1,2,4,22
Hawaii,2020-11-13,,forecast,1,61,2147,0,0,0,1,3,10
Hawaii,2020-11-14,,forecast,1,76,2744,0,0,0,1,2,8
Hawaii,2020-11-18,,forecast,1,12556,545061,0,0,0,2,3,17
Ohio,2020-11-22,,forecast,1,30870,1219657,0,0,1,2,5,77
Virginia,2020-11-16,,forecast,1,54886,1883816,0,0,1,2,4,34
Hawaii,2020-11-25,,forecast,1,106123,3333479,0,0,0,1,3,32
Kansas,2020-11-14,,forecast,1,116265,2521445,0,0,1,2,5,32
Virginia,2020-11-23,,forecast,1,138827,2869296,0,0,0,1,4,58
Virginia,2020-11-15,,forecast,1,182289,7291080,0,0,1,2,3,17
Ohio,2020-11-29,,forecast,1,296078,7687010,0,0,0,2,7,334
Virginia,2020-11-26,,forecast,1,335187,6177081,0,0,0,2,6,132
Virginia,2020-11-28,,forecast,1,423152,7683312,0,0,0,2,6,230
Virginia,2020-11-27,,forecast,1,428166,7190286,0,0,0,2,6,160
Virginia,2020-11-25,,forecast,1,434646,8350083,0,0,0,3,7,160
Virginia,2020-12-01,,forecast,1,477835,7975070,0,0,0,2,8,287
Kansas,2020-11-21,,forecast,1,927097,11089776,0,0,0,2,5,124
Kansas,2020-11-28,,forecast,1,1301035,13645691,0,0,0,2,5,773
Florida,2020-11-30,,forecast,1,1800173,13926527,0,0,0,3,15,50885
Oregon,2020-09-21,,estimate,2,2,2,0,0,1,2,3,7
Oregon,2020-09-28,,estimate,2,2,2,0,0,1,2,3,7
Montana,2020-09-24,,estimate,2,2,2,0,1,1,2,3,6
Montana,2020-10-01,,estimate,2,2,2,0,1,1,2,3,6
New Jersey,2020-10-05,,estimate,2,2,2,0,1,1,2,3,6
Ohio,2020-09-27,,estimate,2,2,2,0,1,1,2,3,6
Utah,2020-09-22,,estimate,2,2,2,0,1,1,2,3,6
Hawaii,2020-10-20,,estimate based on partial data,2,2,2,0,1,1,2,3,7
Montana,2020-10-18,,estimate based on partial data,2,2,2,0,1,1,2,3,7
Utah,2020-09-24,,estimate,2,2,2,0,1,1,2,3,7
New Jersey,2020-09-28,,estimate,2,2,2,0,1,2,2,3,6
Oregon,2020-10-12,,estimate,2,2,3,0,0,1,2,3,7
Oregon,2020-11-01,,estimate based on partial data,2,2,3,0,0,1,2,3,8
Hawaii,2020-10-13,,estimate,2,2,3,0,1,1,2,3,7
Hawaii,2020-10-22,,estimate based on partial data,2,2,3,0,1,1,2,3,7
Hawaii,2020-10-30,,estimate based on partial data,2,2,3,0,1,1,2,3,7
Oregon,2020-10-05,,estimate,2,2,3,0,1,1,2,3,7
Utah,2020-09-28,,estimate,2,2,3,0,1,1,2,3,7
Utah,2020-09-20,,estimate,2,2,3,0,1,1,2,4,7
Montana,2020-10-08,,estimate,2,3,2,0,1,1,3,4,7
Ohio,2020-09-20,,estimate,2,3,2,0,1,1,3,4,7
Montana,2020-09-29,,estimate,2,3,2,0,1,2,3,4,7
New Jersey,2020-09-21,,estimate,2,3,2,0,1,2,3,4,7
New Jersey,2020-10-04,,estimate,2,3,2,0,1,2,3,4,7
New Jersey,2020-10-12,,estimate,2,3,2,0,1,2,3,4,7
Montana,2020-09-22,,estimate,2,3,2,0,1,2,3,4,8
Hawaii,2020-10-06,,estimate,2,3,3,0,1,1,2,4,7
Hawaii,2020-09-29,,estimate,2,3,3,0,1,1,2,4,8
Hawaii,2020-09-22,,estimate,2,3,3,0,1,1,3,4,8
Hawaii,2020-10-15,,estimate based on partial data,2,3,3,0,1,1,3,4,8
Hawaii,2020-10-24,,estimate based on partial data,2,3,3,0,1,1,3,4,8
Oregon,2020-09-24,,estimate,2,3,3,0,1,1,3,4,8
Oregon,2020-10-19,,estimate based on partial data,2,3,3,0,1,1,3,4,8
Utah,2020-10-03,,estimate,2,3,3,0,1,1,3,4,8
Oregon,2020-10-01,,estimate,2,3,3,0,1,1,3,4,9
Utah,2020-09-29,,estimate,2,3,3,0,1,2,3,4,7
Hawaii,2020-09-24,,estimate,2,3,3,0,1,2,3,4,8
Montana,2020-10-06,,estimate,2,3,3,0,1,2,3,4,8
Montana,2020-10-12,,estimate,2,3,3,0,1,2,3,4,8
Utah,2020-09-27,,estimate,2,3,3,0,1,2,3,4,8
Hawaii,2020-10-08,,estimate,2,3,3,0,1,2,3,4,9
Hawaii,2020-10-23,,estimate based on partial data,2,3,3,0,1,2,3,4,9
Kansas,2020-09-26,,estimate,2,3,3,0,1,2,3,4,9
Montana,2020-10-03,,estimate,2,3,3,0,1,2,3,4,9
Oregon,2020-10-08,,estimate,2,3,3,0,1,2,3,4,9
Oregon,2020-10-15,,estimate based on partial data,2,3,3,0,1,2,3,4,9
Oregon,2020-10-26,,estimate based on partial data,2,3,3,0,1,2,3,4,9
Utah,2020-10-01,,estimate,2,3,3,0,1,2,3,4,9
Utah,2020-10-05,,estimate,2,3,3,0,1,2,3,4,9
Utah,2020-10-10,,estimate,2,3,3,0,1,2,3,4,9
Hawaii,2020-10-01,,estimate,2,3,3,0,1,2,3,4,10
Hawaii,2020-11-04,,forecast,2,3,4,0,1,1,2,4,9
Virginia,2020-11-08,,forecast,2,6,57,0,1,1,3,4,11
Oregon,2020-11-08,,forecast,2,90,2838,0,0,1,2,4,16
Kansas,2020-11-07,,forecast,2,46257,1779070,0,1,2,3,5,15
Oregon,2020-11-15,,forecast,2,134195,3234935,0,0,1,3,5,48
Virginia,2020-11-19,,forecast,2,142409,3605072,0,0,1,3,7,71
Virginia,2020-11-21,,forecast,2,158836,3744934,0,0,1,3,8,83
Virginia,2020-11-20,,forecast,2,183379,4657371,0,0,1,3,7,68
Virginia,2020-11-24,,forecast,2,268691,4562549,0,0,1,3,9,156
Oregon,2020-11-22,,forecast,2,575071,10773987,0,1,1,3,7,180
Kansas,2020-11-24,,forecast,2,971929,10680801,0,0,1,5,14,811
Kansas,2020-11-26,,forecast,2,1081794,10681454,0,0,1,5,16,926
Kansas,2020-11-23,,forecast,2,1099937,11770325,0,0,1,5,14,704
Florida,2020-11-23,,forecast,2,1209737,11920709,0,0,1,5,15,4241
Kansas,2020-11-30,,forecast,2,1453910,12915243,0,0,1,4,15,2146
Kansas,2020-12-01,,forecast,2,1623994,13944725,0,0,0,4,18,3037
Florida,2020-11-29,,forecast,2,2409454,18669020,0,0,1,5,21,53029
New Jersey,2020-09-27,,estimate,3,3,2,0,1,2,3,4,8
Maryland,2020-10-05,,estimate,3,3,2,0,1,2,3,5,8
New Jersey,2020-10-11,,estimate,3,3,2,0,2,2,4,5,8
Montana,2020-09-26,,estimate,3,3,3,0,1,2,3,4,8
New Jersey,2020-10-19,,estimate based on partial data,3,3,3,0,1,2,3,5,8
Hawaii,2020-10-17,,estimate based on partial data,3,3,3,0,1,2,3,5,10
Hawaii,2020-10-28,,estimate based on partial data,3,3,3,0,1,2,3,5,10
Utah,2020-09-23,,estimate,3,3,3,0,1,2,3,5,10
Utah,2020-10-06,,estimate,3,3,3,0,1,2,3,5,10
Montana,2020-10-25,,estimate based on partial data,3,3,3,0,1,2,4,5,9
Maryland,2020-09-28,,estimate,3,3,3,0,2,2,4,5,8
Maryland,2020-10-04,,estimate,3,3,3,0,2,2,4,5,8
Maryland,2020-10-12,,estimate,3,3,3,0,2,2,4,5,8
Kansas,2020-10-03,,estimate,3,4,3,0,1,2,3,5,10
Utah,2020-10-17,,estimate based on partial data,3,4,3,0,1,2,3,5,10
Montana,2020-10-15,,estimate based on partial data,3,4,3,0,1,2,4,5,10
Montana,2020-10-13,,estimate,3,4,3,0,1,2,4,6,11
Maryland,2020-10-11,,estimate,3,4,3,0,2,2,4,5,8
New Jersey,2020-09-20,,estimate,3,4,3,0,2,2,4,5,9
Maryland,2020-09-20,,estimate,3,4,3,0,2,3,4,5,9
Maryland,2020-09-21,,estimate,3,4,3,0,2,3,4,5,9
Maryland,2020-09-27,,estimate,3,4,3,0,2,3,4,5,9
Minnesota,2020-09-21,,estimate,3,4,3,0,2,3,4,5,9
Minnesota,2020-09-28,,estimate,3,4,3,0,2,3,4,5,9
Maryland,2020-10-19,,estimate based on partial data,3,4,3,0,2,3,4,5,10
Minnesota,2020-10-05,,estimate,3,4,3,0,2,3,4,5,10
Oregon,2020-10-22,,estimate based on partial data,3,4,4,0,1,2,3,5,10
Hawaii,2020-10-16,,estimate based on partial data,3,4,4,0,1,2,3,5,11
Utah,2020-10-12,,estimate,3,4,4,0,1,2,3,5,11
Utah,2020-09-25,,estimate,3,4,4,0,1,2,4,5,10
Hawaii,2020-09-26,,estimate,3,4,4,0,1,2,4,5,11
Hawaii,2020-10-03,,estimate,3,4,4,0,1,2,4,5,11
Kansas,2020-10-31,,estimate based on partial data,3,4,4,0,1,2,4,5,11
Oregon,2020-09-25,,estimate,3,4,4,0,1,2,4,5,11
Utah,2020-10-04,,estimate,3,4,4,0,1,2,4,5,11
Utah,2020-10-24,,estimate based on partial data,3,4,4,0,1,2,4,5,11
Hawaii,2020-10-10,,estimate,3,4,4,0,1,2,4,5,12
Utah,2020-10-08,,estimate,3,4,4,0,1,2,4,6,10
Hawaii,2020-09-25,,estimate,3,4,4,0,1,2,4,6,11
Hawaii,2020-10-09,,estimate,3,4,4,0,1,2,4,6,11
Utah,2020-09-30,,estimate,3,4,4,0,1,2,4,6,11
Utah,2020-10-13,,estimate,3,4,4,0,1,2,4,6,11
Hawaii,2020-10-02,,estimate,3,4,4,0,1,2,4,6,12
Oregon,2020-09-23,,estimate,3,4,4,0,1,2,4,6,12
Oregon,2020-10-02,,estimate,3,4,4,0,1,2,4,6,12
Oregon,2020-10-09,,estimate,3,4,4,0,1,2,4,6,12
Oregon,2020-10-29,,estimate based on partial data,3,4,4,0,1,2,4,6,12
Utah,2020-10-19,,estimate based on partial data,3,4,4,0,1,2,4,6,12
Hawaii,2020-10-21,,estimate based on partial data,3,4,4,0,1,3,4,6,12
Virginia,2020-11-01,,estimate based on partial data,3,4,4,0,1,3,4,6,12
Oregon,2020-10-16,,estimate based on partial data,3,4,4,0,1,3,4,6,13
Montana,2020-10-10,,estimate,3,4,4,0,2,2,4,5,11
Montana,2020-09-30,,estimate,3,4,4,0,2,3,4,6,11
Montana,2020-10-19,,estimate based on partial data,3,4,4,0,2,3,4,6,11
Utah,2020-10-26,,estimate based on partial data,3,4,4,0,2,3,4,6,12
Utah,2020-10-15,,estimate based on partial data,3,4,4,0,2,3,4,6,13
Oregon,2020-11-02,,forecast,3,4,5,0,1,2,3,5,12
Oregon,2020-09-30,,estimate,3,4,5,0,2,2,4,6,13
Utah,2020-10-20,,estimate based on partial data,3,5,4,0,2,3,4,6,12
Oregon,2020-09-26,,estimate,3,5,5,0,1,3,4,6,13
Oregon,2020-10-07,,estimate,3,5,5,0,2,3,4,6,13
Missouri,2020-09-21,,estimate,3,6,7,0,1,2,5,8,19
Oregon,2020-11-05,,forecast,3,8,31,0,1,2,5,8,21
Virginia,2020-11-09,,forecast,3,11,110,0,1,2,4,6,20
Oregon,2020-11-09,,forecast,3,1116,37977,0,1,2,4,7,29
Virginia,2020-11-13,,forecast,3,9778,404485,0,1,2,5,9,37
Virginia,2020-11-18,,forecast,3,91872,2274450,0,1,2,4,9,65
Virginia,2020-11-17,,forecast,3,156836,4153415,0,1,2,5,11,74
South Carolina,2020-11-29,,forecast,3,223079,5691256,0,0,1,5,16,507
Georgia,2020-11-30,,forecast,3,288854,5986216,0,1,2,5,10,82
Oregon,2020-11-29,,forecast,3,754849,10735935,0,0,2,5,12,1247
Kansas,2020-11-19,,forecast,3,911401,11654825,0,1,2,5,14,302
Kansas,2020-11-25,,forecast,3,1382268,13462741,0,0,1,8,23,1363
Kansas,2020-11-27,,forecast,3,1530247,14129416,0,0,1,6,20,1910
Florida,2020-12-01,,forecast,3,2323590,16634454,0,0,1,9,33,183873
Maryland,2020-10-18,,estimate based on partial data,4,4,3,0,2,3,4,6,10
New Jersey,2020-10-02,,estimate,4,4,3,0,2,3,4,6,10
New Jersey,2020-10-26,,estimate based on partial data,4,4,3,0,2,3,4,6,10
New Jersey,2020-10-09,,estimate,4,4,3,0,2,3,5,6,10
New Jersey,2020-10-18,,estimate based on partial data,4,4,3,0,2,3,5,6,10
New Jersey,2020-10-03,,estimate,4,4,3,1,2,3,4,6,10
Montana,2020-09-23,,estimate,4,4,4,0,2,3,4,6,12
Maryland,2020-10-25,,estimate based on partial data,4,5,3,1,2,3,5,6,11
Maryland,2020-10-26,,estimate based on partial data,4,5,3,1,2,3,5,6,11
New Jersey,2020-09-25,,estimate,4,5,3,1,2,3,5,6,11
New Jersey,2020-09-26,,estimate,4,5,3,1,2,3,5,6,11
New Jersey,2020-10-10,,estimate,4,5,3,1,2,3,5,6,11
North Carolina,2020-10-11,,estimate,4,5,3,1,2,4,5,6,10
North Carolina,2020-10-04,,estimate,4,5,3,1,3,4,5,6,10
Indiana,2020-09-20,,estimate,4,5,3,1,3,4,5,7,11
Minnesota,2020-10-12,,estimate,4,5,3,1,3,4,5,7,12
Utah,2020-10-31,,estimate based on partial data,4,5,4,0,2,3,4,6,13
Kansas,2020-10-10,,estimate,4,5,4,0,2,3,5,6,12
Montana,2020-10-07,,estimate,4,5,4,0,2,3,5,6,12
Utah,2020-10-11,,estimate,4,5,4,0,2,3,5,6,13
Utah,2020-10-22,,estimate based on partial data,4,5,4,0,2,3,5,6,13
Kansas,2020-10-24,,estimate based on partial data,4,5,4,0,2,3,5,7,12
Utah,2020-10-02,,estimate,4,5,4,0,2,3,5,7,12
Kansas,2020-10-17,,estimate based on partial data,4,5,4,0,2,3,5,7,13
Montana,2020-09-25,,estimate,4,5,4,0,2,3,5,7,13
Montana,2020-10-02,,estimate,4,5,4,0,2,3,5,7,13
Hawaii,2020-10-14,,estimate,4,5,4,0,2,3,5,7,14
New Jersey,2020-11-02,,forecast,4,5,4,1,2,3,5,7,13
Oregon,2020-10-03,,estimate,4,5,5,0,1,3,4,6,13
Oregon,2020-10-23,,estimate based on partial data,4,5,5,0,2,3,5,7,13
Montana,2020-11-01,,estimate based on partial data,4,5,5,0,2,3,5,7,14
Oregon,2020-10-10,,estimate,4,5,5,0,2,3,5,7,14
Oregon,2020-10-14,,estimate,4,5,5,0,2,3,5,7,14
Oregon,2020-10-17,,estimate based on partial data,4,5,5,0,2,3,5,7,14
Oregon,2020-10-21,,estimate based on partial data,4,5,5,0,2,3,5,7,14
Utah,2020-10-07,,estimate,4,5,5,0,2,3,5,7,14
Utah,2020-10-18,,estimate based on partial data,4,5,5,0,2,3,5,7,14
Utah,2020-10-27,,estimate based on partial data,4,5,5,0,2,3,5,7,14
Hawaii,2020-10-07,,estimate,4,6,5,0,2,3,5,8,15
Utah,2020-10-25,,estimate based on partial data,4,6,5,0,2,3,5,8,15
Hawaii,2020-09-23,,estimate,4,6,5,0,2,3,5,8,16
Hawaii,2020-09-30,,estimate,4,6,5,0,2,3,5,8,16
Utah,2020-10-29,,estimate based on partial data,4,6,5,0,2,3,6,8,15
Oregon,2020-10-24,,estimate based on partial data,4,6,6,0,2,3,6,8,16
Utah,2020-11-02,,forecast,4,6,7,0,2,3,5,8,18
Missouri,2020-09-28,,estimate,4,6,8,0,1,3,5,8,21
Missouri,2020-10-05,,estimate,4,7,8,0,1,3,6,9,24
Missouri,2020-10-19,,estimate based on partial data,4,8,10,0,1,3,6,10,28
New Jersey,2020-11-09,,forecast,4,8,17,0,2,3,6,8,23
Utah,2020-11-07,,forecast,4,15,114,0,2,3,6,9,30
Missouri,2020-11-09,,forecast,4,35,620,0,1,3,6,12,44
New Jersey,2020-11-16,,forecast,4,95,2163,0,1,3,6,11,51
Virginia,2020-11-12,,forecast,4,829,24021,0,2,3,6,10,41
New Jersey,2020-11-23,,forecast,4,18270,669014,0,1,3,7,15,151
Virginia,2020-11-14,,forecast,4,54302,2315377,0,1,2,5,10,43
Missouri,2020-11-16,,forecast,4,63365,2098157,0,1,3,6,14,81
Oregon,2020-11-12,,forecast,4,88361,3711207,0,1,3,6,11,73
Oregon,2020-11-16,,forecast,4,149785,3297603,0,1,2,5,10,105
South Carolina,2020-11-22,,forecast,4,164835,4428099,0,1,2,6,13,161
Georgia,2020-11-23,,forecast,4,285634,9509681,0,1,2,5,10,52
South Carolina,2020-11-30,,forecast,4,314917,7594867,0,0,2,7,21,804
Kansas,2020-11-17,,forecast,4,387256,6006454,0,1,2,6,14,192
Florida,2020-11-16,,forecast,4,411639,6423437,0,1,3,7,15,559
Missouri,2020-11-23,,forecast,4,427202,12251141,0,1,2,7,16,289
Missouri,2020-11-30,,forecast,4,434153,8281308,0,0,2,7,18,483
Kansas,2020-11-16,,forecast,4,439483,7134556,0,1,2,6,12,106
Oregon,2020-11-23,,forecast,4,493157,8258389,0,1,3,6,16,429
Oregon,2020-11-30,,forecast,4,754301,9288422,0,1,3,8,23,1828
Florida,2020-11-22,,forecast,4,1371539,12685785,0,0,2,7,20,3895
Florida,2020-11-28,,forecast,4,2033311,15130599,0,0,2,10,39,61720
North Carolina,2020-09-27,,estimate,5,5,3,1,3,4,6,7,11
North Carolina,2020-10-18,,estimate based on partial data,5,5,3,1,3,4,6,7,11
North Carolina,2020-10-05,,estimate,5,5,3,1,3,4,6,7,12
Indiana,2020-09-27,,estimate,5,6,3,1,3,4,6,8,12
North Carolina,2020-09-20,,estimate,5,6,3,1,3,4,6,8,12
North Carolina,2020-10-12,,estimate,5,6,3,1,3,4,6,8,12
Minnesota,2020-09-22,,estimate,5,6,4,1,3,4,6,7,12
New Jersey,2020-10-25,,estimate based on partial data,5,6,4,1,3,4,6,7,13
Maryland,2020-11-02,,forecast,5,6,4,1,3,4,6,7,14
Minnesota,2020-09-29,,estimate,5,6,4,1,3,4,6,8,12
Maryland,2020-10-09,,estimate,5,6,4,1,3,4,6,8,13
Maryland,2020-11-01,,estimate based on partial data,5,6,4,1,3,4,6,8,13
New Jersey,2020-10-16,,estimate based on partial data,5,6,4,1,3,4,6,8,13
Minnesota,2020-10-19,,estimate based on partial data,5,6,4,1,3,4,6,8,14
New Jersey,2020-10-17,,estimate based on partial data,5,6,4,1,3,4,6,8,14
Maryland,2020-10-02,,estimate,5,6,4,1,3,5,6,8,13
Montana,2020-10-22,,estimate based on partial data,5,6,5,0,2,4,6,7,15
Utah,2020-10-09,,estimate,5,6,5,0,2,4,6,8,16
Utah,2020-10-14,,estimate,5,6,5,0,2,4,6,8,16
Virginia,2020-10-11,,estimate,5,6,5,0,2,4,6,8,16
Virginia,2020-10-25,,estimate based on partial data,5,6,5,0,2,4,6,8,16
Montana,2020-10-09,,estimate,5,6,5,0,3,4,6,8,15
Montana,2020-10-17,,estimate based on partial data,5,6,5,0,3,4,7,9,16
Montana,2020-10-26,,estimate based on partial data,5,6,5,1,3,4,6,8,16
Montana,2020-10-20,,estimate based on partial data,5,6,5,1,3,4,6,9,16
Virginia,2020-10-18,,estimate based on partial data,5,6,5,1,3,4,6,9,16
Oregon,2020-10-30,,estimate based on partial data,5,6,6,0,2,3,6,8,17
Virginia,2020-11-02,,forecast,5,6,6,0,2,4,6,8,17
Oregon,2020-10-28,,estimate based on partial data,5,6,7,0,2,3,6,8,18
Utah,2020-10-21,,estimate based on partial data,5,7,6,0,2,4,6,9,17
Oregon,2020-09-29,,estimate,5,7,6,0,2,4,6,9,18
Oregon,2020-09-22,,estimate,5,7,6,0,2,4,6,9,19
Virginia,2020-10-04,,estimate,5,7,6,1,3,4,7,9,18
Oregon,2020-10-06,,estimate,5,7,7,0,2,4,7,9,19
Utah,2020-11-01,,estimate based on partial data,5,7,7,0,3,4,7,9,19
Oregon,2020-10-31,,estimate based on partial data,5,7,7,0,3,4,7,9,20
Oregon,2020-10-13,,estimate,5,7,7,0,3,4,7,10,19
Utah,2020-11-03,,forecast,5,7,9,0,2,3,6,9,19
Missouri,2020-10-12,,estimate,5,7,10,0,1,3,6,10,24
Missouri,2020-10-26,,estimate based on partial data,5,8,10,0,2,3,6,11,26
Missouri,2020-09-20,,estimate,5,8,10,0,2,4,7,11,27
Missouri,2020-11-02,,forecast,5,9,12,0,2,3,7,11,31
Montana,2020-11-08,,forecast,5,10,20,0,2,4,6,11,33
Utah,2020-11-05,,forecast,5,10,29,0,2,4,7,10,28
Oregon,2020-11-06,,forecast,5,31,492,0,2,4,7,11,33
Maryland,2020-11-09,,forecast,5,66,2579,1,3,4,7,10,24
Utah,2020-11-09,,forecast,5,76,1363,0,2,3,7,11,55
Virginia,2020-11-11,,forecast,5,356,10375,0,2,4,7,11,38
South Carolina,2020-11-15,,forecast,5,422,13811,0,2,4,7,12,71
Utah,2020-11-14,,forecast,5,4071,106576,0,2,3,7,13,182
Georgia,2020-11-16,,forecast,5,28321,1238605,0,2,4,7,11,37
Kansas,2020-11-09,,forecast,5,72800,2687482,0,2,4,7,12,45
California,2020-11-30,,forecast,5,82763,2043605,0,1,3,7,16,241
Kansas,2020-11-12,,forecast,5,119620,2980736,0,2,4,7,13,66
South Carolina,2020-11-23,,forecast,5,229926,5310100,0,1,3,8,19,260
Oregon,2020-11-19,,forecast,5,246226,4755852,0,1,3,7,14,272
New Jersey,2020-11-30,,forecast,5,265969,6156128,0,1,2,8,21,544
Georgia,2020-11-29,,forecast,5,336127,7619485,0,1,3,7,14,132
Missouri,2020-11-22,,forecast,5,348173,9912230,0,1,3,9,21,218
Kansas,2020-11-18,,forecast,5,670381,8239493,0,1,3,9,20,397
Kansas,2020-11-20,,forecast,5,708153,7773838,0,1,2,8,21,638
Oregon,2020-11-26,,forecast,5,759223,12059221,0,1,3,8,21,1057
Florida,2020-11-24,,forecast,5,1375678,12050683,0,1,3,11,35,12638
North Carolina,2020-09-28,,estimate,6,6,3,1,3,5,6,8,13
Indiana,2020-09-21,,estimate,6,6,4,1,3,5,6,8,13
Maryland,2020-10-08,,estimate,6,6,4,1,3,5,7,8,14
Maryland,2020-10-07,,estimate,6,6,4,1,3,5,7,9,14
Minnesota,2020-10-06,,estimate,6,6,4,1,4,5,7,8,14
North Carolina,2020-10-19,,estimate based on partial data,6,6,4,1,4,5,7,9,13
Maryland,2020-09-25,,estimate,6,6,4,1,4,5,7,9,14
Maryland,2020-10-01,,estimate,6,7,4,1,3,5,7,9,14
Maryland,2020-10-16,,estimate based on partial data,6,7,4,1,4,5,7,9,14
Maryland,2020-09-30,,estimate,6,7,4,1,4,5,7,9,15
Maryland,2020-10-03,,estimate,6,7,4,1,4,5,7,9,15
Maryland,2020-10-10,,estimate,6,7,4,1,4,5,7,9,15
Indiana,2020-10-04,,estimate,6,7,4,2,4,5,7,9,14
North Carolina,2020-09-21,,estimate,6,7,4,2,4,5,7,9,14
North Carolina,2020-10-25,,estimate based on partial data,6,7,4,2,4,5,7,9,14
Indiana,2020-09-28,,estimate,6,7,4,2,4,5,7,9,15
Maryland,2020-09-24,,estimate,6,7,4,2,4,5,7,9,15
New Jersey,2020-11-01,,estimate based on partial data,6,7,5,1,3,5,7,9,15
Ohio,2020-10-12,,estimate,6,7,5,1,3,5,7,9,17
Ohio,2020-10-19,,estimate based on partial data,6,7,5,1,3,5,7,9,17
Montana,2020-10-14,,estimate,6,7,5,1,3,5,7,10,17
Maryland,2020-10-14,,estimate,6,7,5,1,4,5,7,9,15
Maryland,2020-10-15,,estimate based on partial data,6,7,5,1,4,5,7,9,15
Minnesota,2020-10-26,,estimate based on partial data,6,7,5,1,4,5,7,9,16
Utah,2020-10-16,,estimate based on partial data,6,7,6,0,3,4,7,10,19
South Carolina,2020-10-11,,estimate,6,8,5,1,4,5,8,10,17
Utah,2020-10-23,,estimate based on partial data,6,8,6,0,3,5,8,10,19
Ohio,2020-10-05,,estimate,6,8,6,1,3,5,8,10,19
Ohio,2020-10-26,,estimate based on partial data,6,8,6,1,3,5,8,10,19
Utah,2020-10-28,,estimate based on partial data,6,8,7,0,3,5,7,10,21
Oregon,2020-10-20,,estimate based on partial data,6,8,7,0,3,5,8,11,22
Montana,2020-10-29,,estimate based on partial data,6,8,7,1,3,5,8,11,21
Missouri,2020-09-27,,estimate,6,9,12,0,2,4,8,12,30
New Jersey,2020-11-08,,forecast,6,9,15,1,3,5,7,10,25
Missouri,2020-10-04,,estimate,6,10,11,0,2,4,9,14,31
Virginia,2020-11-06,,forecast,6,10,21,1,3,5,8,11,25
Oregon,2020-11-04,,forecast,6,10,28,0,2,4,7,11,27
Utah,2020-11-08,,forecast,6,25,260,0,3,5,8,13,56
Maryland,2020-11-08,,forecast,6,26,793,1,3,5,7,10,22
Georgia,2020-11-09,,forecast,6,30,910,1,3,5,8,11,26
Missouri,2020-11-08,,forecast,6,39,815,0,2,4,9,16,59
Oregon,2020-11-07,,forecast,6,78,1795,0,3,5,9,14,42
New Jersey,2020-11-15,,forecast,6,180,6237,0,2,4,8,15,61
Utah,2020-11-10,,forecast,6,223,6302,0,2,4,8,12,71
Montana,2020-11-15,,forecast,6,239,4509,0,2,4,9,18,127
Utah,2020-11-12,,forecast,6,515,10181,0,2,4,9,15,125
Ohio,2020-11-16,,forecast,6,1889,64229,0,2,4,9,18,133
California,2020-11-23,,forecast,6,2580,60560,0,2,4,9,17,117
Missouri,2020-11-15,,forecast,6,15415,560869,0,2,4,10,19,106
New Jersey,2020-11-22,,forecast,6,19500,808120,0,1,4,9,19,175
Maryland,2020-11-16,,forecast,6,29039,1296896,0,3,5,8,13,60
Maryland,2020-11-23,,forecast,6,34770,1524869,0,2,5,10,19,182
Ohio,2020-11-23,,forecast,6,57103,1548418,0,1,3,11,26,561
Maryland,2020-11-15,,forecast,6,59961,2680241,0,3,5,8,14,55
Oregon,2020-11-13,,forecast,6,71631,1868617,0,2,4,8,15,114
California,2020-11-29,,forecast,6,97862,2604445,0,1,4,9,19,259
Utah,2020-11-16,,forecast,6,100522,3575078,0,2,4,9,17,364
Kansas,2020-11-10,,forecast,6,112444,3101612,0,2,4,8,13,55
South Carolina,2020-12-01,,forecast,6,160301,3301187,0,1,3,12,36,1448
New Jersey,2020-11-29,,forecast,6,192603,4690178,0,1,3,12,28,513
Georgia,2020-11-22,,forecast,6,195430,7327094,0,2,4,9,15,75
South Carolina,2020-11-27,,forecast,6,275559,6556393,0,1,3,12,29,741
Utah,2020-11-21,,forecast,6,322367,5473857,0,2,4,9,20,1154
Georgia,2020-12-01,,forecast,6,339042,7895465,0,1,3,9,17,164
Missouri,2020-11-29,,forecast,6,401147,7946020,0,1,3,10,26,772
Ohio,2020-11-30,,forecast,6,420759,7718994,0,1,3,12,38,1808
Florida,2020-11-15,,forecast,6,421226,7146862,0,2,4,10,22,462
Florida,2020-11-27,,forecast,6,2208806,17464016,0,1,2,14,51,76361
Maryland,2020-09-26,,estimate,7,7,5,1,4,6,8,10,16
Maryland,2020-09-23,,estimate,7,7,5,2,4,6,8,10,16
South Carolina,2020-10-04,,estimate,7,8,5,1,4,6,8,10,18
New Jersey,2020-10-01,,estimate,7,8,5,2,4,6,8,10,16
New Jersey,2020-10-06,,estimate,7,8,5,2,4,6,8,10,16
New Jersey,2020-10-23,,estimate based on partial data,7,8,5,2,4,6,8,10,16
Maryland,2020-10-06,,estimate,7,8,5,2,4,6,8,10,17
Maryland,2020-10-17,,estimate based on partial data,7,8,5,2,4,6,8,10,17
Maryland,2020-10-21,,estimate based on partial data,7,8,5,2,4,6,8,10,17
Maryland,2020-10-23,,estimate based on partial data,7,8,5,2,4,6,8,10,17
New Jersey,2020-09-29,,estimate,7,8,5,2,4,6,8,10,17
New Jersey,2020-10-08,,estimate,7,8,5,2,4,6,8,10,18
New Jersey,2020-10-24,,estimate based on partial data,7,8,5,2,4,6,8,10,18
Maryland,2020-10-22,,estimate based on partial data,7,8,5,2,4,6,8,11,17
North Carolina,2020-11-01,,estimate based on partial data,7,8,5,2,4,6,8,11,17
Minnesota,2020-10-13,,estimate,7,8,5,2,5,6,8,10,16
Maryland,2020-09-29,,estimate,7,8,5,2,5,6,8,10,17
Maryland,2020-10-13,,estimate,7,8,5,2,5,6,8,10,17
North Carolina,2020-10-26,,estimate based on partial data,7,8,5,2,5,6,9,10,16
Indiana,2020-10-05,,estimate,7,8,5,2,5,6,9,11,17
New Jersey,2020-10-07,,estimate,7,8,5,2,5,6,9,11,17
Virginia,2020-10-26,,estimate based on partial data,7,8,7,1,3,5,8,11,22
Kansas,2020-09-28,,estimate,7,8,7,1,4,5,8,11,20
Kansas,2020-09-21,,estimate,7,9,7,1,4,6,8,12,22
Montana,2020-10-27,,estimate based on partial data,7,9,7,1,4,6,9,12,23
Virginia,2020-09-27,,estimate,7,9,7,1,4,6,9,12,23
Virginia,2020-10-12,,estimate,7,9,8,1,4,5,9,12,23
Utah,2020-10-30,,estimate based on partial data,7,9,8,1,4,6,9,12,23
Montana,2020-11-02,,forecast,7,9,9,1,3,5,8,12,25
Oregon,2020-10-27,,estimate based on partial data,7,9,9,1,3,5,9,12,24
Ohio,2020-11-02,,forecast,7,9,9,1,4,5,9,12,26
Missouri,2020-10-11,,estimate,7,11,13,0,2,5,9,15,35
Missouri,2020-10-18,,estimate based on partial data,7,11,14,0,3,5,9,14,36
Virginia,2020-11-05,,forecast,7,11,14,1,4,6,9,13,30
Virginia,2020-11-07,,forecast,7,11,26,1,3,5,9,13,31
South Carolina,2020-11-08,,forecast,7,11,37,1,3,5,9,12,30
Missouri,2020-10-25,,estimate based on partial data,7,12,15,0,3,5,10,15,40
Missouri,2020-11-01,,estimate based on partial data,7,12,18,0,3,5,10,16,38
Utah,2020-11-04,,forecast,7,12,29,1,3,5,9,13,36
Ohio,2020-11-09,,forecast,7,19,97,1,3,5,9,15,45
Virginia,2020-11-10,,forecast,7,138,3176,1,3,5,9,15,48
Florida,2020-11-09,,forecast,7,2791,98029,0,3,5,10,16,80
South Carolina,2020-11-16,,forecast,7,2805,72107,0,2,4,9,17,108
Oregon,2020-11-11,,forecast,7,60758,2531416,0,2,5,9,15,89
Maryland,2020-11-30,,forecast,7,62339,1784839,0,2,5,12,26,632
Montana,2020-11-22,,forecast,7,65538,1800072,0,2,4,13,30,808
Utah,2020-11-15,,forecast,7,71862,2733086,0,3,5,10,19,257
Maryland,2020-11-22,,forecast,7,80275,3556950,0,2,5,10,18,163
Oregon,2020-11-14,,forecast,7,90526,2129724,0,3,5,10,18,148
Utah,2020-11-17,,forecast,7,144311,4372640,0,2,5,10,19,425
Georgia,2020-11-24,,forecast,7,158874,3957616,0,2,5,10,18,116
Utah,2020-11-19,,forecast,7,184991,3368449,0,2,5,11,22,696
South Carolina,2020-11-28,,forecast,7,247579,6120454,0,1,4,14,41,902
Kansas,2020-11-13,,forecast,7,257437,5520008,0,3,5,10,19,125
Oregon,2020-11-18,,forecast,7,383759,6700462,0,2,5,10,21,380
Utah,2020-11-24,,forecast,7,401362,5820143,0,2,4,12,32,3695
Oregon,2020-11-20,,forecast,7,495182,11048539,0,2,5,10,22,415
Utah,2020-11-23,,forecast,7,671913,10206781,0,2,4,11,26,2427
Oregon,2020-11-27,,forecast,7,705671,8726414,0,2,5,12,32,2105
Utah,2020-11-28,,forecast,7,732453,8565166,0,2,4,11,30,6897
Florida,2020-11-21,,forecast,7,1115670,10561836,0,1,4,15,38,6400
New Jersey,2020-09-30,,estimate,8,8,5,2,5,6,9,11,17
Minnesota,2020-09-20,,estimate,8,8,5,2,5,6,9,11,18
Indiana,2020-10-11,,estimate,8,8,5,2,5,7,9,11,17
Massachusetts,2020-09-29,,estimate,8,8,5,2,5,7,9,11,17
Minnesota,2020-09-27,,estimate,8,8,5,2,5,7,9,11,18
Maryland,2020-09-22,,estimate,8,9,5,2,5,6,9,12,19
Massachusetts,2020-09-22,,estimate,8,9,5,2,5,7,9,11,18
Massachusetts,2020-10-06,,estimate,8,9,5,2,5,7,9,11,18
New Jersey,2020-09-24,,estimate,8,9,5,2,5,7,9,11,18
New Jersey,2020-09-22,,estimate,8,9,5,2,5,7,9,12,18
Maryland,2020-10-24,,estimate based on partial data,8,9,5,2,5,7,9,12,19
New Jersey,2020-10-13,,estimate,8,9,5,2,5,7,9,12,19
Maryland,2020-10-20,,estimate based on partial data,8,9,5,2,5,7,10,12,19
Minnesota,2020-09-25,,estimate,8,9,5,2,5,7,10,12,19
Minnesota,2020-09-26,,estimate,8,9,5,2,5,7,10,12,19
Minnesota,2020-10-04,,estimate,8,9,5,2,5,7,10,12,19
New Jersey,2020-09-23,,estimate,8,9,5,2,5,7,10,12,19
Massachusetts,2020-10-13,,estimate,8,9,5,3,5,7,9,12,18
South Carolina,2020-10-18,,estimate based on partial data,8,9,6,1,4,6,9,12,22
Minnesota,2020-11-02,,forecast,8,9,6,2,5,7,9,12,20
New Jersey,2020-10-30,,estimate based on partial data,8,9,6,2,5,7,9,12,20
New Jersey,2020-10-31,,estimate based on partial data,8,9,6,2,5,7,9,12,20
Maryland,2020-10-30,,estimate based on partial data,8,9,6,2,5,7,10,12,21
South Carolina,2020-09-27,,estimate,8,9,6,2,5,7,10,13,22
North Carolina,2020-11-02,,forecast,8,9,6,2,6,7,10,12,20
Ohio,2020-10-10,,estimate,8,9,7,1,4,6,9,12,22
Montana,2020-10-16,,estimate based on partial data,8,9,7,1,4,6,9,12,23
Montana,2020-10-24,,estimate based on partial data,8,9,7,1,4,6,9,12,23
Kansas,2020-09-24,,estimate,8,9,7,1,4,6,9,13,22
Ohio,2020-10-17,,estimate based on partial data,8,9,7,1,4,6,10,13,24
Tennessee,2020-10-04,,estimate,8,9,7,1,4,7,10,13,21
Tennessee,2020-09-27,,estimate,8,9,7,1,5,7,10,13,22
Kansas,2020-10-01,,estimate,8,9,8,1,4,6,9,12,24
South Carolina,2020-11-01,,estimate based on partial data,8,9,8,1,4,6,9,13,23
Maryland,2020-10-29,,estimate based on partial data,8,10,6,2,5,7,10,12,21
Kansas,2020-09-29,,estimate,8,10,7,1,4,6,9,13,24
Kansas,2020-10-05,,estimate,8,10,7,1,4,6,9,13,24
Ohio,2020-09-28,,estimate,8,10,7,1,5,7,10,13,24
South Carolina,2020-10-25,,estimate based on partial data,8,10,7,2,5,7,10,13,23
Tennessee,2020-09-20,,estimate,8,10,7,2,5,7,10,13,24
Virginia,2020-10-19,,estimate based on partial data,8,10,8,1,4,6,10,13,24
Georgia,2020-11-02,,forecast,8,10,8,1,4,6,10,13,25
Kansas,2020-09-22,,estimate,8,10,8,1,5,7,10,13,25
Virginia,2020-10-05,,estimate,8,10,9,1,4,6,10,13,26
Virginia,2020-09-20,,estimate,8,11,8,1,4,7,10,14,27
Kansas,2020-11-02,,forecast,8,11,11,1,4,6,10,13,27
New Jersey,2020-11-06,,forecast,8,11,11,1,5,7,10,14,29
North Carolina,2020-11-08,,forecast,8,11,21,2,5,7,10,13,28
Oregon,2020-11-03,,forecast,8,13,17,1,4,6,11,16,40
Kansas,2020-11-03,,forecast,8,14,80,1,4,7,10,15,31
New Jersey,2020-11-13,,forecast,8,37,434,1,4,6,11,18,61
California,2020-11-16,,forecast,8,70,1109,1,4,6,11,16,63
Kansas,2020-11-05,,forecast,8,226,7327,1,4,6,9,14,33
Tennessee,2020-11-29,,forecast,8,509,9589,0,2,5,12,24,196
Utah,2020-11-11,,forecast,8,580,14287,0,3,6,11,20,153
California,2020-11-22,,forecast,8,2282,68006,0,3,6,11,18,131
Georgia,2020-11-15,,forecast,8,69570,3084394,1,3,6,11,16,53
Kansas,2020-11-11,,forecast,8,100583,2597287,0,3,6,11,20,97
Maryland,2020-11-29,,forecast,8,113018,3960378,0,2,5,12,27,487
South Carolina,2020-11-20,,forecast,8,125910,3324081,0,2,5,13,27,291
South Carolina,2020-11-26,,forecast,8,166117,5358202,0,1,4,14,36,874
South Carolina,2020-11-24,,forecast,8,176748,4127175,0,2,4,13,33,497
Georgia,2020-11-25,,forecast,8,218918,5036108,0,2,6,12,22,158
Oregon,2020-11-21,,forecast,8,373188,6646098,0,3,5,12,25,540
Ohio,2020-11-28,,forecast,8,521716,11161874,0,1,5,15,45,2021
Oregon,2020-11-25,,forecast,8,579113,9358277,0,2,5,13,30,1201
Utah,2020-11-30,,forecast,8,1073514,11518323,0,1,5,14,44,12830
Florida,2020-11-26,,forecast,8,2069193,16392750,0,1,4,18,68,39075
Maryland,2020-10-28,,estimate based on partial data,9,9,6,2,5,7,10,12,20
Minnesota,2020-10-20,,estimate based on partial data,9,10,6,2,6,7,10,13,21
New Jersey,2020-10-14,,estimate,9,10,6,2,6,8,10,13,21
New Jersey,2020-10-15,,estimate based on partial data,9,10,6,3,6,7,10,13,21
Minnesota,2020-10-02,,estimate,9,10,6,3,6,8,10,13,21
Minnesota,2020-10-03,,estimate,9,10,6,3,6,8,10,13,21
Massachusetts,2020-10-20,,estimate based on partial data,9,10,6,3,6,8,11,13,21
Tennessee,2020-10-11,,estimate,9,10,7,2,5,7,10,13,22
South Carolina,2020-10-05,,estimate,9,10,7,2,5,8,11,14,23
Maryland,2020-10-31,,estimate based on partial data,9,11,7,3,6,8,11,14,24
Ohio,2020-10-24,,estimate based on partial data,9,11,8,1,5,7,11,14,25
Montana,2020-10-21,,estimate based on partial data,9,11,8,2,5,7,11,14,25
South Carolina,2020-10-12,,estimate,9,11,8,2,5,8,11,14,25
Tennessee,2020-10-18,,estimate based on partial data,9,11,8,2,5,8,11,15,25
Kansas,2020-10-06,,estimate,9,11,8,2,5,8,11,15,27
Ohio,2020-10-31,,estimate based on partial data,9,12,10,2,5,8,11,16,30
Virginia,2020-11-04,,forecast,9,12,12,1,4,7,11,16,34
New Jersey,2020-11-07,,forecast,9,12,13,1,5,7,10,14,30
Montana,2020-11-05,,forecast,9,13,15,1,4,7,11,16,38
Maryland,2020-11-06,,forecast,9,14,99,2,5,7,11,15,30
Missouri,2020-09-24,,estimate,9,15,17,0,3,7,13,19,45
Tennessee,2020-11-15,,forecast,9,19,48,1,4,7,11,19,54
Utah,2020-11-06,,forecast,9,19,68,1,4,7,11,17,50
Montana,2020-11-09,,forecast,9,25,145,1,4,7,11,19,70
South Carolina,2020-11-09,,forecast,9,25,271,1,4,7,11,16,42
Tennessee,2020-11-22,,forecast,9,59,593,0,3,6,13,21,109
New Jersey,2020-11-14,,forecast,9,60,913,1,4,6,12,19,78
North Carolina,2020-11-15,,forecast,9,145,4669,1,4,7,12,18,59
Ohio,2020-11-14,,forecast,9,325,10003,0,4,7,13,23,140
New Jersey,2020-11-20,,forecast,9,3446,119480,0,3,5,13,27,184
Oregon,2020-11-10,,forecast,9,12842,491130,1,4,7,13,21,91
New Jersey,2020-11-21,,forecast,9,15729,623114,0,2,5,13,26,234
Georgia,2020-11-17,,forecast,9,54196,2203391,1,4,7,12,20,81
Ohio,2020-11-21,,forecast,9,62138,2162238,0,2,6,15,33,493
New Jersey,2020-11-28,,forecast,9,133353,2947978,0,2,5,15,36,735
South Carolina,2020-11-25,,forecast,9,141840,3048953,0,2,5,15,39,758
New Jersey,2020-11-27,,forecast,9,163525,4544839,0,2,5,15,37,595
Georgia,2020-11-28,,forecast,9,241971,5888123,0,2,6,13,23,234
Georgia,2020-11-26,,forecast,9,281144,8139180,0,3,6,13,23,171
Utah,2020-11-22,,forecast,9,408215,6608427,0,3,6,13,29,2261
Montana,2020-11-29,,forecast,9,488422,7280383,0,1,4,17,57,3801
Florida,2020-11-17,,forecast,9,639170,9091850,0,2,6,15,37,1613
Utah,2020-11-26,,forecast,9,689506,8779594,0,2,5,14,36,5882
Oregon,2020-11-28,,forecast,9,730667,9831643,0,2,6,15,38,2610
Florida,2020-11-25,,forecast,9,2004043,16106929,0,1,4,20,56,40511
Indiana,2020-10-12,,estimate,10,10,6,3,6,8,11,13,22
Minnesota,2020-10-11,,estimate,10,11,6,3,6,8,11,14,22
Illinois,2020-09-21,,estimate,10,11,6,3,6,8,11,14,23
Indiana,2020-10-18,,estimate based on partial data,10,11,6,3,7,9,11,14,22
Minnesota,2020-09-24,,estimate,10,11,6,3,7,9,11,14,23
Minnesota,2020-10-09,,estimate,10,11,6,3,7,9,12,15,23
Maryland,2020-10-27,,estimate based on partial data,10,11,7,3,6,8,11,14,23
Minnesota,2020-10-27,,estimate based on partial data,10,11,7,3,7,9,12,15,25
South Carolina,2020-09-20,,estimate,10,11,8,2,6,8,12,15,26
Tennessee,2020-10-25,,estimate based on partial data,10,11,8,2,6,8,12,15,28
Ohio,2020-10-03,,estimate,10,11,9,2,5,8,11,15,28
New Jersey,2020-10-20,,estimate based on partial data,10,12,7,3,7,9,12,15,25
Kansas,2020-10-26,,estimate based on partial data,10,12,9,2,5,8,12,16,30
Kansas,2020-10-08,,estimate,10,12,9,2,6,8,12,16,29
Kansas,2020-10-12,,estimate,10,12,9,2,6,8,13,16,30
Georgia,2020-10-26,,estimate based on partial data,10,12,9,2,6,9,12,16,28
Tennessee,2020-11-01,,estimate based on partial data,10,12,9,2,6,9,12,16,31
Kansas,2020-10-29,,estimate based on partial data,10,12,10,2,5,8,12,16,29
Virginia,2020-10-30,,estimate based on partial data,10,12,10,2,5,8,12,16,31
Virginia,2020-09-28,,estimate,10,12,10,2,6,8,12,17,30
Maryland,2020-11-05,,forecast,10,12,11,2,6,8,12,16,30
Maryland,2020-11-04,,forecast,10,12,12,2,6,8,12,15,27
Virginia,2020-10-31,,estimate based on partial data,10,13,12,2,6,9,13,17,34
Montana,2020-11-03,,forecast,10,13,13,1,5,8,12,17,38
Tennessee,2020-11-08,,forecast,10,14,15,1,5,8,12,18,40
California,2020-11-09,,forecast,10,14,19,2,6,9,12,17,36
North Carolina,2020-11-09,,forecast,10,15,48,2,6,8,12,16,35
Missouri,2020-10-01,,estimate,10,16,20,0,4,7,13,21,51
Missouri,2020-10-08,,estimate,10,17,22,0,4,7,14,22,59
Ohio,2020-11-07,,forecast,10,17,35,1,5,8,12,19,50
Minnesota,2020-11-09,,forecast,10,17,51,2,5,8,12,16,38
Georgia,2020-11-08,,forecast,10,21,249,1,5,8,13,18,38
Missouri,2020-11-05,,forecast,10,23,54,0,4,7,15,25,77
California,2020-11-15,,forecast,10,51,725,1,5,8,13,20,63
Montana,2020-11-16,,forecast,10,1415,34958,0,3,7,16,34,312
Missouri,2020-11-12,,forecast,10,2434,71947,0,4,7,15,29,135
Kansas,2020-11-06,,forecast,10,4565,169079,1,5,8,13,19,53
Utah,2020-11-13,,forecast,10,9409,295576,1,4,7,14,25,235
South Carolina,2020-11-17,,forecast,10,23060,734769,0,4,7,15,30,188
North Carolina,2020-11-22,,forecast,10,40123,1546892,0,4,7,15,27,195
South Carolina,2020-11-21,,forecast,10,56963,1662381,0,3,6,16,35,347
Missouri,2020-11-19,,forecast,10,94165,2707020,0,3,6,15,32,325
Utah,2020-11-18,,forecast,10,169362,3916523,0,4,7,15,32,949
Georgia,2020-11-27,,forecast,10,339560,6969560,0,3,7,15,26,218
Utah,2020-12-01,,forecast,10,858273,8583010,0,2,5,16,50,19575
Utah,2020-11-29,,forecast,10,994538,11082584,0,2,6,18,46,14440
Florida,2020-11-20,,forecast,10,1220247,12766417,0,2,6,20,52,7688
Massachusetts,2020-10-27,,estimate based on partial data,11,12,6,3,7,9,12,15,23
Minnesota,2020-10-01,,estimate,11,12,7,3,7,9,12,15,24
Minnesota,2020-10-10,,estimate,11,12,7,3,7,9,12,15,24
Illinois,2020-09-28,,estimate,11,12,7,3,7,9,12,15,25
Indiana,2020-09-23,,estimate,11,12,7,4,8,10,13,16,25
Illinois,2020-10-05,,estimate,11,13,7,3,8,10,13,17,27
South Carolina,2020-09-28,,estimate,11,13,8,3,6,9,13,17,29
South Carolina,2020-10-19,,estimate based on partial data,11,13,8,3,6,9,13,17,29
Massachusetts,2020-11-03,,forecast,11,13,8,4,7,10,13,17,28
Ohio,2020-09-21,,estimate,11,13,9,2,6,9,12,17,31
South Carolina,2020-11-02,,forecast,11,13,10,2,6,9,12,16,31
Kansas,2020-10-27,,estimate based on partial data,11,13,10,2,6,9,13,17,33
Kansas,2020-09-25,,estimate,11,13,10,2,6,9,14,18,31
Maryland,2020-11-03,,forecast,11,13,10,3,7,10,13,17,29
Montana,2020-10-31,,estimate based on partial data,11,13,11,2,6,9,13,18,33
Ohio,2020-10-15,,estimate based on partial data,11,14,10,2,6,9,13,18,31
Kansas,2020-09-30,,estimate,11,14,11,2,6,9,13,18,33
Missouri,2020-10-15,,estimate based on partial data,11,18,24,0,4,8,14,24,63
Missouri,2020-10-29,,estimate based on partial data,11,19,30,0,4,8,15,23,63
Maryland,2020-11-07,,forecast,11,24,413,2,7,9,13,18,36
Kansas,2020-11-04,,forecast,11,27,283,2,6,9,14,21,48
Montana,2020-11-12,,forecast,11,99,1374,1,4,8,15,26,138
Minnesota,2020-11-16,,forecast,11,330,3504,1,5,8,14,21,87
South Carolina,2020-11-13,,forecast,11,567,19500,1,5,8,15,24,102
North Carolina,2020-11-16,,forecast,11,1043,38968,1,5,8,15,22,91
Florida,2020-11-08,,forecast,11,1415,54379,1,5,8,14,23,99
Maryland,2020-11-11,,forecast,11,2663,118116,2,6,9,14,20,59
Maryland,2020-11-13,,forecast,11,25777,1151548,1,5,8,14,21,71
Maryland,2020-11-12,,forecast,11,27646,1235302,2,6,9,13,20,69
South Carolina,2020-11-18,,forecast,11,37631,1210419,0,4,7,17,35,260
South Carolina,2020-11-19,,forecast,11,40159,1137986,0,3,7,16,31,288
Georgia,2020-11-18,,forecast,11,128843,5612897,1,4,8,15,23,87
Missouri,2020-11-26,,forecast,11,208336,4241322,0,2,6,17,39,833
Oregon,2020-11-17,,forecast,11,221199,3999227,0,4,7,16,32,373
Minnesota,2020-10-18,,estimate based on partial data,12,13,7,3,8,10,13,17,25
Minnesota,2020-09-30,,estimate,12,13,7,3,8,10,13,17,27
Massachusetts,2020-09-28,,estimate,12,13,7,4,8,10,13,17,25
Indiana,2020-09-25,,estimate,12,13,7,4,8,10,13,17,26
Minnesota,2020-09-23,,estimate,12,13,7,4,8,10,13,17,26
Massachusetts,2020-09-21,,estimate,12,13,7,4,8,10,14,17,26
Minnesota,2020-10-08,,estimate,12,13,7,4,8,10,14,17,27
Massachusetts,2020-10-05,,estimate,12,13,7,4,8,11,14,17,25
Indiana,2020-09-24,,estimate,12,13,7,4,9,11,14,17,26
New Jersey,2020-10-22,,estimate based on partial data,12,13,8,4,8,10,14,17,28
New Jersey,2020-10-21,,estimate based on partial data,12,14,8,4,8,11,14,18,28
South Carolina,2020-10-26,,estimate based on partial data,12,14,9,3,7,10,13,18,32
Ohio,2020-10-08,,estimate,12,14,10,2,7,9,14,19,33
Georgia,2020-10-19,,estimate based on partial data,12,14,10,2,7,10,14,19,32
Kansas,2020-10-13,,estimate,12,14,10,2,7,10,14,19,33
Kansas,2020-10-19,,estimate based on partial data,12,14,10,2,7,10,14,19,34
Kansas,2020-10-22,,estimate based on partial data,12,14,10,2,7,10,14,19,34
Kansas,2020-10-15,,estimate based on partial data,12,14,10,2,7,10,15,19,33
Kansas,2020-09-23,,estimate,12,14,11,2,7,9,14,19,35
Montana,2020-10-23,,estimate based on partial data,12,14,12,2,7,9,14,19,35
Minnesota,2020-11-03,,forecast,12,15,10,4,8,11,15,19,34
Virginia,2020-10-09,,estimate,12,15,11,2,6,10,15,20,37
Kansas,2020-10-02,,estimate,12,15,11,2,7,10,15,20,34
Virginia,2020-10-29,,estimate based on partial data,12,15,12,2,6,9,14,19,38
Virginia,2020-11-03,,forecast,12,15,14,2,6,9,14,20,43
Massachusetts,2020-11-10,,forecast,12,16,18,3,7,10,15,20,39
Missouri,2020-09-22,,estimate,12,18,21,0,4,8,16,24,60
Missouri,2020-10-22,,estimate based on partial data,12,19,22,1,5,9,17,25,60
Georgia,2020-11-10,,forecast,12,51,799,2,6,9,15,22,54
Georgia,2020-11-19,,forecast,12,29163,822662,1,5,9,16,26,104
Maryland,2020-11-18,,forecast,12,34346,1530203,1,5,9,17,29,169
North Carolina,2020-11-29,,forecast,12,40093,1456515,0,3,7,19,38,501
Georgia,2020-11-21,,forecast,12,52399,1457316,0,4,8,16,26,132
North Carolina,2020-11-23,,forecast,12,56878,2187160,0,4,8,18,35,270
Maryland,2020-11-20,,forecast,12,64290,2857383,1,5,9,16,29,187
Maryland,2020-11-19,,forecast,12,72317,3226346,1,5,9,17,30,211
Maryland,2020-11-14,,forecast,12,103423,4623500,2,6,9,15,24,99
Montana,2020-11-23,,forecast,12,159207,4142105,0,3,7,21,62,1732
Utah,2020-11-20,,forecast,12,317272,5454715,0,4,8,18,41,1653
Florida,2020-11-14,,forecast,12,359735,7087831,1,4,8,18,39,616
Oregon,2020-11-24,,forecast,12,454795,6442303,0,3,7,19,46,1815
Utah,2020-11-25,,forecast,12,517059,6323062,0,3,8,19,47,5604
Missouri,2020-12-01,,forecast,12,584219,11252508,0,2,6,24,58,2174
Massachusetts,2020-10-12,,estimate,13,13,6,5,9,11,14,17,26
Indiana,2020-09-26,,estimate,13,14,7,4,9,11,14,17,27
Indiana,2020-10-19,,estimate based on partial data,13,14,7,4,9,11,14,18,27
Arkansas,2020-09-25,,estimate,13,14,7,4,9,11,15,18,27
Indiana,2020-09-30,,estimate,13,14,7,4,9,11,15,18,28
Massachusetts,2020-09-20,,estimate,13,14,7,5,9,12,15,18,28
Massachusetts,2020-09-27,,estimate,13,14,7,5,9,12,15,18,28
Massachusetts,2020-10-04,,estimate,13,14,7,5,9,12,15,19,29
Minnesota,2020-10-17,,estimate based on partial data,13,14,8,4,8,11,15,19,29
Minnesota,2020-10-16,,estimate based on partial data,13,14,8,4,9,11,14,17,28
Indiana,2020-10-25,,estimate based on partial data,13,14,8,4,9,11,15,18,29
California,2020-11-02,,forecast,13,15,8,4,9,11,15,19,29
Minnesota,2020-10-07,,estimate,13,15,8,4,9,11,15,19,29
Illinois,2020-10-12,,estimate,13,15,8,4,9,12,15,19,32
South Carolina,2020-10-09,,estimate,13,15,10,3,8,11,15,20,34
Tennessee,2020-09-28,,estimate,13,15,10,3,8,11,16,20,34
South Carolina,2020-09-21,,estimate,13,15,10,4,8,11,16,20,35
Ohio,2020-09-26,,estimate,13,15,11,2,7,10,15,20,35
Ohio,2020-10-22,,estimate based on partial data,13,15,11,2,7,10,15,20,35
Georgia,2020-11-01,,estimate based on partial data,13,15,12,3,7,10,15,20,38
Virginia,2020-09-21,,estimate,13,15,13,2,7,10,15,21,39
Virginia,2020-10-23,,estimate based on partial data,13,16,12,2,7,10,16,21,39
Montana,2020-10-28,,estimate based on partial data,13,16,12,2,7,11,15,21,39
Virginia,2020-10-28,,estimate based on partial data,13,16,12,2,7,11,16,21,41
Virginia,2020-10-16,,estimate based on partial data,13,16,13,2,7,10,15,21,40
Kansas,2020-10-20,,estimate based on partial data,13,16,13,3,8,11,16,21,40
Virginia,2020-10-10,,estimate,13,17,14,2,8,11,16,23,45
Florida,2020-11-02,,forecast,13,17,15,2,7,11,16,21,42
California,2020-11-08,,forecast,13,17,24,3,8,11,15,20,39
South Carolina,2020-11-06,,forecast,13,20,30,3,8,11,17,24,52
Missouri,2020-09-29,,estimate,13,21,24,0,5,9,18,28,62
Massachusetts,2020-11-17,,forecast,13,29,123,2,6,10,16,24,76
Montana,2020-11-10,,forecast,13,44,270,1,5,9,17,29,116
Massachusetts,2020-11-24,,forecast,13,170,3170,1,6,10,18,30,158
South Carolina,2020-11-14,,forecast,13,720,20481,2,6,10,18,30,133
Maryland,2020-11-10,,forecast,13,1139,49984,3,7,11,16,23,59
Tennessee,2020-11-30,,forecast,13,1521,43028,0,3,8,20,40,346
Montana,2020-11-19,,forecast,13,14591,538149,0,4,8,21,49,691
Ohio,2020-11-19,,forecast,13,28509,893678,0,4,8,21,43,482
Maryland,2020-11-27,,forecast,13,42326,1397330,0,4,9,19,41,645
Maryland,2020-11-25,,forecast,13,85764,3666044,0,4,9,21,41,512
Georgia,2020-11-20,,forecast,13,163530,5725021,1,5,9,18,29,137
Ohio,2020-11-26,,forecast,13,203468,4163164,0,3,7,23,62,1726
Missouri,2020-11-24,,forecast,13,206207,5248769,0,3,8,22,49,693
Oregon,2020-12-01,,forecast,13,671616,6935816,0,3,8,22,65,7406
Arkansas,2020-09-24,,estimate,14,15,8,5,9,12,15,20,29
Arkansas,2020-10-02,,estimate,14,15,8,5,9,12,16,19,28
Massachusetts,2020-10-11,,estimate,14,15,8,5,10,12,16,19,30
Massachusetts,2020-10-19,,estimate based on partial data,14,15,8,5,10,12,16,19,30
Arkansas,2020-10-09,,estimate,14,15,8,5,10,12,16,20,30
Indiana,2020-10-02,,estimate,14,15,8,5,10,12,16,20,30
Arkansas,2020-09-20,,estimate,14,15,8,5,10,13,16,20,30
New Jersey,2020-10-27,,estimate based on partial data,14,15,9,4,9,12,16,19,31
Tennessee,2020-10-05,,estimate,14,15,11,3,8,11,16,20,33
Massachusetts,2020-10-02,,estimate,14,16,8,5,10,12,17,20,30
Arkansas,2020-10-16,,estimate based on partial data,14,16,8,5,10,13,16,20,32
New Jersey,2020-10-29,,estimate based on partial data,14,16,9,4,9,12,16,21,33
New Jersey,2020-10-28,,estimate based on partial data,14,16,9,5,10,13,17,21,32
South Carolina,2020-10-02,,estimate,14,16,10,3,8,12,17,21,35
Tennessee,2020-09-21,,estimate,14,16,11,3,8,11,16,21,36
Georgia,2020-10-12,,estimate,14,16,11,3,8,12,16,21,37
Tennessee,2020-10-12,,estimate,14,16,11,3,9,12,17,21,36
Ohio,2020-10-01,,estimate,14,17,12,3,8,12,17,23,40
Kansas,2020-10-07,,estimate,14,17,12,3,8,12,18,23,41
Ohio,2020-10-29,,estimate based on partial data,14,17,13,3,8,11,17,22,42
Virginia,2020-10-08,,estimate,14,17,14,2,8,11,17,22,44
Virginia,2020-10-24,,estimate based on partial data,14,18,14,2,8,12,17,23,43
Virginia,2020-10-15,,estimate based on partial data,14,18,14,3,8,11,17,23,45
Kansas,2020-10-30,,estimate based on partial data,14,18,14,3,8,12,17,23,45
Ohio,2020-11-05,,forecast,14,21,26,2,8,11,18,25,59
Montana,2020-11-07,,forecast,14,25,45,2,7,11,18,27,79
New Jersey,2020-11-10,,forecast,14,29,103,2,8,11,19,28,76
Tennessee,2020-11-16,,forecast,14,36,139,1,6,11,19,30,103
South Carolina,2020-11-10,,forecast,14,42,375,2,7,10,18,27,87
Tennessee,2020-11-23,,forecast,14,97,931,0,4,10,20,36,172
Ohio,2020-11-12,,forecast,14,119,1864,1,7,11,19,31,130
South Carolina,2020-11-12,,forecast,14,139,2857,2,6,10,19,30,118
Georgia,2020-11-11,,forecast,14,201,7140,2,7,11,18,25,61
Massachusetts,2020-12-01,,forecast,14,868,15997,0,5,10,20,39,366
Georgia,2020-11-14,,forecast,14,6916,301996,2,7,11,18,28,83
Minnesota,2020-11-23,,forecast,14,19378,229387,0,5,10,18,31,249
Maryland,2020-11-21,,forecast,14,32506,1403502,1,5,9,18,32,268
Maryland,2020-11-17,,forecast,14,40608,1811189,1,6,10,19,31,163
Maryland,2020-11-26,,forecast,14,53423,1908631,0,4,9,21,43,572
North Carolina,2020-11-30,,forecast,14,98363,3603635,0,3,9,23,51,617
California,2020-11-28,,forecast,14,119088,3080275,0,4,9,21,44,536
Missouri,2020-11-17,,forecast,14,186560,5086604,0,4,9,21,43,375
Montana,2020-11-30,,forecast,14,685293,9932788,0,2,7,30,108,8521
Utah,2020-11-27,,forecast,14,833759,10137959,0,3,8,23,65,14416
Florida,2020-11-19,,forecast,14,1109208,11676538,0,3,8,24,63,4972
Massachusetts,2020-09-26,,estimate,15,16,8,5,10,13,17,20,30
Massachusetts,2020-10-09,,estimate,15,16,8,5,10,13,17,20,30
Indiana,2020-10-01,,estimate,15,16,8,5,10,13,17,20,31
Massachusetts,2020-09-25,,estimate,15,16,8,5,10,13,17,20,31
Massachusetts,2020-10-03,,estimate,15,16,8,5,10,13,17,20,31
Arkansas,2020-09-21,,estimate,15,16,8,5,10,13,17,21,31
Arkansas,2020-09-22,,estimate,15,16,8,5,10,13,17,21,31
Arkansas,2020-10-23,,estimate based on partial data,15,16,8,5,10,13,17,21,32
Indiana,2020-10-03,,estimate,15,16,8,5,10,13,17,21,32
Arkansas,2020-09-23,,estimate,15,16,8,5,11,13,17,21,32
Minnesota,2020-10-15,,estimate based on partial data,15,16,9,5,10,13,17,21,32
Illinois,2020-09-20,,estimate,15,16,9,5,10,13,17,21,33
Minnesota,2020-10-25,,estimate based on partial data,15,16,9,5,10,13,17,21,33
Massachusetts,2020-10-18,,estimate based on partial data,15,17,8,5,11,13,17,21,33
South Carolina,2020-10-06,,estimate,15,17,11,4,9,13,18,23,38
New Jersey,2020-11-03,,forecast,15,17,12,4,9,12,17,23,40
South Carolina,2020-10-16,,estimate based on partial data,15,17,12,4,9,12,18,23,39
Georgia,2020-10-05,,estimate,15,18,12,3,9,13,18,24,41
Kansas,2020-10-28,,estimate based on partial data,15,18,13,3,9,12,18,24,46
Ohio,2020-10-13,,estimate,15,18,13,3,9,13,19,25,43
Virginia,2020-10-17,,estimate based on partial data,15,18,14,3,8,12,18,25,46
Virginia,2020-10-22,,estimate based on partial data,15,18,15,2,8,11,18,24,47
Virginia,2020-10-02,,estimate,15,18,15,3,8,12,17,24,46
Kansas,2020-10-09,,estimate,15,19,14,3,9,13,18,24,45
Virginia,2020-10-07,,estimate,15,19,15,3,9,12,18,25,48
New Jersey,2020-11-05,,forecast,15,19,15,4,9,13,18,24,46
Missouri,2020-10-20,,estimate based on partial data,15,23,28,0,6,11,19,31,75
Missouri,2020-10-06,,estimate,15,24,31,0,6,11,20,31,81
Missouri,2020-11-03,,forecast,15,28,39,1,6,11,20,34,96
Minnesota,2020-11-10,,forecast,15,34,159,3,8,12,18,25,63
New Jersey,2020-11-12,,forecast,15,50,475,2,7,12,20,31,108
South Carolina,2020-11-11,,forecast,15,90,1560,2,7,12,19,31,110
Georgia,2020-11-12,,forecast,15,300,10876,2,8,12,19,28,73
Missouri,2020-11-10,,forecast,15,423,12802,0,5,10,21,37,142
Montana,2020-11-17,,forecast,15,3398,87601,1,5,10,23,50,539
Maryland,2020-11-28,,forecast,15,55076,1714733,0,5,10,23,50,861
Montana,2020-11-26,,forecast,15,253674,3916210,0,3,8,27,81,3513
New Jersey,2020-12-01,,forecast,15,255005,4151233,0,2,7,29,83,1936
Minnesota,2020-11-30,,forecast,15,937649,10358652,0,5,11,22,45,892
Massachusetts,2020-10-16,,estimate based on partial data,16,17,8,6,11,14,18,22,34
California,2020-10-26,,estimate based on partial data,16,17,9,5,10,13,17,22,32
Arkansas,2020-10-01,,estimate,16,17,9,5,11,14,18,21,33
Arkansas,2020-09-27,,estimate,16,17,9,5,11,14,18,22,33
Massachusetts,2020-10-10,,estimate,16,17,9,5,11,14,18,22,33
Arkansas,2020-10-30,,estimate based on partial data,16,17,9,5,11,14,18,22,34
Massachusetts,2020-10-26,,estimate based on partial data,16,17,9,5,11,14,18,22,34
Arkansas,2020-09-26,,estimate,16,17,9,6,11,14,18,21,33
Indiana,2020-10-07,,estimate,16,17,9,6,11,14,18,22,33
Illinois,2020-10-19,,estimate based on partial data,16,17,10,4,10,13,18,22,36
Arkansas,2020-09-30,,estimate,16,18,9,6,11,14,18,22,34
Arkansas,2020-10-22,,estimate based on partial data,16,18,9,6,11,14,19,23,35
Indiana,2020-09-22,,estimate,16,18,9,6,11,14,19,23,35
Arkansas,2020-09-28,,estimate,16,18,9,6,12,15,19,23,35
Minnesota,2020-10-23,,estimate based on partial data,16,18,10,5,11,14,18,22,37
Illinois,2020-09-27,,estimate,16,18,10,5,11,14,18,23,36
Minnesota,2020-10-24,,estimate based on partial data,16,18,10,5,11,14,18,23,36
California,2020-11-01,,estimate based on partial data,16,18,10,6,11,14,18,23,36
Indiana,2020-10-26,,estimate based on partial data,16,18,10,6,11,14,19,23,37
Tennessee,2020-10-19,,estimate based on partial data,16,18,12,4,9,13,19,24,38
South Carolina,2020-10-13,,estimate,16,18,12,4,10,13,18,23,40
South Carolina,2020-10-08,,estimate,16,19,12,4,10,14,19,24,42
Georgia,2020-10-25,,estimate based on partial data,16,19,13,4,10,13,19,25,43
Tennessee,2020-10-26,,estimate based on partial data,16,19,13,4,10,13,19,25,43
Virginia,2020-10-14,,estimate,16,19,14,2,9,13,19,25,45
New Jersey,2020-11-04,,forecast,16,19,14,5,10,14,19,25,46
Georgia,2020-11-03,,forecast,16,19,16,3,9,13,19,24,47
Virginia,2020-10-21,,estimate based on partial data,16,20,15,3,9,13,19,26,49
Tennessee,2020-11-02,,forecast,16,20,15,4,10,14,20,26,47
Virginia,2020-10-27,,estimate based on partial data,16,20,16,3,9,13,20,27,50
Tennessee,2020-11-09,,forecast,16,22,24,3,8,12,20,29,65
Missouri,2020-10-13,,estimate,16,24,28,1,6,11,21,31,78
Missouri,2020-10-27,,estimate based on partial data,16,25,28,1,7,12,22,35,78
New Jersey,2020-11-11,,forecast,16,35,108,2,8,13,21,31,95
New Jersey,2020-11-17,,forecast,16,981,31798,1,6,11,22,38,192
Georgia,2020-11-13,,forecast,16,2602,104707,2,8,13,22,32,93
New Jersey,2020-11-19,,forecast,16,5658,216262,1,5,10,23,42,277
Maryland,2020-11-24,,forecast,16,29749,1182311,1,6,11,22,44,506
Florida,2020-11-10,,forecast,16,51025,1911397,2,7,12,22,38,277
New Jersey,2020-11-24,,forecast,16,71565,2429139,0,3,9,25,56,720
New Jersey,2020-11-26,,forecast,16,147435,3775909,0,3,9,25,61,850
Florida,2020-11-18,,forecast,16,989821,11308475,0,4,9,25,60,4243
Arkansas,2020-09-29,,estimate,17,18,9,6,11,15,19,23,36
Arkansas,2020-10-08,,estimate,17,18,9,6,12,15,19,23,36
Arkansas,2020-10-15,,estimate based on partial data,17,18,9,6,12,15,19,23,36
Arkansas,2020-10-03,,estimate,17,18,9,6,12,15,19,24,36
Massachusetts,2020-10-17,,estimate based on partial data,17,18,9,6,12,15,20,24,35
Minnesota,2020-10-14,,estimate,17,18,10,6,11,15,19,23,37
Massachusetts,2020-10-25,,estimate based on partial data,17,19,9,6,12,15,19,24,35
Indiana,2020-10-09,,estimate,17,19,9,6,12,15,20,24,36
Arkansas,2020-10-07,,estimate,17,19,9,7,12,15,20,24,36
Arkansas,2020-10-04,,estimate,17,19,10,6,12,15,20,24,37
Indiana,2020-11-01,,estimate based on partial data,17,19,10,6,12,15,20,24,38
Massachusetts,2020-11-02,,forecast,17,19,10,6,12,15,20,24,38
South Carolina,2020-09-29,,estimate,17,19,12,5,11,14,20,26,42
South Carolina,2020-10-30,,estimate based on partial data,17,19,13,4,10,14,19,25,42
South Carolina,2020-10-23,,estimate based on partial data,17,19,13,4,10,14,19,25,44
South Carolina,2020-10-10,,estimate,17,19,13,4,10,14,19,25,45
South Carolina,2020-09-25,,estimate,17,20,13,4,11,15,21,26,44
Ohio,2020-10-20,,estimate based on partial data,17,20,14,4,10,14,20,26,48
Georgia,2020-09-28,,estimate,17,20,14,5,10,14,20,27,46
Ohio,2020-10-06,,estimate,17,20,15,4,10,14,21,27,48
Montana,2020-10-30,,estimate based on partial data,17,20,16,3,10,14,20,27,49
Kansas,2020-10-23,,estimate based on partial data,17,21,15,4,10,15,21,27,49
Virginia,2020-10-03,,estimate,17,21,17,3,9,14,21,28,52
Virginia,2020-10-01,,estimate,17,21,17,3,10,14,21,27,50
South Carolina,2020-11-03,,forecast,17,21,17,4,10,14,20,27,51
Arkansas,2020-11-06,,forecast,17,23,28,6,11,15,20,26,51
Montana,2020-11-04,,forecast,17,24,24,3,9,14,21,29,64
South Carolina,2020-11-07,,forecast,17,26,73,3,10,14,21,29,70
Montana,2020-11-14,,forecast,17,449,7536,1,7,12,25,47,318
Minnesota,2020-11-17,,forecast,17,1071,11845,2,9,13,23,34,158
New Jersey,2020-11-18,,forecast,17,2273,67554,1,6,12,23,43,250
California,2020-12-01,,forecast,17,196343,3670101,0,3,10,26,62,1134
Ohio,2020-12-01,,forecast,17,491099,7045782,0,3,9,34,112,7201
Massachusetts,2020-10-23,,estimate based on partial data,18,19,9,6,12,16,20,25,37
Arkansas,2020-10-29,,estimate based on partial data,18,19,10,6,12,15,20,24,36
Arkansas,2020-10-21,,estimate based on partial data,18,19,10,6,12,16,20,24,37
Massachusetts,2020-10-01,,estimate,18,19,10,7,12,16,20,24,38
Arkansas,2020-10-18,,estimate based on partial data,18,19,10,7,12,16,20,25,37
California,2020-10-19,,estimate based on partial data,18,19,10,7,12,16,20,25,37
Arkansas,2020-10-14,,estimate,18,19,10,7,12,16,20,25,38
Illinois,2020-10-04,,estimate,18,19,11,6,12,15,20,25,39
Arkansas,2020-10-20,,estimate based on partial data,18,20,10,6,12,16,20,25,39
Minnesota,2020-10-22,,estimate based on partial data,18,20,10,6,13,16,20,25,38
Arkansas,2020-10-17,,estimate based on partial data,18,20,10,6,13,16,21,25,37
Arkansas,2020-10-05,,estimate,18,20,10,6,13,16,21,25,38
Arkansas,2020-10-06,,estimate,18,20,10,6,13,16,21,25,38
Arkansas,2020-10-28,,estimate based on partial data,18,20,10,6,13,16,21,25,39
Arkansas,2020-10-13,,estimate,18,20,10,6,13,16,21,26,38
Arkansas,2020-10-25,,estimate based on partial data,18,20,10,7,13,16,20,25,38
Massachusetts,2020-10-08,,estimate,18,20,10,7,13,16,20,25,39
Arkansas,2020-10-11,,estimate,18,20,10,7,13,16,21,25,38
Indiana,2020-10-08,,estimate,18,20,10,7,13,16,21,25,38
Massachusetts,2020-09-24,,estimate,18,20,10,7,13,16,21,25,38
Arkansas,2020-10-24,,estimate based on partial data,18,20,10,7,13,16,21,25,39
Arkansas,2020-10-10,,estimate,18,20,10,7,13,16,21,26,38
Indiana,2020-10-10,,estimate,18,20,10,7,13,16,21,26,39
Massachusetts,2020-11-01,,estimate based on partial data,18,20,10,7,13,16,21,26,39
Massachusetts,2020-10-24,,estimate based on partial data,18,20,10,7,13,16,21,26,40
Minnesota,2020-11-01,,estimate based on partial data,18,20,11,6,12,15,20,25,41
Illinois,2020-10-26,,estimate based on partial data,18,20,11,6,13,16,21,26,41
South Carolina,2020-10-01,,estimate,18,20,13,4,11,15,20,26,43
South Carolina,2020-10-07,,estimate,18,20,13,5,11,15,21,26,44
South Carolina,2020-10-03,,estimate,18,20,14,5,11,15,21,27,47
South Carolina,2020-10-15,,estimate based on partial data,18,21,13,5,11,15,22,27,46
South Carolina,2020-10-20,,estimate based on partial data,18,21,13,5,11,16,21,27,45
Kansas,2020-10-16,,estimate based on partial data,18,22,16,4,10,15,22,29,52
Kansas,2020-10-14,,estimate,18,22,17,4,10,15,21,28,54
Virginia,2020-10-13,,estimate,18,22,18,4,10,14,22,30,57
Georgia,2020-11-04,,forecast,18,22,18,4,10,15,22,28,55
Massachusetts,2020-11-09,,forecast,18,23,22,5,12,15,21,28,55
South Carolina,2020-11-05,,forecast,18,24,25,4,10,14,21,29,64
Georgia,2020-11-07,,forecast,18,29,158,4,10,15,23,31,64
California,2020-11-21,,forecast,18,2497,56491,1,7,13,24,43,238
Maryland,2020-12-01,,forecast,18,92091,2287155,0,5,11,27,63,1401
New Jersey,2020-11-25,,forecast,18,99232,2924646,0,3,10,28,63,805
Ohio,2020-11-24,,forecast,18,158691,3357253,0,5,11,30,81,1881
Montana,2020-11-24,,forecast,18,248151,5566092,0,4,11,31,94,2489
Arkansas,2020-10-12,,estimate,19,20,10,7,13,16,21,25,39
Arkansas,2020-10-26,,estimate based on partial data,19,20,10,7,13,16,21,26,39
California,2020-10-25,,estimate based on partial data,19,20,10,7,13,16,21,26,39
Arkansas,2020-10-19,,estimate based on partial data,19,20,10,7,13,17,21,26,39
Massachusetts,2020-09-30,,estimate,19,21,10,7,13,17,21,26,40
Arkansas,2020-10-27,,estimate based on partial data,19,21,10,7,13,17,22,26,39
Massachusetts,2020-10-07,,estimate,19,21,10,7,13,17,22,26,40
California,2020-10-12,,estimate,19,21,10,7,13,17,22,27,39
Massachusetts,2020-10-30,,estimate based on partial data,19,21,10,7,14,17,22,27,39
Massachusetts,2020-09-23,,estimate,19,21,10,7,14,17,22,27,40
Indiana,2020-09-29,,estimate,19,21,11,7,13,16,21,26,40
Arkansas,2020-10-31,,estimate based on partial data,19,21,11,7,14,17,22,27,42
Illinois,2020-10-11,,estimate,19,22,12,6,13,17,23,28,44
South Carolina,2020-10-27,,estimate based on partial data,19,22,14,5,11,16,22,28,47
South Carolina,2020-10-14,,estimate,19,22,14,5,12,16,22,29,47
South Carolina,2020-09-30,,estimate,19,22,14,6,12,16,22,29,49
Georgia,2020-10-18,,estimate based on partial data,19,22,15,5,12,16,23,28,51
Georgia,2020-10-27,,estimate based on partial data,19,22,15,5,12,16,23,30,50
Kansas,2020-10-21,,estimate based on partial data,19,23,16,4,11,16,23,30,55
Ohio,2020-10-27,,estimate based on partial data,19,23,17,4,11,16,23,30,56
Florida,2020-11-01,,estimate based on partial data,19,23,18,4,11,16,23,31,58
Ohio,2020-11-10,,forecast,19,74,559,2,9,15,26,44,150
Arkansas,2020-11-13,,forecast,19,186,3532,5,12,16,23,33,167
Ohio,2020-11-17,,forecast,19,10426,328760,1,7,13,28,59,498
California,2020-11-27,,forecast,19,54175,1349164,0,5,12,29,57,558
Florida,2020-11-13,,forecast,19,276212,5852055,2,7,13,28,56,830
Arkansas,2020-11-01,,estimate based on partial data,20,22,11,7,13,17,22,28,43
Massachusetts,2020-10-15,,estimate based on partial data,20,22,11,8,14,18,23,28,42
Minnesota,2020-10-31,,estimate based on partial data,20,22,12,7,13,17,22,28,44
Minnesota,2020-10-30,,estimate based on partial data,20,22,12,7,13,17,23,27,44
Indiana,2020-10-14,,estimate,20,22,12,8,14,18,23,28,43
Arkansas,2020-11-02,,forecast,20,23,13,7,14,18,23,29,47
South Carolina,2020-10-22,,estimate based on partial data,20,23,14,6,13,17,23,30,50
South Carolina,2020-10-17,,estimate based on partial data,20,23,15,5,12,17,23,30,50
Ohio,2020-09-24,,estimate,20,23,16,4,11,16,23,30,52
Ohio,2020-10-16,,estimate based on partial data,20,23,16,4,12,16,23,30,56
Georgia,2020-09-21,,estimate,20,23,16,5,12,16,23,30,51
South Carolina,2020-10-29,,estimate based on partial data,20,24,15,6,13,17,24,31,53
Florida,2020-10-26,,estimate based on partial data,20,24,17,5,12,16,24,32,54
Virginia,2020-10-20,,estimate based on partial data,20,24,18,4,11,16,24,32,58
Virginia,2020-09-25,,estimate,20,24,18,4,11,16,24,32,59
Massachusetts,2020-11-08,,forecast,20,24,18,6,13,18,24,31,53
Virginia,2020-10-06,,estimate,20,24,19,4,11,16,23,32,59
Arkansas,2020-11-04,,forecast,20,24,20,7,14,18,23,30,52
Arkansas,2020-11-05,,forecast,20,24,22,7,13,17,23,29,53
Virginia,2020-09-30,,estimate,20,25,20,4,11,16,24,32,63
South Carolina,2020-11-04,,forecast,20,25,21,5,12,16,24,33,63
Georgia,2020-11-05,,forecast,20,25,23,4,11,16,24,33,64
Ohio,2020-11-03,,forecast,20,27,26,4,12,16,25,34,71
Minnesota,2020-11-08,,forecast,20,32,68,5,12,17,24,33,68
Massachusetts,2020-11-16,,forecast,20,42,167,3,10,16,24,35,111
Massachusetts,2020-11-23,,forecast,20,114,1112,2,9,15,28,44,248
Arkansas,2020-11-20,,forecast,20,28463,843420,4,11,16,27,43,633
Montana,2020-11-21,,forecast,20,38422,1126108,0,5,12,35,79,1500
California,2020-11-26,,forecast,20,46628,1298498,0,6,12,29,56,566
Massachusetts,2020-10-14,,estimate,21,22,11,7,14,18,23,28,42
Minnesota,2020-10-21,,estimate based on partial data,21,22,12,8,14,18,23,29,46
California,2020-10-18,,estimate based on partial data,21,23,11,8,15,18,24,29,43
Massachusetts,2020-10-31,,estimate based on partial data,21,23,12,7,14,18,24,29,44
Illinois,2020-09-22,,estimate,21,23,12,7,14,18,24,30,46
Indiana,2020-11-02,,forecast,21,24,14,8,15,19,25,31,50
Arkansas,2020-11-03,,forecast,21,24,15,7,14,18,24,31,51
South Carolina,2020-10-24,,estimate based on partial data,21,24,16,5,13,18,25,32,54
South Carolina,2020-10-31,,estimate based on partial data,21,24,17,5,13,18,24,32,58
Ohio,2020-10-09,,estimate,21,25,17,4,12,17,25,32,58
South Carolina,2020-10-28,,estimate based on partial data,21,25,17,6,13,18,25,33,56
Massachusetts,2020-11-06,,forecast,21,25,18,7,14,19,25,31,56
Ohio,2020-10-14,,estimate,21,25,19,4,12,17,24,33,63
Montana,2020-11-06,,forecast,21,33,42,3,11,17,26,40,102
Montana,2020-11-11,,forecast,21,112,883,2,9,15,29,50,243
Arkansas,2020-11-12,,forecast,21,137,2309,6,13,17,25,37,153
Massachusetts,2020-11-30,,forecast,21,1937,56640,1,8,15,29,58,600
Minnesota,2020-11-24,,forecast,21,57100,647898,1,8,15,28,49,421
North Carolina,2020-10-03,,estimate,22,23,10,9,16,20,24,28,41
North Carolina,2020-10-10,,estimate,22,23,11,8,15,19,24,29,43
Massachusetts,2020-10-22,,estimate based on partial data,22,24,12,8,16,20,25,31,46
Indiana,2020-10-16,,estimate based on partial data,22,24,12,9,16,20,25,31,45
Illinois,2020-09-26,,estimate,22,25,13,8,15,19,26,32,48
Georgia,2020-10-11,,estimate,22,25,15,5,14,18,26,33,53
South Carolina,2020-09-26,,estimate,22,25,16,6,13,19,26,33,56
South Carolina,2020-09-22,,estimate,22,25,16,6,14,19,26,33,56
South Carolina,2020-09-24,,estimate,22,25,16,6,14,19,26,33,56
South Carolina,2020-10-21,,estimate based on partial data,22,25,16,6,14,19,26,33,56
Illinois,2020-11-02,,forecast,22,25,16,7,14,19,25,32,55
Georgia,2020-10-28,,estimate based on partial data,22,26,17,5,14,19,26,34,58
Ohio,2020-09-29,,estimate,22,26,18,5,13,18,26,34,60
Ohio,2020-10-23,,estimate based on partial data,22,26,19,5,13,18,26,34,64
Ohio,2020-10-07,,estimate,22,27,19,5,14,19,27,35,64
Georgia,2020-10-31,,estimate based on partial data,22,28,20,6,14,19,27,35,66
Virginia,2020-09-26,,estimate,22,28,22,4,13,18,27,37,67
Minnesota,2020-11-06,,forecast,22,28,27,6,14,18,26,34,62
Georgia,2020-11-06,,forecast,22,29,70,4,12,18,26,35,71
Arkansas,2020-11-07,,forecast,22,31,65,7,14,19,26,34,67
Arkansas,2020-11-08,,forecast,22,38,193,7,14,18,25,34,80
Massachusetts,2020-11-15,,forecast,22,39,81,5,12,17,27,38,102
Arkansas,2020-11-19,,forecast,22,8631,195865,4,12,18,29,47,578
California,2020-11-24,,forecast,22,14464,339389,1,8,15,32,58,504
Ohio,2020-11-20,,forecast,22,93892,2912847,1,7,15,35,77,1004
Arkansas,2020-11-27,,forecast,22,195164,3304373,2,10,17,29,59,2303
Ohio,2020-11-27,,forecast,22,282085,5679919,0,4,12,38,108,3943
California,2020-10-05,,estimate,23,25,12,8,16,20,26,31,48
California,2020-10-11,,estimate,23,25,12,9,16,20,26,32,48
Massachusetts,2020-10-21,,estimate based on partial data,23,25,12,9,16,21,27,32,48
Indiana,2020-10-15,,estimate based on partial data,23,25,12,9,17,20,26,31,48
Minnesota,2020-10-29,,estimate based on partial data,23,25,13,8,16,20,26,32,49
Illinois,2020-09-29,,estimate,23,25,14,8,15,20,26,32,50
Illinois,2020-10-18,,estimate based on partial data,23,25,14,8,15,20,26,32,50
Georgia,2020-10-20,,estimate based on partial data,23,26,17,6,14,19,26,33,55
Tennessee,2020-09-23,,estimate,23,27,17,6,15,20,27,35,62
Tennessee,2020-09-30,,estimate,23,27,18,6,15,20,27,36,63
Ohio,2020-10-21,,estimate based on partial data,23,27,19,5,14,19,27,35,62
Massachusetts,2020-11-07,,forecast,23,27,19,7,15,19,27,34,61
Indiana,2020-11-08,,forecast,23,32,101,8,16,20,27,35,69
Minnesota,2020-11-07,,forecast,23,33,61,7,14,18,27,36,72
Missouri,2020-09-23,,estimate,23,35,39,1,9,16,32,49,107
Massachusetts,2020-11-13,,forecast,23,36,67,5,14,19,28,38,93
Arkansas,2020-11-09,,forecast,23,44,209,7,15,19,27,37,98
Arkansas,2020-11-10,,forecast,23,72,798,7,14,19,27,37,107
California,2020-11-14,,forecast,23,76,682,4,13,19,30,43,132
Massachusetts,2020-11-20,,forecast,23,87,487,3,11,18,30,47,183
Massachusetts,2020-11-22,,forecast,23,103,654,2,11,18,30,48,248
Arkansas,2020-11-11,,forecast,23,119,2048,7,14,19,28,38,135
Florida,2020-11-07,,forecast,23,290,5070,4,12,18,29,46,146
Arkansas,2020-11-14,,forecast,23,299,4996,6,14,19,29,42,223
Ohio,2020-11-25,,forecast,23,215345,4271847,0,5,14,41,108,2713
Missouri,2020-11-25,,forecast,23,498346,10568154,0,5,13,38,90,1889
Montana,2020-12-01,,forecast,23,873615,9993307,0,2,11,46,172,17012
Indiana,2020-10-06,,estimate,24,25,12,9,17,21,27,32,48
North Carolina,2020-09-26,,estimate,24,26,12,9,18,22,27,33,49
North Carolina,2020-10-17,,estimate based on partial data,24,26,12,10,17,21,27,32,48
Illinois,2020-10-03,,estimate,24,27,15,9,16,21,28,34,53
Tennessee,2020-10-03,,estimate,24,27,17,6,15,20,28,36,62
Tennessee,2020-10-07,,estimate,24,28,18,6,14,20,28,37,63
Georgia,2020-10-04,,estimate,24,28,18,6,15,20,28,37,62
Tennessee,2020-09-26,,estimate,24,28,19,6,15,20,28,36,63
Tennessee,2020-10-10,,estimate,24,28,19,6,15,20,28,37,64
Virginia,2020-09-24,,estimate,24,28,21,4,14,19,28,37,68
Missouri,2020-09-30,,estimate,24,38,45,2,10,18,33,53,112
Massachusetts,2020-11-14,,forecast,24,40,87,5,14,19,30,40,112
Tennessee,2020-11-21,,forecast,24,146,1581,1,8,17,35,60,265
Ohio,2020-11-13,,forecast,24,382,6811,3,10,17,33,55,270
Tennessee,2020-11-25,,forecast,24,418,7218,0,7,16,35,64,402
Tennessee,2020-11-28,,forecast,24,875,15227,0,6,15,36,68,515
Arkansas,2020-11-15,,forecast,24,889,23164,6,14,19,29,42,248
Massachusetts,2020-11-29,,forecast,24,1054,25101,1,10,18,33,58,427
Tennessee,2020-12-01,,forecast,24,7200,228012,0,6,15,39,78,791
Arkansas,2020-11-18,,forecast,24,12981,362873,5,13,19,31,51,469
Florida,2020-11-12,,forecast,24,193438,5266372,2,10,17,36,67,844
Arkansas,2020-11-26,,forecast,24,246159,4422734,3,11,18,32,63,2141
Montana,2020-11-28,,forecast,24,613494,9367882,0,4,13,48,156,9979
Indiana,2020-10-17,,estimate based on partial data,25,27,13,10,17,22,28,33,50
Massachusetts,2020-10-29,,estimate based on partial data,25,27,13,10,18,22,28,35,52
Massachusetts,2020-10-28,,estimate based on partial data,25,27,13,10,18,22,29,35,51
Minnesota,2020-10-28,,estimate based on partial data,25,27,14,9,17,22,28,35,54
Illinois,2020-10-06,,estimate,25,28,15,8,17,22,29,35,57
South Carolina,2020-09-23,,estimate,25,29,19,7,16,21,30,38,64
Georgia,2020-10-29,,estimate based on partial data,25,29,20,7,15,20,29,38,68
Tennessee,2020-10-14,,estimate,25,29,20,7,16,21,29,38,69
Ohio,2020-10-30,,estimate based on partial data,25,29,22,6,14,20,29,38,69
Ohio,2020-10-02,,estimate,25,30,21,6,15,20,29,39,70
Virginia,2020-09-29,,estimate,25,31,23,5,15,21,31,41,75
Ohio,2020-11-06,,forecast,25,40,58,4,14,20,31,45,114
Tennessee,2020-11-18,,forecast,25,81,471,2,10,18,34,55,222
Massachusetts,2020-11-21,,forecast,25,111,771,3,12,19,32,53,247
Minnesota,2020-11-15,,forecast,25,379,3640,4,13,20,32,46,188
Massachusetts,2020-11-27,,forecast,25,557,11006,1,10,18,33,61,447
Massachusetts,2020-11-28,,forecast,25,766,13732,1,11,19,36,68,476
California,2020-11-19,,forecast,25,903,18595,2,11,19,33,56,303
California,2020-11-20,,forecast,25,1495,30242,2,10,18,33,57,300
Arkansas,2020-11-16,,forecast,25,1705,39185,5,14,20,31,47,330
Arkansas,2020-11-17,,forecast,25,4612,119728,5,14,20,31,48,377
California,2020-11-25,,forecast,25,29344,655253,1,8,17,36,67,663
Arkansas,2020-11-21,,forecast,25,72334,2387545,4,13,19,33,55,899
Missouri,2020-11-18,,forecast,25,290186,7938281,1,7,15,37,76,558
Minnesota,2020-12-01,,forecast,25,960675,10754331,0,8,17,38,77,1198
Tennessee,2020-10-17,,estimate based on partial data,26,30,19,6,15,21,30,39,67
Tennessee,2020-10-06,,estimate,26,30,19,6,16,22,31,39,68
Ohio,2020-10-28,,estimate based on partial data,26,30,21,6,15,21,31,40,71
Georgia,2020-10-13,,estimate,26,31,20,7,17,22,30,40,69
Minnesota,2020-11-05,,forecast,26,31,23,8,17,22,30,40,67
Virginia,2020-09-23,,estimate,26,32,24,6,15,21,31,41,79
Illinois,2020-11-09,,forecast,26,40,134,7,16,22,31,42,90
Tennessee,2020-11-11,,forecast,26,41,55,4,14,21,33,50,124
Montana,2020-11-13,,forecast,26,490,11899,2,11,18,37,69,379
Ohio,2020-11-18,,forecast,26,13619,391241,1,9,17,38,78,834
Montana,2020-11-18,,forecast,26,17599,473555,1,8,16,40,86,1175
Arkansas,2020-11-22,,forecast,26,117664,3258531,4,13,20,33,57,1100
Arkansas,2020-11-23,,forecast,26,129045,3573791,4,13,20,35,63,1351
Indiana,2020-10-21,,estimate based on partial data,27,29,14,10,19,24,30,37,54
Illinois,2020-10-10,,estimate,27,30,16,10,19,24,31,38,60
Illinois,2020-10-25,,estimate based on partial data,27,30,16,10,19,24,31,38,61
Tennessee,2020-09-29,,estimate,27,31,19,6,16,23,32,40,67
Georgia,2020-10-21,,estimate based on partial data,27,31,19,7,17,23,32,41,69
Massachusetts,2020-11-05,,forecast,27,31,19,10,18,23,31,40,69
Tennessee,2020-09-22,,estimate,27,31,20,8,17,23,31,40,69
Tennessee,2020-10-13,,estimate,27,31,22,7,16,22,32,40,69
Tennessee,2020-10-21,,estimate based on partial data,27,32,21,8,17,23,32,42,71
Florida,2020-09-28,,estimate,27,32,25,7,16,22,32,42,76
Georgia,2020-10-30,,estimate based on partial data,27,33,22,7,17,23,32,43,74
Ohio,2020-11-04,,forecast,27,38,46,5,15,22,34,47,103
Missouri,2020-10-14,,estimate,27,42,47,1,11,19,36,54,129
Tennessee,2020-11-14,,forecast,27,49,99,4,13,20,34,52,155
Ohio,2020-11-11,,forecast,27,118,933,4,12,20,35,58,225
Minnesota,2020-11-13,,forecast,27,165,1419,5,15,22,33,45,138
Tennessee,2020-11-24,,forecast,27,261,3338,1,8,18,39,70,429
Arkansas,2020-11-24,,forecast,27,149918,3676776,4,13,21,36,67,1537
Arkansas,2020-11-25,,forecast,27,161655,3470648,3,13,20,35,66,1928
Arkansas,2020-11-29,,forecast,27,363161,5742579,3,13,20,38,78,4002
North Carolina,2020-10-09,,estimate,28,30,13,12,22,26,31,38,55
California,2020-10-04,,estimate,28,30,14,11,20,24,32,38,56
Illinois,2020-09-24,,estimate,28,31,16,10,19,25,32,40,60
Massachusetts,2020-11-04,,forecast,28,31,17,10,19,24,31,39,64
Georgia,2020-09-27,,estimate,28,32,21,8,17,23,32,42,69
Georgia,2020-10-06,,estimate,28,34,22,8,18,24,34,44,76
Tennessee,2020-11-04,,forecast,28,35,26,6,17,23,35,46,85
Tennessee,2020-11-07,,forecast,28,38,35,7,16,23,34,49,102
Florida,2020-11-03,,forecast,28,39,41,6,16,23,34,47,105
Missouri,2020-10-07,,estimate,28,41,43,2,11,20,36,55,128
Missouri,2020-09-25,,estimate,28,43,48,1,11,21,37,56,141
Indiana,2020-11-09,,forecast,28,47,265,9,18,24,33,44,99
Missouri,2020-11-04,,forecast,28,54,87,1,11,19,39,65,189
Tennessee,2020-11-17,,forecast,28,87,689,3,12,21,37,58,213
California,2020-11-17,,forecast,28,271,3637,4,13,21,38,58,236
Minnesota,2020-11-14,,forecast,28,347,3644,5,15,22,35,49,162
Missouri,2020-11-11,,forecast,28,4645,170150,1,10,20,41,69,261
Florida,2020-11-11,,forecast,28,58432,1391013,3,11,19,39,69,542
Arkansas,2020-11-28,,forecast,28,450278,7526108,3,13,20,37,76,4026
North Carolina,2020-10-08,,estimate,29,31,14,12,21,26,33,39,57
North Carolina,2020-10-24,,estimate based on partial data,29,31,14,13,21,26,32,39,58
Indiana,2020-10-23,,estimate based on partial data,29,31,15,11,20,25,33,40,60
California,2020-09-28,,estimate,29,32,15,12,21,26,33,39,59
Indiana,2020-10-22,,estimate based on partial data,29,32,15,12,21,26,33,41,61
Illinois,2020-10-13,,estimate,29,32,17,11,20,25,33,41,65
Georgia,2020-10-24,,estimate based on partial data,29,33,21,7,18,24,34,44,75
Florida,2020-09-21,,estimate,29,34,23,7,17,24,35,44,76
Ohio,2020-09-22,,estimate,29,34,23,7,17,24,35,46,77
Florida,2020-10-19,,estimate based on partial data,29,34,23,7,17,25,34,45,79
Tennessee,2020-10-28,,estimate based on partial data,29,34,23,8,17,24,34,44,79
Ohio,2020-09-30,,estimate,29,34,24,7,17,24,36,46,76
Minnesota,2020-11-04,,forecast,29,35,23,10,20,25,34,45,78
Tennessee,2020-10-31,,estimate based on partial data,29,35,24,7,18,25,34,45,83
Florida,2020-10-25,,estimate based on partial data,29,35,25,7,18,24,35,46,84
Missouri,2020-10-21,,estimate based on partial data,29,44,51,2,12,21,37,58,139
Missouri,2020-10-28,,estimate based on partial data,29,45,55,1,11,21,38,56,143
Missouri,2020-11-27,,forecast,29,386421,7670073,0,4,16,49,113,2835
Arkansas,2020-11-30,,forecast,29,409955,6092073,2,13,21,41,89,5430
Arkansas,2020-12-01,,forecast,29,521981,7457064,2,12,21,41,93,5969
Missouri,2020-11-28,,forecast,29,823677,16752625,0,5,18,50,121,3046
North Carolina,2020-10-02,,estimate,30,32,14,13,21,26,33,40,57
North Carolina,2020-10-07,,estimate,30,32,14,14,22,27,34,39,59
Indiana,2020-10-13,,estimate,30,32,15,12,21,26,33,40,60
North Carolina,2020-10-01,,estimate,30,33,15,13,22,27,34,40,60
Illinois,2020-10-01,,estimate,30,33,18,10,21,26,34,41,66
Georgia,2020-09-20,,estimate,30,35,23,8,19,25,36,47,78
Florida,2020-10-05,,estimate,30,36,24,7,18,25,36,48,81
Georgia,2020-10-14,,estimate,30,36,24,9,19,26,36,46,82
California,2020-11-07,,forecast,30,37,31,10,19,25,35,45,84
Tennessee,2020-11-03,,forecast,30,38,29,7,19,26,37,49,94
Massachusetts,2020-11-11,,forecast,30,42,49,8,18,25,36,49,109
Massachusetts,2020-11-12,,forecast,30,42,55,8,17,24,36,48,116
Tennessee,2020-11-10,,forecast,30,45,51,5,16,24,37,55,125
Massachusetts,2020-11-19,,forecast,30,92,566,5,15,24,38,57,211
Illinois,2020-11-16,,forecast,30,962,32702,6,18,25,37,55,182
Indiana,2020-11-15,,forecast,30,1358,56231,8,18,25,37,52,206
Minnesota,2020-11-22,,forecast,30,18440,208490,2,12,22,40,67,416
Missouri,2020-11-20,,forecast,30,140689,2708594,0,7,17,47,100,1054
North Carolina,2020-10-15,,estimate based on partial data,31,33,15,13,23,28,35,41,61
North Carolina,2020-10-16,,estimate based on partial data,31,33,15,14,23,28,35,41,61
Tennessee,2020-10-24,,estimate based on partial data,31,34,21,7,18,26,35,45,73
Georgia,2020-10-22,,estimate based on partial data,31,35,22,8,19,26,36,45,77
Tennessee,2020-10-20,,estimate based on partial data,31,36,24,8,19,26,37,47,79
Tennessee,2020-09-25,,estimate,31,36,24,8,19,26,37,47,80
Tennessee,2020-10-09,,estimate,31,36,25,8,20,26,37,48,82
Tennessee,2020-10-02,,estimate,31,36,25,9,19,26,36,47,82
Virginia,2020-09-22,,estimate,31,38,28,7,18,25,37,50,89
Missouri,2020-10-02,,estimate,31,48,52,2,13,23,41,65,145
Massachusetts,2020-11-18,,forecast,31,85,401,5,16,25,39,60,210
Tennessee,2020-11-27,,forecast,31,833,16017,0,9,20,46,84,610
Minnesota,2020-11-20,,forecast,31,8879,103627,3,14,23,42,69,388
Minnesota,2020-11-21,,forecast,31,19115,217804,3,14,24,42,68,396
Missouri,2020-11-13,,forecast,31,28359,769218,1,9,20,48,88,401
Indiana,2020-10-24,,estimate based on partial data,32,34,16,12,23,28,36,43,64
Illinois,2020-10-17,,estimate based on partial data,32,35,18,11,22,28,37,44,69
Illinois,2020-09-25,,estimate,32,35,19,12,22,28,36,44,71
Illinois,2020-09-23,,estimate,32,35,19,12,22,28,36,45,70
Illinois,2020-11-01,,estimate based on partial data,32,36,19,12,22,28,37,45,70
Tennessee,2020-10-27,,estimate based on partial data,32,37,24,8,20,27,37,47,84
Ohio,2020-09-25,,estimate,32,38,26,8,20,27,38,49,89
Missouri,2020-10-09,,estimate,32,48,53,2,14,23,42,65,152
California,2020-11-12,,forecast,32,65,331,8,19,26,39,56,150
California,2020-11-13,,forecast,32,88,779,6,17,25,40,58,150
Minnesota,2020-11-12,,forecast,32,117,831,8,18,26,39,53,133
Massachusetts,2020-11-26,,forecast,32,564,11739,2,14,24,44,79,519
Massachusetts,2020-11-25,,forecast,32,587,13469,2,14,24,43,78,436
California,2020-11-18,,forecast,32,673,12464,3,15,24,40,64,319
Montana,2020-11-20,,forecast,32,90380,3344791,1,9,19,50,122,1955
North Carolina,2020-10-14,,estimate,33,35,15,14,24,29,36,42,62
North Carolina,2020-09-25,,estimate,33,35,15,14,25,30,37,44,64
North Carolina,2020-10-06,,estimate,33,35,16,14,25,30,37,44,64
Illinois,2020-10-08,,estimate,33,37,19,12,23,29,38,47,73
Illinois,2020-10-20,,estimate based on partial data,33,37,20,12,23,29,38,47,76
Georgia,2020-10-17,,estimate based on partial data,33,38,24,9,21,28,38,48,83
Georgia,2020-09-29,,estimate,33,38,25,9,20,28,39,50,84
Tennessee,2020-10-16,,estimate based on partial data,33,39,25,9,21,29,39,51,88
Florida,2020-10-12,,estimate,33,40,29,8,20,27,39,53,94
Missouri,2020-09-26,,estimate,33,49,54,2,13,23,44,67,156
Missouri,2020-10-30,,estimate based on partial data,33,53,64,2,13,24,43,68,171
Missouri,2020-10-16,,estimate based on partial data,33,54,60,2,15,26,46,71,169
Montana,2020-11-25,,forecast,33,394169,6584884,0,6,17,59,158,7006
North Carolina,2020-09-30,,estimate,34,36,16,15,25,30,38,45,65
North Carolina,2020-09-24,,estimate,34,37,16,15,26,31,39,47,66
North Carolina,2020-10-13,,estimate,34,37,16,16,25,31,39,45,67
North Carolina,2020-10-31,,estimate based on partial data,34,37,18,15,25,31,39,46,70
Indiana,2020-10-28,,estimate based on partial data,34,38,18,14,24,30,39,47,73
Illinois,2020-09-30,,estimate,34,38,20,11,23,30,39,48,75
Georgia,2020-10-23,,estimate based on partial data,34,38,25,8,21,28,39,50,83
Tennessee,2020-09-24,,estimate,34,39,24,10,22,29,40,51,87
Georgia,2020-10-07,,estimate,34,39,25,9,22,28,40,52,87
Tennessee,2020-10-01,,estimate,34,39,25,10,22,29,40,51,85
Georgia,2020-10-15,,estimate based on partial data,34,40,27,10,22,29,40,52,90
Missouri,2020-10-03,,estimate,34,53,57,2,14,26,46,72,165
Missouri,2020-11-06,,forecast,34,76,392,1,11,23,48,79,236
Minnesota,2020-11-11,,forecast,34,96,536,8,20,28,43,60,152
Tennessee,2020-11-26,,forecast,34,762,12897,1,9,22,50,92,642
Missouri,2020-11-14,,forecast,34,80989,2491827,1,10,22,50,98,530
California,2020-09-27,,estimate,35,38,17,15,25,31,39,47,70
Illinois,2020-10-02,,estimate,35,38,21,12,24,30,40,49,79
Tennessee,2020-10-08,,estimate,35,40,25,10,22,29,41,53,88
Tennessee,2020-11-20,,forecast,35,140,1096,2,13,24,48,79,307
Florida,2020-11-06,,forecast,35,229,4227,7,18,27,43,63,197
California,2020-09-21,,estimate,36,39,19,15,26,32,40,49,74
Illinois,2020-10-24,,estimate based on partial data,36,40,22,13,26,32,41,50,80
Missouri,2020-10-23,,estimate based on partial data,36,55,66,2,15,26,47,69,184
Minnesota,2020-11-19,,forecast,36,4922,55591,5,17,27,45,73,429
Missouri,2020-11-21,,forecast,36,437986,9671780,0,8,22,56,114,1329
Montana,2020-11-27,,forecast,36,499155,8296404,0,6,21,75,240,10036
Minnesota,2020-11-27,,forecast,36,551360,7203141,1,13,26,51,99,1080
Minnesota,2020-11-29,,forecast,36,805484,8768448,1,12,24,50,99,1272
Minnesota,2020-11-28,,forecast,36,857448,9265800,1,13,26,52,101,1370
North Carolina,2020-09-29,,estimate,37,39,18,16,27,33,41,48,71
California,2020-10-31,,estimate based on partial data,37,41,20,14,26,33,43,52,77
Tennessee,2020-10-15,,estimate based on partial data,37,42,27,10,23,32,43,55,93
Georgia,2020-09-22,,estimate,37,43,28,10,23,31,44,55,96
Georgia,2020-10-10,,estimate,37,43,28,10,23,32,44,56,98
Tennessee,2020-10-23,,estimate based on partial data,37,43,28,11,23,31,43,55,97
Georgia,2020-09-30,,estimate,37,44,29,11,23,31,44,57,99
Florida,2020-10-31,,estimate based on partial data,37,47,36,9,22,31,45,61,114
Missouri,2020-10-10,,estimate,37,55,60,2,14,26,49,73,175
Tennessee,2020-11-13,,forecast,37,61,140,6,18,29,46,67,176
Tennessee,2020-11-19,,forecast,37,125,641,3,14,26,50,83,338
North Carolina,2020-09-23,,estimate,38,40,17,16,28,34,42,49,72
North Carolina,2020-10-22,,estimate based on partial data,38,40,18,17,28,34,42,50,71
North Carolina,2020-10-23,,estimate based on partial data,38,41,18,16,28,33,42,51,73
Indiana,2020-10-20,,estimate based on partial data,38,41,19,16,27,34,43,51,76
Indiana,2020-10-30,,estimate based on partial data,38,41,20,16,27,33,42,51,79
Illinois,2020-10-15,,estimate based on partial data,38,42,21,14,27,33,43,53,82
Georgia,2020-10-16,,estimate based on partial data,38,44,29,11,23,32,45,58,101
Georgia,2020-10-08,,estimate,38,45,29,10,25,33,45,59,100
Ohio,2020-09-23,,estimate,38,45,31,10,23,31,44,59,103
Tennessee,2020-11-06,,forecast,38,47,39,10,22,31,44,60,123
Illinois,2020-11-08,,forecast,38,52,104,13,25,33,46,60,111
California,2020-11-10,,forecast,38,55,121,10,22,31,45,61,132
Missouri,2020-10-24,,estimate based on partial data,38,58,63,3,15,28,52,79,183
Tennessee,2020-11-12,,forecast,38,60,84,7,20,30,48,68,187
Indiana,2020-11-16,,forecast,38,10215,448987,9,22,31,47,68,306
Illinois,2020-11-23,,forecast,38,25229,783412,5,18,29,48,75,447
North Carolina,2020-10-21,,estimate based on partial data,39,41,18,17,28,35,43,51,74
Illinois,2020-10-07,,estimate,39,43,23,14,26,33,44,55,85
Tennessee,2020-10-30,,estimate based on partial data,39,46,32,10,24,33,46,59,108
Florida,2020-09-27,,estimate,39,46,34,10,23,32,46,60,110
Missouri,2020-11-07,,forecast,39,139,1678,1,13,28,55,90,270
North Carolina,2020-10-20,,estimate based on partial data,40,43,19,18,29,36,44,54,79
Indiana,2020-10-29,,estimate based on partial data,40,44,21,16,28,36,45,55,82
Illinois,2020-10-09,,estimate,40,44,23,14,27,34,46,56,84
California,2020-11-06,,forecast,40,46,32,13,26,34,46,59,101
North Carolina,2020-11-07,,forecast,40,50,58,14,26,34,47,58,114
California,2020-11-11,,forecast,40,71,298,11,25,33,48,68,149
North Carolina,2020-09-22,,estimate,41,43,19,19,31,36,45,54,77
Indiana,2020-10-31,,estimate based on partial data,41,45,21,17,30,37,46,56,84
Illinois,2020-10-27,,estimate based on partial data,41,45,23,15,28,36,46,57,89
Georgia,2020-10-03,,estimate,41,47,30,11,25,34,47,61,103
Tennessee,2020-10-22,,estimate based on partial data,41,47,30,11,26,34,48,60,104
Florida,2020-10-04,,estimate,41,48,32,10,25,35,47,62,113
Tennessee,2020-11-05,,forecast,41,51,44,9,24,33,49,66,127
Missouri,2020-10-17,,estimate based on partial data,41,61,69,3,17,31,54,79,189
Missouri,2020-10-31,,estimate based on partial data,41,63,74,2,17,30,53,84,192
Minnesota,2020-11-18,,forecast,41,2785,30789,5,19,31,55,87,375
Indiana,2020-11-22,,forecast,41,33009,1382655,6,21,32,51,83,620
Illinois,2020-11-30,,forecast,41,125934,3763858,3,20,33,58,107,1107
California,2020-11-05,,forecast,42,48,32,14,28,36,48,61,100
California,2020-10-24,,estimate based on partial data,43,47,22,19,31,38,49,59,86
Florida,2020-10-18,,estimate based on partial data,43,49,33,11,26,36,50,64,113
Georgia,2020-10-09,,estimate,43,50,31,12,27,37,51,65,109
Tennessee,2020-10-29,,estimate based on partial data,43,50,34,10,26,35,51,65,111
Florida,2020-09-20,,estimate,43,51,37,10,26,35,50,64,120
Florida,2020-11-05,,forecast,43,95,444,10,25,35,53,77,223
California,2020-09-20,,estimate,44,48,22,19,32,39,49,59,89
Illinois,2020-10-14,,estimate,44,49,25,16,30,39,50,62,96
Georgia,2020-10-01,,estimate,44,51,33,12,28,37,51,66,115
Georgia,2020-09-23,,estimate,44,51,33,13,27,37,52,68,113
Florida,2020-10-27,,estimate based on partial data,44,53,37,11,26,36,54,70,126
Minnesota,2020-11-26,,forecast,44,345842,3943146,2,17,31,60,110,1111
North Carolina,2020-10-29,,estimate based on partial data,45,48,21,19,33,40,51,61,89
Illinois,2020-10-22,,estimate based on partial data,45,49,25,17,31,39,51,62,96
Illinois,2020-10-16,,estimate based on partial data,45,49,25,17,31,40,52,63,96
Illinois,2020-10-31,,estimate based on partial data,45,49,27,15,30,39,50,62,101
Indiana,2020-11-04,,forecast,45,53,32,18,32,40,51,66,113
North Carolina,2020-11-14,,forecast,45,287,7228,9,25,36,58,83,247
North Carolina,2020-10-30,,estimate based on partial data,46,49,23,19,33,41,51,60,92
Florida,2020-11-04,,forecast,46,86,461,9,26,37,57,80,200
Illinois,2020-11-15,,forecast,46,555,16993,11,27,39,56,78,229
California,2020-11-03,,forecast,47,53,28,18,33,41,54,66,106
Georgia,2020-09-26,,estimate,47,55,36,13,29,39,55,72,126
Florida,2020-10-11,,estimate,47,55,37,12,29,40,55,72,125
North Carolina,2020-10-28,,estimate based on partial data,48,51,22,22,35,42,53,63,92
Illinois,2020-11-03,,forecast,48,55,34,17,33,42,54,69,112
Georgia,2020-10-02,,estimate,48,55,36,13,30,41,57,71,121
Minnesota,2020-11-25,,forecast,48,180474,2073524,3,19,34,65,120,1050
California,2020-10-17,,estimate based on partial data,49,53,23,21,36,44,56,67,94
North Carolina,2020-10-27,,estimate based on partial data,49,53,23,22,36,44,55,65,96
California,2020-10-30,,estimate based on partial data,49,53,25,21,35,44,55,67,101
Indiana,2020-10-27,,estimate based on partial data,50,54,26,20,36,44,56,68,103
Indiana,2020-11-23,,forecast,50,36055,1479202,7,26,39,65,109,966
California,2020-10-29,,estimate based on partial data,51,55,26,21,36,45,58,70,104
Illinois,2020-10-23,,estimate based on partial data,51,56,29,19,36,45,58,72,109
Georgia,2020-09-24,,estimate,51,59,38,13,31,43,60,76,130
North Carolina,2020-11-21,,forecast,51,55148,2110827,4,21,36,67,117,783
Illinois,2020-10-21,,estimate based on partial data,52,56,27,20,36,46,58,71,108
Illinois,2020-10-29,,estimate based on partial data,52,58,32,20,36,46,59,74,114
California,2020-11-04,,forecast,52,59,32,21,36,46,59,74,116
North Carolina,2020-11-05,,forecast,52,60,37,20,36,46,59,74,125
North Carolina,2020-11-06,,forecast,52,61,42,18,35,45,59,76,136
Indiana,2020-11-06,,forecast,52,63,57,18,36,45,60,75,134
California,2020-10-10,,estimate,53,58,27,24,39,47,60,73,109
Indiana,2020-11-05,,forecast,53,62,46,20,37,46,60,75,133
Illinois,2020-11-07,,forecast,53,68,112,17,35,46,62,82,150
North Carolina,2020-11-04,,forecast,54,61,33,21,38,48,62,77,121
Illinois,2020-11-22,,forecast,54,47877,1562160,8,29,42,71,110,561
Indiana,2020-11-29,,forecast,54,92397,2272287,6,24,41,73,139,2236
Georgia,2020-09-25,,estimate,55,63,41,15,34,46,63,81,140
California,2020-10-27,,estimate based on partial data,56,61,28,23,41,51,63,75,113
Indiana,2020-11-07,,forecast,56,71,99,20,37,48,64,82,156
North Carolina,2020-11-28,,forecast,56,57181,1857697,1,16,35,93,182,2428
California,2020-10-23,,estimate based on partial data,57,62,29,23,41,51,64,77,115
Florida,2020-10-30,,estimate based on partial data,57,69,49,15,34,47,67,90,164
Illinois,2020-10-28,,estimate based on partial data,58,65,33,23,41,51,66,82,128
Illinois,2020-11-10,,forecast,58,99,532,17,37,49,69,92,200
California,2020-10-22,,estimate based on partial data,59,63,29,24,43,52,66,78,119
North Carolina,2020-11-12,,forecast,59,162,2154,14,34,47,72,102,277
North Carolina,2020-11-13,,forecast,59,313,7814,13,33,48,72,103,297
North Carolina,2020-11-03,,forecast,60,65,36,22,41,53,66,81,129
North Carolina,2020-11-11,,forecast,60,139,1580,17,36,49,74,106,257
Florida,2020-10-24,,estimate based on partial data,61,69,44,16,37,51,72,93,152
California,2020-10-16,,estimate based on partial data,62,67,30,27,45,55,69,83,122
Illinois,2020-10-30,,estimate based on partial data,62,69,37,24,43,54,70,86,138
Indiana,2020-11-11,,forecast,62,343,10624,19,39,52,74,100,252
California,2020-10-28,,estimate based on partial data,63,68,31,26,46,56,70,84,129
California,2020-10-20,,estimate based on partial data,64,69,31,27,46,57,72,85,126
Illinois,2020-11-05,,forecast,64,76,54,22,42,55,74,94,164
California,2020-10-03,,estimate,65,71,32,28,48,58,73,89,132
Indiana,2020-11-03,,forecast,65,73,39,26,46,58,74,90,144
Indiana,2020-11-30,,forecast,65,142488,3038127,7,29,49,92,174,3242
California,2020-10-15,,estimate based on partial data,66,69,31,28,46,58,72,86,126
Florida,2020-09-29,,estimate,66,77,53,18,40,54,78,99,176
Illinois,2020-11-14,,forecast,66,411,9226,15,39,54,80,110,315
Illinois,2020-11-29,,forecast,66,127495,3789653,6,30,49,88,147,1414
North Carolina,2020-11-10,,forecast,67,113,789,18,41,55,81,105,237
North Carolina,2020-11-20,,forecast,67,29843,1130101,6,28,48,90,155,792
California,2020-10-09,,estimate,68,73,33,29,50,60,76,91,136
Florida,2020-10-20,,estimate based on partial data,68,79,53,18,41,56,79,103,180
Illinois,2020-11-17,,forecast,68,4192,139874,15,37,54,85,127,423
California,2020-10-13,,estimate,69,73,33,30,50,61,77,90,131
Indiana,2020-11-13,,forecast,69,415,11406,18,41,58,82,113,371
California,2020-10-21,,estimate based on partial data,70,77,35,32,52,63,78,95,145
Indiana,2020-11-12,,forecast,70,797,29420,20,44,59,85,115,319
North Carolina,2020-11-19,,forecast,70,17703,666943,7,28,50,92,151,695
North Carolina,2020-11-18,,forecast,71,13663,513790,9,33,54,95,151,706
Florida,2020-09-22,,estimate,72,84,54,19,45,60,85,109,186
Florida,2020-10-29,,estimate based on partial data,72,86,60,19,44,61,86,112,200
California,2020-10-08,,estimate,73,78,35,32,54,66,83,98,141
Florida,2020-09-26,,estimate,73,86,59,20,46,62,86,111,198
North Carolina,2020-11-27,,forecast,73,55381,1812278,2,22,49,118,228,2402
Illinois,2020-11-04,,forecast,74,86,56,25,50,64,84,108,181
Illinois,2020-11-06,,forecast,74,94,136,25,49,64,87,111,202
Indiana,2020-11-14,,forecast,74,2004,79548,20,46,62,90,123,426
North Carolina,2020-11-17,,forecast,75,7381,273839,11,35,56,99,149,743
North Carolina,2020-11-26,,forecast,75,69609,2421054,3,23,50,111,216,2398
California,2020-10-14,,estimate,76,82,36,32,55,68,85,102,150
Florida,2020-10-28,,estimate based on partial data,76,91,63,20,46,63,90,120,208
Florida,2020-10-06,,estimate,77,91,62,19,48,64,92,118,206
Illinois,2020-11-21,,forecast,77,60682,2335051,11,39,60,96,152,667
North Carolina,2020-11-25,,forecast,77,66256,2387839,4,25,50,114,214,1917
Illinois,2020-11-12,,forecast,78,227,3544,22,47,64,94,127,304
California,2020-10-06,,estimate,80,86,39,35,59,71,90,107,152
Florida,2020-10-03,,estimate,80,92,62,20,49,66,93,123,203
California,2020-09-26,,estimate,81,88,39,34,60,73,91,110,160
North Carolina,2020-11-24,,forecast,81,65294,2374230,5,28,55,123,224,1820
Illinois,2020-11-24,,forecast,81,126262,3914166,11,38,62,106,176,1126
Florida,2020-10-13,,estimate,82,95,63,20,51,70,96,123,217
Indiana,2020-11-18,,forecast,82,36761,1603020,19,46,66,104,153,812
California,2020-10-02,,estimate,86,93,43,37,63,77,96,116,169
Florida,2020-10-17,,estimate based on partial data,86,98,64,22,53,72,99,130,216
Illinois,2020-11-28,,forecast,86,128069,4181016,9,39,64,118,221,1918
Indiana,2020-11-10,,forecast,87,173,1772,28,57,74,104,138,309
Illinois,2020-11-11,,forecast,87,196,2127,26,52,73,104,139,339
California,2020-10-01,,estimate,88,95,43,39,65,78,97,118,178
California,2020-10-07,,estimate,88,95,44,40,65,78,99,119,179
Florida,2020-10-23,,estimate based on partial data,88,104,72,21,54,75,104,135,240
Florida,2020-10-10,,estimate,90,105,70,25,56,74,106,139,237
Illinois,2020-11-13,,forecast,90,345,7124,23,54,76,109,151,411
Indiana,2020-11-20,,forecast,90,43447,1859541,17,49,71,114,179,1094
North Carolina,2020-12-01,,forecast,91,201087,4952573,2,23,57,156,350,5633
Illinois,2020-11-19,,forecast,92,10346,396504,17,51,74,113,172,715
Indiana,2020-11-19,,forecast,92,61990,2719271,20,51,75,113,174,1038
Illinois,2020-12-01,,forecast,93,198682,4784700,8,41,67,129,243,2918
Indiana,2020-11-21,,forecast,96,61823,2634242,20,52,76,121,192,1501
Florida,2020-09-25,,estimate,100,119,83,28,61,84,120,151,268
California,2020-09-29,,estimate,103,110,51,45,74,92,115,136,199
Illinois,2020-11-18,,forecast,103,8634,288791,20,57,83,127,191,695
Florida,2020-10-02,,estimate,106,122,79,29,64,89,123,162,270
Florida,2020-10-22,,estimate based on partial data,108,127,85,29,69,93,127,164,290
Illinois,2020-11-20,,forecast,108,46307,1935883,21,58,87,137,211,979
Indiana,2020-11-25,,forecast,108,62878,1715507,17,54,82,144,250,2963
Illinois,2020-11-26,,forecast,109,46720,1307282,13,49,81,145,247,1545
California,2020-09-30,,estimate,110,119,53,48,81,98,122,146,223
California,2020-09-25,,estimate,111,120,54,52,83,99,124,148,221
California,2020-09-24,,estimate,116,125,57,51,84,103,129,155,234
Florida,2020-10-21,,estimate based on partial data,116,134,89,29,69,97,137,177,294
Indiana,2020-11-17,,forecast,116,62132,2735974,29,68,95,146,208,1059
Florida,2020-10-16,,estimate based on partial data,118,138,92,30,73,98,140,180,315
Florida,2020-09-30,,estimate,119,140,95,28,76,97,142,182,324
Florida,2020-09-24,,estimate,120,141,96,31,75,100,144,185,314
Florida,2020-10-09,,estimate,120,143,98,30,72,101,143,188,332
Indiana,2020-11-27,,forecast,122,99077,2434176,14,59,91,162,287,3971
Illinois,2020-11-27,,forecast,122,110847,3198448,15,59,91,160,289,2073
Florida,2020-10-01,,estimate,123,144,97,34,74,102,147,191,325
Illinois,2020-11-25,,forecast,123,68107,2115024,16,58,94,158,246,1607
Indiana,2020-11-26,,forecast,124,96371,2677819,17,61,95,164,289,3975
Indiana,2020-11-28,,forecast,127,163917,3935294,15,60,96,168,311,5125
California,2020-09-22,,estimate,129,138,61,54,93,115,143,172,252
Florida,2020-09-23,,estimate,129,148,97,34,78,105,152,195,334
Florida,2020-10-07,,estimate,138,163,106,41,89,117,162,210,359
California,2020-09-23,,estimate,140,152,70,61,102,126,158,188,278
Florida,2020-10-15,,estimate based on partial data,140,163,106,36,86,116,167,216,363
Florida,2020-10-08,,estimate,142,166,109,37,89,120,170,216,369
Florida,2020-10-14,,estimate,145,173,120,41,91,123,171,225,402
Indiana,2020-11-24,,forecast,154,76523,2434710,25,78,120,200,325,3534
Indiana,2020-12-01,,forecast,204,346579,5851714,19,93,152,284,516,11194
US,2020-10-04,,estimate,338,345,101,196,272,314,361,404,519
US,2020-09-27,,estimate,346,354,101,207,284,322,371,418,526
US,2020-10-11,,estimate,350,356,99,208,285,323,372,416,532
US,2020-10-18,,estimate based on partial data,355,368,106,215,294,331,381,430,556
US,2020-09-20,,estimate,359,368,107,214,290,332,385,432,556
US,2020-10-05,,estimate,364,375,109,217,300,339,390,438,572
US,2020-09-28,,estimate,366,379,110,222,305,343,390,443,582
US,2020-10-12,,estimate,376,386,110,224,309,349,404,454,571
US,2020-10-25,,estimate based on partial data,378,391,111,231,311,353,407,456,586
US,2020-09-21,,estimate,384,398,117,228,317,361,412,465,611
US,2020-10-19,,estimate based on partial data,388,405,118,237,320,361,422,473,617
US,2020-11-01,,estimate based on partial data,408,420,124,248,332,379,435,493,639
US,2020-10-26,,estimate based on partial data,420,435,125,255,345,391,456,512,662
US,2020-11-08,,forecast,438,643,6494,235,336,397,476,564,994
US,2020-11-02,,forecast,440,462,147,265,356,408,476,544,728
US,2020-11-15,,forecast,471,50231,2195986,187,329,413,537,697,2131
US,2020-11-09,,forecast,483,855,11659,239,366,431,536,633,1213
US,2020-11-22,,forecast,496,46606,1709579,128,318,421,586,836,4598
US,2020-11-29,,forecast,510,192865,3363005,76,303,422,622,1057,12464
US,2020-11-16,,forecast,511,69873,3051695,192,361,449,585,760,2389
US,2020-11-23,,forecast,548,51000,1559310,132,340,463,653,917,5984
US,2020-11-30,,forecast,569,275927,3410440,78,322,455,719,1153,15195
US,2020-10-03,,estimate,677,698,195,419,562,632,729,820,1042
US,2020-10-10,,estimate,685,711,208,419,564,640,734,824,1096
US,2020-09-26,,estimate,704,724,205,440,574,653,757,848,1095
US,2020-10-17,,estimate based on partial data,722,747,212,437,597,679,777,876,1128
US,2020-10-24,,estimate based on partial data,780,801,228,479,636,726,833,936,1191
US,2020-10-06,,estimate,781,804,230,463,645,732,839,935,1218
US,2020-09-29,,estimate,795,818,237,484,650,734,849,955,1227
US,2020-10-13,,estimate,815,835,232,500,669,761,872,973,1240
US,2020-10-31,,estimate based on partial data,824,853,257,497,674,762,883,1000,1313
US,2020-09-22,,estimate,837,866,244,525,689,780,898,1012,1315
US,2020-10-01,,estimate,842,873,251,511,694,782,909,1023,1338
US,2020-10-08,,estimate,848,876,256,514,697,789,908,1022,1341
US,2020-10-20,,estimate based on partial data,862,882,244,515,717,801,914,1030,1311
US,2020-09-24,,estimate,869,897,258,526,714,812,930,1062,1358
US,2020-10-02,,estimate,870,890,250,535,710,805,926,1036,1325
US,2020-10-15,,estimate based on partial data,870,905,253,537,735,816,938,1058,1345
US,2020-09-25,,estimate,879,909,262,534,717,821,944,1064,1384
US,2020-10-09,,estimate,880,906,258,525,727,824,947,1058,1369
US,2020-11-07,,forecast,888,1029,1756,493,698,817,968,1128,1847
US,2020-10-16,,estimate based on partial data,905,932,271,548,741,840,973,1091,1386
US,2020-10-27,,estimate based on partial data,906,930,265,553,739,841,971,1086,1391
US,2020-10-22,,estimate based on partial data,924,952,261,580,766,860,993,1117,1424
US,2020-11-14,,forecast,934,39793,1695532,395,686,827,1061,1348,3420
US,2020-10-23,,estimate based on partial data,952,979,281,578,776,883,1024,1148,1463
US,2020-09-30,,estimate,955,991,282,577,798,892,1028,1162,1502
US,2020-10-07,,estimate,963,986,274,577,797,896,1029,1151,1476
US,2020-11-03,,forecast,964,1020,348,555,778,896,1050,1217,1655
US,2020-11-21,,forecast,986,56807,1980734,284,664,848,1176,1651,8962
US,2020-10-29,,estimate based on partial data,993,1018,290,579,819,926,1064,1196,1533
US,2020-10-14,,estimate,1010,1041,294,617,831,940,1082,1221,1576
US,2020-09-23,,estimate,1010,1043,294,624,845,941,1086,1222,1548
US,2020-10-30,,estimate based on partial data,1018,1047,298,618,835,951,1099,1224,1602
US,2020-10-21,,estimate based on partial data,1049,1083,300,642,876,983,1122,1260,1630
US,2020-11-28,,forecast,1050,224116,2632471,180,613,858,1304,2006,22751
US,2020-11-10,,forecast,1058,3252,84526,515,799,947,1168,1433,2997
US,2020-11-05,,forecast,1064,1148,501,595,847,973,1168,1344,1949
US,2020-11-06,,forecast,1114,1232,1096,611,879,1022,1211,1414,2111
US,2020-11-17,,forecast,1114,43712,1760766,414,765,966,1266,1683,6390
US,2020-10-28,,estimate based on partial data,1119,1149,320,693,916,1042,1193,1342,1717
US,2020-11-12,,forecast,1136,12840,494630,483,844,1019,1287,1574,3621
US,2020-11-13,,forecast,1166,34808,1463961,517,854,1043,1340,1675,4394
US,2020-11-24,,forecast,1166,83375,1670011,279,730,970,1432,2064,14817
US,2020-11-19,,forecast,1192,43371,1581904,364,801,1040,1392,1896,8473
US,2020-11-04,,forecast,1212,1271,438,702,976,1109,1314,1492,2071
US,2020-11-20,,forecast,1252,89189,3499913,382,842,1070,1449,2045,9925
US,2020-12-01,,forecast,1252,654869,5636319,161,683,1022,1548,2566,42849
US,2020-11-26,,forecast,1276,146437,2270103,237,769,1058,1545,2298,22150
US,2020-11-11,,forecast,1304,8405,295537,606,966,1171,1458,1752,3733
US,2020-11-27,,forecast,1304,199666,3030768,223,792,1085,1616,2444,26448
US,2020-11-18,,forecast,1381,91748,3811447,476,956,1184,1604,2156,8181
US,2020-11-25,,forecast,1452,114880,2160232,307,887,1207,1754,2562,21612
