region,date,confirm
Alabama,2020-07-12,7
Alaska,2020-07-12,0
Arizona,2020-07-12,86
Arkansas,2020-07-12,2
California,2020-07-12,24
Colorado,2020-07-12,0
Connecticut,2020-07-12,0
Delaware,2020-07-12,0
District of Columbia,2020-07-12,0
Florida,2020-07-12,45
Georgia,2020-07-12,7
Hawaii,2020-07-12,0
Idaho,2020-07-12,0
Illinois,2020-07-12,19
Indiana,2020-07-12,4
Iowa,2020-07-12,4
Kansas,2020-07-12,2
Kentucky,2020-07-12,3
Louisiana,2020-07-12,13
Maine,2020-07-12,2
Maryland,2020-07-12,9
Massachusetts,2020-07-12,15
Michigan,2020-07-12,1
Minnesota,2020-07-12,3
Mississippi,2020-07-12,19
Missouri,2020-07-12,1
Montana,2020-07-12,0
Nebraska,2020-07-12,0
Nevada,2020-07-12,1
New Hampshire,2020-07-12,0
New Jersey,2020-07-12,0
New Mexico,2020-07-12,2
New York,2020-07-12,15
North Carolina,2020-07-12,9
North Dakota,2020-07-12,0
Ohio,2020-07-12,22
Oklahoma,2020-07-12,1
Oregon,2020-07-12,2
Pennsylvania,2020-07-12,7
Puerto Rico,2020-07-12,0
Rhode Island,2020-07-12,0
South Carolina,2020-07-12,10
South Dakota,2020-07-12,0
Tennessee,2020-07-12,3
Texas,2020-07-12,101
Utah,2020-07-12,3
Virginia,2020-07-12,4
Washington,2020-07-12,14
West Virginia,2020-07-12,0
Wisconsin,2020-07-12,0
US,2020-07-12,460
Alabama,2020-07-13,3
Alaska,2020-07-13,0
Arizona,2020-07-13,9
Arkansas,2020-07-13,2
California,2020-07-13,38
Colorado,2020-07-13,2
Connecticut,2020-07-13,23
Delaware,2020-07-13,0
District of Columbia,2020-07-13,0
Florida,2020-07-13,35
Georgia,2020-07-13,23
Hawaii,2020-07-13,3
Idaho,2020-07-13,0
Illinois,2020-07-13,6
Indiana,2020-07-13,2
Iowa,2020-07-13,3
Kansas,2020-07-13,1
Kentucky,2020-07-13,4
Louisiana,2020-07-13,7
Maine,2020-07-13,0
Maryland,2020-07-13,6
Massachusetts,2020-07-13,5
Michigan,2020-07-13,7
Minnesota,2020-07-13,2
Mississippi,2020-07-13,1
Missouri,2020-07-13,13
Montana,2020-07-13,3
Nebraska,2020-07-13,3
Nevada,2020-07-13,0
New Hampshire,2020-07-13,0
New Jersey,2020-07-13,35
New Mexico,2020-07-13,3
New York,2020-07-13,23
North Carolina,2020-07-13,7
North Dakota,2020-07-13,0
Ohio,2020-07-13,6
Oklahoma,2020-07-13,2
Oregon,2020-07-13,3
Pennsylvania,2020-07-13,7
Puerto Rico,2020-07-13,0
Rhode Island,2020-07-13,8
South Carolina,2020-07-13,11
South Dakota,2020-07-13,0
Tennessee,2020-07-13,8
Texas,2020-07-13,88
Utah,2020-07-13,1
Virginia,2020-07-13,2
Washington,2020-07-13,0
West Virginia,2020-07-13,1
Wisconsin,2020-07-13,0
US,2020-07-13,406
Alabama,2020-07-14,40
Alaska,2020-07-14,0
Arizona,2020-07-14,91
Arkansas,2020-07-14,8
California,2020-07-14,161
Colorado,2020-07-14,11
Connecticut,2020-07-14,1
Delaware,2020-07-14,1
District of Columbia,2020-07-14,0
Florida,2020-07-14,132
Georgia,2020-07-14,28
Hawaii,2020-07-14,0
Idaho,2020-07-14,1
Illinois,2020-07-14,25
Indiana,2020-07-14,13
Iowa,2020-07-14,2
Kansas,2020-07-14,1
Kentucky,2020-07-14,6
Louisiana,2020-07-14,22
Maine,2020-07-14,0
Maryland,2020-07-14,9
Massachusetts,2020-07-14,10
Michigan,2020-07-14,5
Minnesota,2020-07-14,6
Mississippi,2020-07-14,22
Missouri,2020-07-14,9
Montana,2020-07-14,2
Nebraska,2020-07-14,0
Nevada,2020-07-14,19
New Hampshire,2020-07-14,1
New Jersey,2020-07-14,22
New Mexico,2020-07-14,3
New York,2020-07-14,11
North Carolina,2020-07-14,42
North Dakota,2020-07-14,1
Ohio,2020-07-14,5
Oklahoma,2020-07-14,4
Oregon,2020-07-14,7
Pennsylvania,2020-07-14,20
Puerto Rico,2020-07-14,2
Rhode Island,2020-07-14,1
South Carolina,2020-07-14,21
South Dakota,2020-07-14,0
Tennessee,2020-07-14,18
Texas,2020-07-14,114
Utah,2020-07-14,10
Virginia,2020-07-14,9
Washington,2020-07-14,5
West Virginia,2020-07-14,0
Wisconsin,2020-07-14,6
US,2020-07-14,928
Alabama,2020-07-15,47
Alaska,2020-07-15,0
Arizona,2020-07-15,97
Arkansas,2020-07-15,4
California,2020-07-15,125
Colorado,2020-07-15,6
Connecticut,2020-07-15,8
Delaware,2020-07-15,3
District of Columbia,2020-07-15,3
Florida,2020-07-15,112
Georgia,2020-07-15,37
Hawaii,2020-07-15,0
Idaho,2020-07-15,7
Illinois,2020-07-15,8
Indiana,2020-07-15,10
Iowa,2020-07-15,20
Kansas,2020-07-15,5
Kentucky,2020-07-15,10
Louisiana,2020-07-15,16
Maine,2020-07-15,0
Maryland,2020-07-15,7
Massachusetts,2020-07-15,28
Michigan,2020-07-15,4
Minnesota,2020-07-15,10
Mississippi,2020-07-15,18
Missouri,2020-07-15,5
Montana,2020-07-15,0
Nebraska,2020-07-15,5
Nevada,2020-07-15,6
New Hampshire,2020-07-15,2
New Jersey,2020-07-15,52
New Mexico,2020-07-15,6
New York,2020-07-15,19
North Carolina,2020-07-15,18
North Dakota,2020-07-15,0
Ohio,2020-07-15,6
Oklahoma,2020-07-15,4
Oregon,2020-07-15,3
Pennsylvania,2020-07-15,26
Puerto Rico,2020-07-15,2
Rhode Island,2020-07-15,2
South Carolina,2020-07-15,5
South Dakota,2020-07-15,2
Tennessee,2020-07-15,16
Texas,2020-07-15,163
Utah,2020-07-15,7
Virginia,2020-07-15,15
Washington,2020-07-15,17
West Virginia,2020-07-15,1
Wisconsin,2020-07-15,1
US,2020-07-15,968
Alabama,2020-07-16,19
Alaska,2020-07-16,0
Arizona,2020-07-16,58
Arkansas,2020-07-16,6
California,2020-07-16,114
Colorado,2020-07-16,1
Connecticut,2020-07-16,9
Delaware,2020-07-16,0
District of Columbia,2020-07-16,3
Florida,2020-07-16,156
Georgia,2020-07-16,14
Hawaii,2020-07-16,0
Idaho,2020-07-16,4
Illinois,2020-07-16,25
Indiana,2020-07-16,10
Iowa,2020-07-16,4
Kansas,2020-07-16,1
Kentucky,2020-07-16,5
Louisiana,2020-07-16,24
Maine,2020-07-16,0
Maryland,2020-07-16,6
Massachusetts,2020-07-16,12
Michigan,2020-07-16,18
Minnesota,2020-07-16,8
Mississippi,2020-07-16,18
Missouri,2020-07-16,2
Montana,2020-07-16,1
Nebraska,2020-07-16,8
Nevada,2020-07-16,8
New Hampshire,2020-07-16,1
New Jersey,2020-07-16,31
New Mexico,2020-07-16,5
New York,2020-07-16,9
North Carolina,2020-07-16,18
North Dakota,2020-07-16,1
Ohio,2020-07-16,28
Oklahoma,2020-07-16,6
Oregon,2020-07-16,2
Pennsylvania,2020-07-16,27
Puerto Rico,2020-07-16,1
Rhode Island,2020-07-16,1
South Carolina,2020-07-16,72
South Dakota,2020-07-16,4
Tennessee,2020-07-16,13
Texas,2020-07-16,161
Utah,2020-07-16,1
Virginia,2020-07-16,15
Washington,2020-07-16,6
West Virginia,2020-07-16,1
Wisconsin,2020-07-16,4
US,2020-07-16,943
Alabama,2020-07-17,35
Alaska,2020-07-17,0
Arizona,2020-07-17,91
Arkansas,2020-07-17,12
California,2020-07-17,114
Colorado,2020-07-17,6
Connecticut,2020-07-17,7
Delaware,2020-07-17,0
District of Columbia,2020-07-17,3
Florida,2020-07-17,128
Georgia,2020-07-17,27
Hawaii,2020-07-17,1
Idaho,2020-07-17,4
Illinois,2020-07-17,13
Indiana,2020-07-17,8
Iowa,2020-07-17,4
Kansas,2020-07-17,1
Kentucky,2020-07-17,8
Louisiana,2020-07-17,24
Maine,2020-07-17,1
Maryland,2020-07-17,12
Massachusetts,2020-07-17,22
Michigan,2020-07-17,7
Minnesota,2020-07-17,7
Mississippi,2020-07-17,24
Missouri,2020-07-17,4
Montana,2020-07-17,2
Nebraska,2020-07-17,2
Nevada,2020-07-17,11
New Hampshire,2020-07-17,0
New Jersey,2020-07-17,19
New Mexico,2020-07-17,3
New York,2020-07-17,27
North Carolina,2020-07-17,16
North Dakota,2020-07-17,1
Ohio,2020-07-17,9
Oklahoma,2020-07-17,7
Oregon,2020-07-17,5
Pennsylvania,2020-07-17,20
Puerto Rico,2020-07-17,5
Rhode Island,2020-07-17,2
South Carolina,2020-07-17,26
South Dakota,2020-07-17,1
Tennessee,2020-07-17,19
Texas,2020-07-17,175
Utah,2020-07-17,1
Virginia,2020-07-17,6
Washington,2020-07-17,7
West Virginia,2020-07-17,1
Wisconsin,2020-07-17,2
US,2020-07-17,930
Alabama,2020-07-18,21
Alaska,2020-07-18,1
Arizona,2020-07-18,147
Arkansas,2020-07-18,4
California,2020-07-18,99
Colorado,2020-07-18,1
Connecticut,2020-07-18,0
Delaware,2020-07-18,2
District of Columbia,2020-07-18,1
Florida,2020-07-18,90
Georgia,2020-07-18,37
Hawaii,2020-07-18,1
Idaho,2020-07-18,1
Illinois,2020-07-18,18
Indiana,2020-07-18,17
Iowa,2020-07-18,4
Kansas,2020-07-18,2
Kentucky,2020-07-18,9
Louisiana,2020-07-18,0
Maine,2020-07-18,2
Maryland,2020-07-18,9
Massachusetts,2020-07-18,17
Michigan,2020-07-18,9
Minnesota,2020-07-18,5
Mississippi,2020-07-18,14
Missouri,2020-07-18,11
Montana,2020-07-18,0
Nebraska,2020-07-18,0
Nevada,2020-07-18,9
New Hampshire,2020-07-18,1
New Jersey,2020-07-18,15
New Mexico,2020-07-18,4
New York,2020-07-18,13
North Carolina,2020-07-18,25
North Dakota,2020-07-18,0
Ohio,2020-07-18,20
Oklahoma,2020-07-18,6
Oregon,2020-07-18,3
Pennsylvania,2020-07-18,11
Puerto Rico,2020-07-18,1
Rhode Island,2020-07-18,0
South Carolina,2020-07-18,39
South Dakota,2020-07-18,0
Tennessee,2020-07-18,23
Texas,2020-07-18,136
Utah,2020-07-18,8
Virginia,2020-07-18,12
Washington,2020-07-18,10
West Virginia,2020-07-18,0
Wisconsin,2020-07-18,10
US,2020-07-18,868
Alabama,2020-07-19,1
Alaska,2020-07-19,0
Arizona,2020-07-19,31
Arkansas,2020-07-19,0
California,2020-07-19,13
Colorado,2020-07-19,0
Connecticut,2020-07-19,0
Delaware,2020-07-19,0
District of Columbia,2020-07-19,0
Florida,2020-07-19,87
Georgia,2020-07-19,5
Hawaii,2020-07-19,0
Idaho,2020-07-19,0
Illinois,2020-07-19,5
Indiana,2020-07-19,2
Iowa,2020-07-19,4
Kansas,2020-07-19,1
Kentucky,2020-07-19,3
Louisiana,2020-07-19,34
Maine,2020-07-19,0
Maryland,2020-07-19,9
Massachusetts,2020-07-19,12
Michigan,2020-07-19,2
Minnesota,2020-07-19,3
Mississippi,2020-07-19,9
Missouri,2020-07-19,0
Montana,2020-07-19,0
Nebraska,2020-07-19,0
Nevada,2020-07-19,1
New Hampshire,2020-07-19,2
New Jersey,2020-07-19,7
New Mexico,2020-07-19,2
New York,2020-07-19,19
North Carolina,2020-07-19,4
North Dakota,2020-07-19,2
Ohio,2020-07-19,42
Oklahoma,2020-07-19,0
Oregon,2020-07-19,3
Pennsylvania,2020-07-19,7
Puerto Rico,2020-07-19,0
Rhode Island,2020-07-19,0
South Carolina,2020-07-19,20
South Dakota,2020-07-19,2
Tennessee,2020-07-19,5
Texas,2020-07-19,103
Utah,2020-07-19,0
Virginia,2020-07-19,2
Washington,2020-07-19,3
West Virginia,2020-07-19,0
Wisconsin,2020-07-19,1
US,2020-07-19,447
Alabama,2020-07-20,4
Alaska,2020-07-20,0
Arizona,2020-07-20,23
Arkansas,2020-07-20,6
California,2020-07-20,55
Colorado,2020-07-20,6
Connecticut,2020-07-20,10
Delaware,2020-07-20,0
District of Columbia,2020-07-20,1
Florida,2020-07-20,90
Georgia,2020-07-20,3
Hawaii,2020-07-20,0
Idaho,2020-07-20,3
Illinois,2020-07-20,6
Indiana,2020-07-20,3
Iowa,2020-07-20,5
Kansas,2020-07-20,3
Kentucky,2020-07-20,1
Louisiana,2020-07-20,31
Maine,2020-07-20,0
Maryland,2020-07-20,5
Massachusetts,2020-07-20,2
Michigan,2020-07-20,7
Minnesota,2020-07-20,4
Mississippi,2020-07-20,3
Missouri,2020-07-20,2
Montana,2020-07-20,2
Nebraska,2020-07-20,12
Nevada,2020-07-20,1
New Hampshire,2020-07-20,0
New Jersey,2020-07-20,9
New Mexico,2020-07-20,7
New York,2020-07-20,11
North Carolina,2020-07-20,25
North Dakota,2020-07-20,1
Ohio,2020-07-20,15
Oklahoma,2020-07-20,1
Oregon,2020-07-20,2
Pennsylvania,2020-07-20,3
Puerto Rico,2020-07-20,2
Rhode Island,2020-07-20,5
South Carolina,2020-07-20,9
South Dakota,2020-07-20,0
Tennessee,2020-07-20,4
Texas,2020-07-20,117
Utah,2020-07-20,4
Virginia,2020-07-20,4
Washington,2020-07-20,6
West Virginia,2020-07-20,0
Wisconsin,2020-07-20,2
US,2020-07-20,515
Alabama,2020-07-21,12
Alaska,2020-07-21,0
Arizona,2020-07-21,134
Arkansas,2020-07-21,11
California,2020-07-21,118
Colorado,2020-07-21,5
Connecticut,2020-07-21,0
Delaware,2020-07-21,2
District of Columbia,2020-07-21,1
Florida,2020-07-21,134
Georgia,2020-07-21,77
Hawaii,2020-07-21,0
Idaho,2020-07-21,4
Illinois,2020-07-21,23
Indiana,2020-07-21,21
Iowa,2020-07-21,8
Kansas,2020-07-21,4
Kentucky,2020-07-21,3
Louisiana,2020-07-21,36
Maine,2020-07-21,1
Maryland,2020-07-21,20
Massachusetts,2020-07-21,17
Michigan,2020-07-21,9
Minnesota,2020-07-21,3
Mississippi,2020-07-21,31
Missouri,2020-07-21,10
Montana,2020-07-21,1
Nebraska,2020-07-21,0
Nevada,2020-07-21,28
New Hampshire,2020-07-21,2
New Jersey,2020-07-21,22
New Mexico,2020-07-21,10
New York,2020-07-21,12
North Carolina,2020-07-21,28
North Dakota,2020-07-21,1
Ohio,2020-07-21,30
Oklahoma,2020-07-21,9
Oregon,2020-07-21,7
Pennsylvania,2020-07-21,26
Puerto Rico,2020-07-21,0
Rhode Island,2020-07-21,1
South Carolina,2020-07-21,57
South Dakota,2020-07-21,0
Tennessee,2020-07-21,24
Texas,2020-07-21,120
Utah,2020-07-21,4
Virginia,2020-07-21,17
Washington,2020-07-21,12
West Virginia,2020-07-21,1
Wisconsin,2020-07-21,13
US,2020-07-21,1110
Alabama,2020-07-22,61
Alaska,2020-07-22,1
Arizona,2020-07-22,56
Arkansas,2020-07-22,6
California,2020-07-22,159
Colorado,2020-07-22,8
Connecticut,2020-07-22,0
Delaware,2020-07-22,2
District of Columbia,2020-07-22,0
Florida,2020-07-22,139
Georgia,2020-07-22,81
Hawaii,2020-07-22,1
Idaho,2020-07-22,9
Illinois,2020-07-22,23
Indiana,2020-07-22,17
Iowa,2020-07-22,8
Kansas,2020-07-22,5
Kentucky,2020-07-22,3
Louisiana,2020-07-22,60
Maine,2020-07-22,0
Maryland,2020-07-22,3
Massachusetts,2020-07-22,18
Michigan,2020-07-22,6
Minnesota,2020-07-22,4
Mississippi,2020-07-22,34
Missouri,2020-07-22,11
Montana,2020-07-22,2
Nebraska,2020-07-22,1
Nevada,2020-07-22,28
New Hampshire,2020-07-22,2
New Jersey,2020-07-22,0
New Mexico,2020-07-22,3
New York,2020-07-22,43
North Carolina,2020-07-22,27
North Dakota,2020-07-22,2
Ohio,2020-07-22,16
Oklahoma,2020-07-22,13
Oregon,2020-07-22,2
Pennsylvania,2020-07-22,26
Puerto Rico,2020-07-22,5
Rhode Island,2020-07-22,1
South Carolina,2020-07-22,64
South Dakota,2020-07-22,1
Tennessee,2020-07-22,17
Texas,2020-07-22,256
Utah,2020-07-22,9
Virginia,2020-07-22,3
Washington,2020-07-22,3
West Virginia,2020-07-22,0
Wisconsin,2020-07-22,6
US,2020-07-22,1246
Alabama,2020-07-23,33
Alaska,2020-07-23,0
Arizona,2020-07-23,89
Arkansas,2020-07-23,6
California,2020-07-23,154
Colorado,2020-07-23,15
Connecticut,2020-07-23,4
Delaware,2020-07-23,2
District of Columbia,2020-07-23,1
Florida,2020-07-23,173
Georgia,2020-07-23,26
Hawaii,2020-07-23,1
Idaho,2020-07-23,3
Illinois,2020-07-23,20
Indiana,2020-07-23,17
Iowa,2020-07-23,6
Kansas,2020-07-23,1
Kentucky,2020-07-23,7
Louisiana,2020-07-23,16
Maine,2020-07-23,0
Maryland,2020-07-23,4
Massachusetts,2020-07-23,16
Michigan,2020-07-23,7
Minnesota,2020-07-23,9
Mississippi,2020-07-23,13
Missouri,2020-07-23,30
Montana,2020-07-23,1
Nebraska,2020-07-23,5
Nevada,2020-07-23,5
New Hampshire,2020-07-23,3
New Jersey,2020-07-23,23
New Mexico,2020-07-23,5
New York,2020-07-23,9
North Carolina,2020-07-23,24
North Dakota,2020-07-23,1
Ohio,2020-07-23,21
Oklahoma,2020-07-23,3
Oregon,2020-07-23,2
Pennsylvania,2020-07-23,16
Puerto Rico,2020-07-23,3
Rhode Island,2020-07-23,4
South Carolina,2020-07-23,49
South Dakota,2020-07-23,2
Tennessee,2020-07-23,37
Texas,2020-07-23,190
Utah,2020-07-23,7
Virginia,2020-07-23,3
Washington,2020-07-23,14
West Virginia,2020-07-23,1
Wisconsin,2020-07-23,13
US,2020-07-23,1094
Alabama,2020-07-24,41
Alaska,2020-07-24,0
Arizona,2020-07-24,80
Arkansas,2020-07-24,8
California,2020-07-24,136
Colorado,2020-07-24,4
Connecticut,2020-07-24,3
Delaware,2020-07-24,49
District of Columbia,2020-07-24,0
Florida,2020-07-24,135
Georgia,2020-07-24,82
Hawaii,2020-07-24,0
Idaho,2020-07-24,6
Illinois,2020-07-24,17
Indiana,2020-07-24,4
Iowa,2020-07-24,6
Kansas,2020-07-24,8
Kentucky,2020-07-24,7
Louisiana,2020-07-24,29
Maine,2020-07-24,0
Maryland,2020-07-24,13
Massachusetts,2020-07-24,14
Michigan,2020-07-24,5
Minnesota,2020-07-24,5
Mississippi,2020-07-24,27
Missouri,2020-07-24,6
Montana,2020-07-24,3
Nebraska,2020-07-24,0
Nevada,2020-07-24,13
New Hampshire,2020-07-24,2
New Jersey,2020-07-24,35
New Mexico,2020-07-24,5
New York,2020-07-24,11
North Carolina,2020-07-24,33
North Dakota,2020-07-24,2
Ohio,2020-07-24,41
Oklahoma,2020-07-24,7
Oregon,2020-07-24,9
Pennsylvania,2020-07-24,23
Puerto Rico,2020-07-24,3
Rhode Island,2020-07-24,1
South Carolina,2020-07-24,51
South Dakota,2020-07-24,1
Tennessee,2020-07-24,13
Texas,2020-07-24,161
Utah,2020-07-24,6
Virginia,2020-07-24,13
Washington,2020-07-24,13
West Virginia,2020-07-24,1
Wisconsin,2020-07-24,0
US,2020-07-24,1132
Alabama,2020-07-25,18
Alaska,2020-07-25,1
Arizona,2020-07-25,143
Arkansas,2020-07-25,5
California,2020-07-25,71
Colorado,2020-07-25,4
Connecticut,2020-07-25,0
Delaware,2020-07-25,1
District of Columbia,2020-07-25,0
Florida,2020-07-25,124
Georgia,2020-07-25,51
Hawaii,2020-07-25,0
Idaho,2020-07-25,2
Illinois,2020-07-25,12
Indiana,2020-07-25,11
Iowa,2020-07-25,0
Kansas,2020-07-25,0
Kentucky,2020-07-25,5
Louisiana,2020-07-25,0
Maine,2020-07-25,1
Maryland,2020-07-25,11
Massachusetts,2020-07-25,12
Michigan,2020-07-25,0
Minnesota,2020-07-25,5
Mississippi,2020-07-25,15
Missouri,2020-07-25,5
Montana,2020-07-25,0
Nebraska,2020-07-25,0
Nevada,2020-07-25,10
New Hampshire,2020-07-25,2
New Jersey,2020-07-25,11
New Mexico,2020-07-25,6
New York,2020-07-25,10
North Carolina,2020-07-25,22
North Dakota,2020-07-25,0
Ohio,2020-07-25,0
Oklahoma,2020-07-25,12
Oregon,2020-07-25,3
Pennsylvania,2020-07-25,8
Puerto Rico,2020-07-25,10
Rhode Island,2020-07-25,0
South Carolina,2020-07-25,80
South Dakota,2020-07-25,0
Tennessee,2020-07-25,26
Texas,2020-07-25,182
Utah,2020-07-25,1
Virginia,2020-07-25,8
Washington,2020-07-25,0
West Virginia,2020-07-25,0
Wisconsin,2020-07-25,13
US,2020-07-25,901
Alabama,2020-07-26,17
Alaska,2020-07-26,0
Arizona,2020-07-26,19
Arkansas,2020-07-26,2
California,2020-07-26,40
Colorado,2020-07-26,0
Connecticut,2020-07-26,0
Delaware,2020-07-26,0
District of Columbia,2020-07-26,0
Florida,2020-07-26,77
Georgia,2020-07-26,4
Hawaii,2020-07-26,0
Idaho,2020-07-26,0
Illinois,2020-07-26,1
Indiana,2020-07-26,8
Iowa,2020-07-26,3
Kansas,2020-07-26,2
Kentucky,2020-07-26,4
Louisiana,2020-07-26,48
Maine,2020-07-26,0
Maryland,2020-07-26,7
Massachusetts,2020-07-26,19
Michigan,2020-07-26,0
Minnesota,2020-07-26,3
Mississippi,2020-07-26,15
Missouri,2020-07-26,9
Montana,2020-07-26,0
Nebraska,2020-07-26,0
Nevada,2020-07-26,2
New Hampshire,2020-07-26,0
New Jersey,2020-07-26,11
New Mexico,2020-07-26,7
New York,2020-07-26,17
North Carolina,2020-07-26,6
North Dakota,2020-07-26,0
Ohio,2020-07-26,10
Oklahoma,2020-07-26,0
Oregon,2020-07-26,4
Pennsylvania,2020-07-26,3
Puerto Rico,2020-07-26,0
Rhode Island,2020-07-26,0
South Carolina,2020-07-26,26
South Dakota,2020-07-26,1
Tennessee,2020-07-26,3
Texas,2020-07-26,93
Utah,2020-07-26,0
Virginia,2020-07-26,3
Washington,2020-07-26,7
West Virginia,2020-07-26,0
Wisconsin,2020-07-26,1
US,2020-07-26,472
Alabama,2020-07-27,18
Alaska,2020-07-27,1
Arizona,2020-07-27,0
Arkansas,2020-07-27,7
California,2020-07-27,46
Colorado,2020-07-27,5
Connecticut,2020-07-27,5
Delaware,2020-07-27,0
District of Columbia,2020-07-27,1
Florida,2020-07-27,77
Georgia,2020-07-27,11
Hawaii,2020-07-27,0
Idaho,2020-07-27,6
Illinois,2020-07-27,18
Indiana,2020-07-27,3
Iowa,2020-07-27,7
Kansas,2020-07-27,2
Kentucky,2020-07-27,9
Louisiana,2020-07-27,23
Maine,2020-07-27,0
Maryland,2020-07-27,7
Massachusetts,2020-07-27,7
Michigan,2020-07-27,5
Minnesota,2020-07-27,2
Mississippi,2020-07-27,5
Missouri,2020-07-27,12
Montana,2020-07-27,1
Nebraska,2020-07-27,1
Nevada,2020-07-27,5
New Hampshire,2020-07-27,0
New Jersey,2020-07-27,17
New Mexico,2020-07-27,5
New York,2020-07-27,10
North Carolina,2020-07-27,21
North Dakota,2020-07-27,0
Ohio,2020-07-27,37
Oklahoma,2020-07-27,0
Oregon,2020-07-27,0
Pennsylvania,2020-07-27,4
Puerto Rico,2020-07-27,0
Rhode Island,2020-07-27,2
South Carolina,2020-07-27,15
South Dakota,2020-07-27,0
Tennessee,2020-07-27,11
Texas,2020-07-27,685
Utah,2020-07-27,7
Virginia,2020-07-27,4
Washington,2020-07-27,17
West Virginia,2020-07-27,1
Wisconsin,2020-07-27,1
US,2020-07-27,1121
Alabama,2020-07-28,0
Alaska,2020-07-28,1
Arizona,2020-07-28,104
Arkansas,2020-07-28,20
California,2020-07-28,185
Colorado,2020-07-28,8
Connecticut,2020-07-28,5
Delaware,2020-07-28,1
District of Columbia,2020-07-28,1
Florida,2020-07-28,186
Georgia,2020-07-28,54
Hawaii,2020-07-28,0
Idaho,2020-07-28,8
Illinois,2020-07-28,30
Indiana,2020-07-28,18
Iowa,2020-07-28,3
Kansas,2020-07-28,7
Kentucky,2020-07-28,10
Louisiana,2020-07-28,26
Maine,2020-07-28,2
Maryland,2020-07-28,11
Massachusetts,2020-07-28,15
Michigan,2020-07-28,16
Minnesota,2020-07-28,4
Mississippi,2020-07-28,42
Missouri,2020-07-28,11
Montana,2020-07-28,4
Nebraska,2020-07-28,4
Nevada,2020-07-28,20
New Hampshire,2020-07-28,0
New Jersey,2020-07-28,21
New Mexico,2020-07-28,7
New York,2020-07-28,14
North Carolina,2020-07-28,22
North Dakota,2020-07-28,1
Ohio,2020-07-28,38
Oklahoma,2020-07-28,13
Oregon,2020-07-28,14
Pennsylvania,2020-07-28,23
Puerto Rico,2020-07-28,8
Rhode Island,2020-07-28,1
South Carolina,2020-07-28,59
South Dakota,2020-07-28,0
Tennessee,2020-07-28,21
Texas,2020-07-28,270
Utah,2020-07-28,5
Virginia,2020-07-28,13
Washington,2020-07-28,30
West Virginia,2020-07-28,4
Wisconsin,2020-07-28,13
US,2020-07-28,1374
Alabama,2020-07-29,47
Alaska,2020-07-29,0
Arizona,2020-07-29,46
Arkansas,2020-07-29,6
California,2020-07-29,229
Colorado,2020-07-29,15
Connecticut,2020-07-29,2
Delaware,2020-07-29,1
District of Columbia,2020-07-29,1
Florida,2020-07-29,216
Georgia,2020-07-29,79
Hawaii,2020-07-29,0
Idaho,2020-07-29,13
Illinois,2020-07-29,16
Indiana,2020-07-29,8
Iowa,2020-07-29,15
Kansas,2020-07-29,9
Kentucky,2020-07-29,5
Louisiana,2020-07-29,71
Maine,2020-07-29,0
Maryland,2020-07-29,20
Massachusetts,2020-07-29,29
Michigan,2020-07-29,1
Minnesota,2020-07-29,9
Mississippi,2020-07-29,23
Missouri,2020-07-29,7
Montana,2020-07-29,3
Nebraska,2020-07-29,3
Nevada,2020-07-29,21
New Hampshire,2020-07-29,2
New Jersey,2020-07-29,0
New Mexico,2020-07-29,6
New York,2020-07-29,1
North Carolina,2020-07-29,28
North Dakota,2020-07-29,2
Ohio,2020-07-29,40
Oklahoma,2020-07-29,14
Oregon,2020-07-29,8
Pennsylvania,2020-07-29,17
Puerto Rico,2020-07-29,2
Rhode Island,2020-07-29,2
South Carolina,2020-07-29,50
South Dakota,2020-07-29,6
Tennessee,2020-07-29,21
Texas,2020-07-29,313
Utah,2020-07-29,6
Virginia,2020-07-29,30
Washington,2020-07-29,7
West Virginia,2020-07-29,3
Wisconsin,2020-07-29,5
US,2020-07-29,1459
Alabama,2020-07-30,27
Alaska,2020-07-30,1
Arizona,2020-07-30,172
Arkansas,2020-07-30,8
California,2020-07-30,118
Colorado,2020-07-30,0
Connecticut,2020-07-30,6
Delaware,2020-07-30,0
District of Columbia,2020-07-30,0
Florida,2020-07-30,253
Georgia,2020-07-30,29
Hawaii,2020-07-30,0
Idaho,2020-07-30,4
Illinois,2020-07-30,16
Indiana,2020-07-30,14
Iowa,2020-07-30,11
Kansas,2020-07-30,8
Kentucky,2020-07-30,7
Louisiana,2020-07-30,42
Maine,2020-07-30,1
Maryland,2020-07-30,10
Massachusetts,2020-07-30,0
Michigan,2020-07-30,21
Minnesota,2020-07-30,5
Mississippi,2020-07-30,48
Missouri,2020-07-30,16
Montana,2020-07-30,1
Nebraska,2020-07-30,4
Nevada,2020-07-30,21
New Hampshire,2020-07-30,4
New Jersey,2020-07-30,11
New Mexico,2020-07-30,3
New York,2020-07-30,18
North Carolina,2020-07-30,34
North Dakota,2020-07-30,1
Ohio,2020-07-30,20
Oklahoma,2020-07-30,13
Oregon,2020-07-30,5
Pennsylvania,2020-07-30,23
Puerto Rico,2020-07-30,3
Rhode Island,2020-07-30,0
South Carolina,2020-07-30,52
South Dakota,2020-07-30,0
Tennessee,2020-07-30,13
Texas,2020-07-30,123
Utah,2020-07-30,8
Virginia,2020-07-30,16
Washington,2020-07-30,9
West Virginia,2020-07-30,1
Wisconsin,2020-07-30,8
US,2020-07-30,1209
Alabama,2020-07-31,15
Alaska,2020-07-31,0
Arizona,2020-07-31,68
Arkansas,2020-07-31,11
California,2020-07-31,188
Colorado,2020-07-31,16
Connecticut,2020-07-31,1
Delaware,2020-07-31,4
District of Columbia,2020-07-31,1
Florida,2020-07-31,257
Georgia,2020-07-31,81
Hawaii,2020-07-31,0
Idaho,2020-07-31,11
Illinois,2020-07-31,22
Indiana,2020-07-31,19
Iowa,2020-07-31,7
Kansas,2020-07-31,1
Kentucky,2020-07-31,4
Louisiana,2020-07-31,24
Maine,2020-07-31,1
Maryland,2020-07-31,5
Massachusetts,2020-07-31,29
Michigan,2020-07-31,7
Minnesota,2020-07-31,6
Mississippi,2020-07-31,52
Missouri,2020-07-31,10
Montana,2020-07-31,5
Nebraska,2020-07-31,4
Nevada,2020-07-31,29
New Hampshire,2020-07-31,0
New Jersey,2020-07-31,10
New Mexico,2020-07-31,7
New York,2020-07-31,3
North Carolina,2020-07-31,20
North Dakota,2020-07-31,0
Ohio,2020-07-31,47
Oklahoma,2020-07-31,5
Oregon,2020-07-31,6
Pennsylvania,2020-07-31,13
Puerto Rico,2020-07-31,5
Rhode Island,2020-07-31,0
South Carolina,2020-07-31,45
South Dakota,2020-07-31,1
Tennessee,2020-07-31,27
Texas,2020-07-31,120
Utah,2020-07-31,4
Virginia,2020-07-31,33
Washington,2020-07-31,0
West Virginia,2020-07-31,4
Wisconsin,2020-07-31,15
US,2020-07-31,1243
Alabama,2020-08-01,23
Alaska,2020-08-01,1
Arizona,2020-08-01,53
Arkansas,2020-08-01,5
California,2020-08-01,131
Colorado,2020-08-01,6
Connecticut,2020-08-01,0
Delaware,2020-08-01,0
District of Columbia,2020-08-01,0
Florida,2020-08-01,179
Georgia,2020-08-01,73
Hawaii,2020-08-01,0
Idaho,2020-08-01,9
Illinois,2020-08-01,8
Indiana,2020-08-01,6
Iowa,2020-08-01,2
Kansas,2020-08-01,0
Kentucky,2020-08-01,5
Louisiana,2020-08-01,0
Maine,2020-08-01,0
Maryland,2020-08-01,13
Massachusetts,2020-08-01,17
Michigan,2020-08-01,7
Minnesota,2020-08-01,6
Mississippi,2020-08-01,30
Missouri,2020-08-01,11
Montana,2020-08-01,1
Nebraska,2020-08-01,0
Nevada,2020-08-01,2
New Hampshire,2020-08-01,1
New Jersey,2020-08-01,11
New Mexico,2020-08-01,9
New York,2020-08-01,9
North Carolina,2020-08-01,37
North Dakota,2020-08-01,0
Ohio,2020-08-01,26
Oklahoma,2020-08-01,8
Oregon,2020-08-01,3
Pennsylvania,2020-08-01,12
Puerto Rico,2020-08-01,6
Rhode Island,2020-08-01,0
South Carolina,2020-08-01,39
South Dakota,2020-08-01,4
Tennessee,2020-08-01,7
Texas,2020-08-01,267
Utah,2020-08-01,6
Virginia,2020-08-01,41
Washington,2020-08-01,28
West Virginia,2020-08-01,0
Wisconsin,2020-08-01,13
US,2020-08-01,1115
Alabama,2020-08-02,24
Alaska,2020-08-02,0
Arizona,2020-08-02,18
Arkansas,2020-08-02,6
California,2020-08-02,51
Colorado,2020-08-02,0
Connecticut,2020-08-02,0
Delaware,2020-08-02,0
District of Columbia,2020-08-02,1
Florida,2020-08-02,62
Georgia,2020-08-02,15
Hawaii,2020-08-02,0
Idaho,2020-08-02,0
Illinois,2020-08-02,14
Indiana,2020-08-02,4
Iowa,2020-08-02,4
Kansas,2020-08-02,3
Kentucky,2020-08-02,2
Louisiana,2020-08-02,58
Maine,2020-08-02,0
Maryland,2020-08-02,9
Massachusetts,2020-08-02,12
Michigan,2020-08-02,0
Minnesota,2020-08-02,8
Mississippi,2020-08-02,10
Missouri,2020-08-02,0
Montana,2020-08-02,0
Nebraska,2020-08-02,0
Nevada,2020-08-02,0
New Hampshire,2020-08-02,1
New Jersey,2020-08-02,6
New Mexico,2020-08-02,3
New York,2020-08-02,13
North Carolina,2020-08-02,4
North Dakota,2020-08-02,2
Ohio,2020-08-02,14
Oklahoma,2020-08-02,1
Oregon,2020-08-02,1
Pennsylvania,2020-08-02,4
Puerto Rico,2020-08-02,5
Rhode Island,2020-08-02,0
South Carolina,2020-08-02,26
South Dakota,2020-08-02,1
Tennessee,2020-08-02,6
Texas,2020-08-02,5
Utah,2020-08-02,1
Virginia,2020-08-02,3
Washington,2020-08-02,4
West Virginia,2020-08-02,1
Wisconsin,2020-08-02,1
US,2020-08-02,403
Alabama,2020-08-03,6
Alaska,2020-08-03,1
Arizona,2020-08-03,14
Arkansas,2020-08-03,11
California,2020-08-03,45
Colorado,2020-08-03,0
Connecticut,2020-08-03,5
Delaware,2020-08-03,0
District of Columbia,2020-08-03,0
Florida,2020-08-03,73
Georgia,2020-08-03,2
Hawaii,2020-08-03,0
Idaho,2020-08-03,3
Illinois,2020-08-03,9
Indiana,2020-08-03,5
Iowa,2020-08-03,6
Kansas,2020-08-03,6
Kentucky,2020-08-03,2
Louisiana,2020-08-03,17
Maine,2020-08-03,1
Maryland,2020-08-03,8
Massachusetts,2020-08-03,10
Michigan,2020-08-03,10
Minnesota,2020-08-03,2
Mississippi,2020-08-03,8
Missouri,2020-08-03,3
Montana,2020-08-03,3
Nebraska,2020-08-03,0
Nevada,2020-08-03,15
New Hampshire,2020-08-03,0
New Jersey,2020-08-03,10
New Mexico,2020-08-03,1
New York,2020-08-03,0
North Carolina,2020-08-03,60
North Dakota,2020-08-03,0
Ohio,2020-08-03,10
Oklahoma,2020-08-03,1
Oregon,2020-08-03,2
Pennsylvania,2020-08-03,1
Puerto Rico,2020-08-03,0
Rhode Island,2020-08-03,3
South Carolina,2020-08-03,16
South Dakota,2020-08-03,0
Tennessee,2020-08-03,19
Texas,2020-08-03,5
Utah,2020-08-03,3
Virginia,2020-08-03,0
Washington,2020-08-03,4
West Virginia,2020-08-03,0
Wisconsin,2020-08-03,1
US,2020-08-03,402
Alabama,2020-08-04,33
Alaska,2020-08-04,0
Arizona,2020-08-04,66
Arkansas,2020-08-04,15
California,2020-08-04,243
Colorado,2020-08-04,5
Connecticut,2020-08-04,0
Delaware,2020-08-04,2
District of Columbia,2020-08-04,1
Florida,2020-08-04,245
Georgia,2020-08-04,79
Hawaii,2020-08-04,1
Idaho,2020-08-04,10
Illinois,2020-08-04,19
Indiana,2020-08-04,16
Iowa,2020-08-04,4
Kansas,2020-08-04,1
Kentucky,2020-08-04,7
Louisiana,2020-08-04,27
Maine,2020-08-04,0
Maryland,2020-08-04,7
Massachusetts,2020-08-04,9
Michigan,2020-08-04,4
Minnesota,2020-08-04,4
Mississippi,2020-08-04,42
Missouri,2020-08-04,11
Montana,2020-08-04,0
Nebraska,2020-08-04,4
Nevada,2020-08-04,15
New Hampshire,2020-08-04,1
New Jersey,2020-08-04,11
New Mexico,2020-08-04,3
New York,2020-08-04,6
North Carolina,2020-08-04,18
North Dakota,2020-08-04,2
Ohio,2020-08-04,31
Oklahoma,2020-08-04,15
Oregon,2020-08-04,5
Pennsylvania,2020-08-04,24
Puerto Rico,2020-08-04,7
Rhode Island,2020-08-04,1
South Carolina,2020-08-04,54
South Dakota,2020-08-04,1
Tennessee,2020-08-04,25
Texas,2020-08-04,234
Utah,2020-08-04,7
Virginia,2020-08-04,26
Washington,2020-08-04,19
West Virginia,2020-08-04,7
Wisconsin,2020-08-04,12
US,2020-08-04,1379
Alabama,2020-08-05,29
Alaska,2020-08-05,0
Arizona,2020-08-05,87
Arkansas,2020-08-05,18
California,2020-08-05,124
Colorado,2020-08-05,2
Connecticut,2020-08-05,0
Delaware,2020-08-05,0
District of Columbia,2020-08-05,0
Florida,2020-08-05,225
Georgia,2020-08-05,63
Hawaii,2020-08-05,0
Idaho,2020-08-05,7
Illinois,2020-08-05,28
Indiana,2020-08-05,11
Iowa,2020-08-05,12
Kansas,2020-08-05,4
Kentucky,2020-08-05,1
Louisiana,2020-08-05,45
Maine,2020-08-05,1
Maryland,2020-08-05,6
Massachusetts,2020-08-05,2
Michigan,2020-08-05,7
Minnesota,2020-08-05,10
Mississippi,2020-08-05,51
Missouri,2020-08-05,7
Montana,2020-08-05,1
Nebraska,2020-08-05,8
Nevada,2020-08-05,28
New Hampshire,2020-08-05,0
New Jersey,2020-08-05,0
New Mexico,2020-08-05,9
New York,2020-08-05,33
North Carolina,2020-08-05,24
North Dakota,2020-08-05,1
Ohio,2020-08-05,26
Oklahoma,2020-08-05,17
Oregon,2020-08-05,5
Pennsylvania,2020-08-05,6
Puerto Rico,2020-08-05,9
Rhode Island,2020-08-05,1
South Carolina,2020-08-05,47
South Dakota,2020-08-05,1
Tennessee,2020-08-05,27
Texas,2020-08-05,358
Utah,2020-08-05,6
Virginia,2020-08-05,30
Washington,2020-08-05,5
West Virginia,2020-08-05,0
Wisconsin,2020-08-05,9
US,2020-08-05,1391
Alabama,2020-08-06,19
Alaska,2020-08-06,0
Arizona,2020-08-06,70
Arkansas,2020-08-06,7
California,2020-08-06,213
Colorado,2020-08-06,1
Connecticut,2020-08-06,0
Delaware,2020-08-06,0
District of Columbia,2020-08-06,0
Florida,2020-08-06,120
Georgia,2020-08-06,42
Hawaii,2020-08-06,2
Idaho,2020-08-06,6
Illinois,2020-08-06,21
Indiana,2020-08-06,6
Iowa,2020-08-06,12
Kansas,2020-08-06,6
Kentucky,2020-08-06,8
Louisiana,2020-08-06,50
Maine,2020-08-06,0
Maryland,2020-08-06,15
Massachusetts,2020-08-06,32
Michigan,2020-08-06,28
Minnesota,2020-08-06,7
Mississippi,2020-08-06,21
Missouri,2020-08-06,5
Montana,2020-08-06,0
Nebraska,2020-08-06,0
Nevada,2020-08-06,10
New Hampshire,2020-08-06,1
New Jersey,2020-08-06,7
New Mexico,2020-08-06,2
New York,2020-08-06,5
North Carolina,2020-08-06,41
North Dakota,2020-08-06,1
Ohio,2020-08-06,22
Oklahoma,2020-08-06,10
Oregon,2020-08-06,1
Pennsylvania,2020-08-06,28
Puerto Rico,2020-08-06,12
Rhode Island,2020-08-06,2
South Carolina,2020-08-06,48
South Dakota,2020-08-06,4
Tennessee,2020-08-06,42
Texas,2020-08-06,259
Utah,2020-08-06,3
Virginia,2020-08-06,25
Washington,2020-08-06,29
West Virginia,2020-08-06,0
Wisconsin,2020-08-06,8
US,2020-08-06,1253
Alabama,2020-08-07,21
Alaska,2020-08-07,0
Arizona,2020-08-07,79
Arkansas,2020-08-07,6
California,2020-08-07,112
Colorado,2020-08-07,5
Connecticut,2020-08-07,4
Delaware,2020-08-07,1
District of Columbia,2020-08-07,2
Florida,2020-08-07,180
Georgia,2020-08-07,91
Hawaii,2020-08-07,2
Idaho,2020-08-07,6
Illinois,2020-08-07,31
Indiana,2020-08-07,10
Iowa,2020-08-07,3
Kansas,2020-08-07,1
Kentucky,2020-08-07,4
Louisiana,2020-08-07,61
Maine,2020-08-07,0
Maryland,2020-08-07,14
Massachusetts,2020-08-07,18
Michigan,2020-08-07,18
Minnesota,2020-08-07,4
Mississippi,2020-08-07,23
Missouri,2020-08-07,22
Montana,2020-08-07,5
Nebraska,2020-08-07,5
Nevada,2020-08-07,20
New Hampshire,2020-08-07,0
New Jersey,2020-08-07,0
New Mexico,2020-08-07,6
New York,2020-08-07,3
North Carolina,2020-08-07,34
North Dakota,2020-08-07,1
Ohio,2020-08-07,34
Oklahoma,2020-08-07,7
Oregon,2020-08-07,9
Pennsylvania,2020-08-07,14
Puerto Rico,2020-08-07,7
Rhode Island,2020-08-07,0
South Carolina,2020-08-07,20
South Dakota,2020-08-07,3
Tennessee,2020-08-07,20
Texas,2020-08-07,278
Utah,2020-08-07,5
Virginia,2020-08-07,18
Washington,2020-08-07,19
West Virginia,2020-08-07,3
Wisconsin,2020-08-07,12
US,2020-08-07,1242
Alabama,2020-08-08,20
Alaska,2020-08-08,1
Arizona,2020-08-08,56
Arkansas,2020-08-08,14
California,2020-08-08,174
Colorado,2020-08-08,0
Connecticut,2020-08-08,0
Delaware,2020-08-08,2
District of Columbia,2020-08-08,1
Florida,2020-08-08,182
Georgia,2020-08-08,69
Hawaii,2020-08-08,0
Idaho,2020-08-08,6
Illinois,2020-08-08,18
Indiana,2020-08-08,13
Iowa,2020-08-08,12
Kansas,2020-08-08,1
Kentucky,2020-08-08,8
Louisiana,2020-08-08,0
Maine,2020-08-08,1
Maryland,2020-08-08,12
Massachusetts,2020-08-08,12
Michigan,2020-08-08,0
Minnesota,2020-08-08,8
Mississippi,2020-08-08,26
Missouri,2020-08-08,3
Montana,2020-08-08,5
Nebraska,2020-08-08,0
Nevada,2020-08-08,29
New Hampshire,2020-08-08,0
New Jersey,2020-08-08,20
New Mexico,2020-08-08,6
New York,2020-08-08,9
North Carolina,2020-08-08,24
North Dakota,2020-08-08,2
Ohio,2020-08-08,16
Oklahoma,2020-08-08,3
Oregon,2020-08-08,7
Pennsylvania,2020-08-08,14
Puerto Rico,2020-08-08,9
Rhode Island,2020-08-08,0
South Carolina,2020-08-08,45
South Dakota,2020-08-08,2
Tennessee,2020-08-08,9
Texas,2020-08-08,211
Utah,2020-08-08,0
Virginia,2020-08-08,5
Washington,2020-08-08,16
West Virginia,2020-08-08,4
Wisconsin,2020-08-08,6
US,2020-08-08,1081
Alabama,2020-08-09,13
Alaska,2020-08-09,0
Arizona,2020-08-09,13
Arkansas,2020-08-09,9
California,2020-08-09,70
Colorado,2020-08-09,1
Connecticut,2020-08-09,0
Delaware,2020-08-09,1
District of Columbia,2020-08-09,1
Florida,2020-08-09,77
Georgia,2020-08-09,13
Hawaii,2020-08-09,0
Idaho,2020-08-09,2
Illinois,2020-08-09,5
Indiana,2020-08-09,5
Iowa,2020-08-09,4
Kansas,2020-08-09,0
Kentucky,2020-08-09,1
Louisiana,2020-08-09,56
Maine,2020-08-09,0
Maryland,2020-08-09,8
Massachusetts,2020-08-09,14
Michigan,2020-08-09,0
Minnesota,2020-08-09,9
Mississippi,2020-08-09,22
Missouri,2020-08-09,7
Montana,2020-08-09,0
Nebraska,2020-08-09,0
Nevada,2020-08-09,8
New Hampshire,2020-08-09,0
New Jersey,2020-08-09,5
New Mexico,2020-08-09,4
New York,2020-08-09,2
North Carolina,2020-08-09,8
North Dakota,2020-08-09,0
Ohio,2020-08-09,1
Oklahoma,2020-08-09,0
Oregon,2020-08-09,1
Pennsylvania,2020-08-09,1
Puerto Rico,2020-08-09,5
Rhode Island,2020-08-09,0
South Carolina,2020-08-09,24
South Dakota,2020-08-09,0
Tennessee,2020-08-09,8
Texas,2020-08-09,99
Utah,2020-08-09,1
Virginia,2020-08-09,4
Washington,2020-08-09,0
West Virginia,2020-08-09,8
Wisconsin,2020-08-09,2
US,2020-08-09,512
Alabama,2020-08-10,29
Alaska,2020-08-10,0
Arizona,2020-08-10,4
Arkansas,2020-08-10,11
California,2020-08-10,99
Colorado,2020-08-10,4
Connecticut,2020-08-10,3
Delaware,2020-08-10,0
District of Columbia,2020-08-10,0
Florida,2020-08-10,91
Georgia,2020-08-10,30
Hawaii,2020-08-10,3
Idaho,2020-08-10,2
Illinois,2020-08-10,1
Indiana,2020-08-10,3
Iowa,2020-08-10,3
Kansas,2020-08-10,6
Kentucky,2020-08-10,2
Louisiana,2020-08-10,24
Maine,2020-08-10,0
Maryland,2020-08-10,6
Massachusetts,2020-08-10,6
Michigan,2020-08-10,7
Minnesota,2020-08-10,3
Mississippi,2020-08-10,16
Missouri,2020-08-10,7
Montana,2020-08-10,0
Nebraska,2020-08-10,3
Nevada,2020-08-10,6
New Hampshire,2020-08-10,0
New Jersey,2020-08-10,4
New Mexico,2020-08-10,5
New York,2020-08-10,9
North Carolina,2020-08-10,7
North Dakota,2020-08-10,1
Ohio,2020-08-10,4
Oklahoma,2020-08-10,2
Oregon,2020-08-10,1
Pennsylvania,2020-08-10,3
Puerto Rico,2020-08-10,0
Rhode Island,2020-08-10,1
South Carolina,2020-08-10,17
South Dakota,2020-08-10,0
Tennessee,2020-08-10,10
Texas,2020-08-10,73
Utah,2020-08-10,9
Virginia,2020-08-10,1
Washington,2020-08-10,9
West Virginia,2020-08-10,2
Wisconsin,2020-08-10,0
US,2020-08-10,527
Alabama,2020-08-11,50
Alaska,2020-08-11,0
Arizona,2020-08-11,45
Arkansas,2020-08-11,11
California,2020-08-11,47
Colorado,2020-08-11,12
Connecticut,2020-08-11,0
Delaware,2020-08-11,0
District of Columbia,2020-08-11,2
Florida,2020-08-11,276
Georgia,2020-08-11,122
Hawaii,2020-08-11,0
Idaho,2020-08-11,7
Illinois,2020-08-11,20
Indiana,2020-08-11,25
Iowa,2020-08-11,12
Kansas,2020-08-11,7
Kentucky,2020-08-11,8
Louisiana,2020-08-11,26
Maine,2020-08-11,1
Maryland,2020-08-11,13
Massachusetts,2020-08-11,10
Michigan,2020-08-11,7
Minnesota,2020-08-11,6
Mississippi,2020-08-11,32
Missouri,2020-08-11,5
Montana,2020-08-11,2
Nebraska,2020-08-11,3
Nevada,2020-08-11,18
New Hampshire,2020-08-11,0
New Jersey,2020-08-11,12
New Mexico,2020-08-11,3
New York,2020-08-11,6
North Carolina,2020-08-11,39
North Dakota,2020-08-11,5
Ohio,2020-08-11,35
Oklahoma,2020-08-11,13
Oregon,2020-08-11,11
Pennsylvania,2020-08-11,29
Puerto Rico,2020-08-11,8
Rhode Island,2020-08-11,1
South Carolina,2020-08-11,50
South Dakota,2020-08-11,0
Tennessee,2020-08-11,38
Texas,2020-08-11,0
Utah,2020-08-11,4
Virginia,2020-08-11,17
Washington,2020-08-11,19
West Virginia,2020-08-11,6
Wisconsin,2020-08-11,8
US,2020-08-11,1072
Alabama,2020-08-12,35
Alaska,2020-08-12,1
Arizona,2020-08-12,148
Arkansas,2020-08-12,6
California,2020-08-12,230
Colorado,2020-08-12,1
Connecticut,2020-08-12,6
Delaware,2020-08-12,1
District of Columbia,2020-08-12,0
Florida,2020-08-12,212
Georgia,2020-08-12,105
Hawaii,2020-08-12,4
Idaho,2020-08-12,0
Illinois,2020-08-12,15
Indiana,2020-08-12,17
Iowa,2020-08-12,7
Kansas,2020-08-12,4
Kentucky,2020-08-12,7
Louisiana,2020-08-12,43
Maine,2020-08-12,0
Maryland,2020-08-12,8
Massachusetts,2020-08-12,18
Michigan,2020-08-12,6
Minnesota,2020-08-12,17
Mississippi,2020-08-12,45
Missouri,2020-08-12,8
Montana,2020-08-12,3
Nebraska,2020-08-12,5
Nevada,2020-08-12,15
New Hampshire,2020-08-12,1
New Jersey,2020-08-12,0
New Mexico,2020-08-12,2
New York,2020-08-12,8
North Carolina,2020-08-12,42
North Dakota,2020-08-12,2
Ohio,2020-08-12,26
Oklahoma,2020-08-12,9
Oregon,2020-08-12,7
Pennsylvania,2020-08-12,37
Puerto Rico,2020-08-12,8
Rhode Island,2020-08-12,2
South Carolina,2020-08-12,46
South Dakota,2020-08-12,1
Tennessee,2020-08-12,18
Texas,2020-08-12,305
Utah,2020-08-12,2
Virginia,2020-08-12,8
Washington,2020-08-12,8
West Virginia,2020-08-12,6
Wisconsin,2020-08-12,5
US,2020-08-12,1510
Alabama,2020-08-13,8
Alaska,2020-08-13,0
Arizona,2020-08-13,36
Arkansas,2020-08-13,10
California,2020-08-13,117
Colorado,2020-08-13,7
Connecticut,2020-08-13,0
Delaware,2020-08-13,1
District of Columbia,2020-08-13,1
Florida,2020-08-13,148
Georgia,2020-08-13,82
Hawaii,2020-08-13,2
Idaho,2020-08-13,5
Illinois,2020-08-13,24
Indiana,2020-08-13,19
Iowa,2020-08-13,7
Kansas,2020-08-13,6
Kentucky,2020-08-13,6
Louisiana,2020-08-13,46
Maine,2020-08-13,0
Maryland,2020-08-13,8
Massachusetts,2020-08-13,21
Michigan,2020-08-13,16
Minnesota,2020-08-13,7
Mississippi,2020-08-13,22
Missouri,2020-08-13,2
Montana,2020-08-13,1
Nebraska,2020-08-13,4
Nevada,2020-08-13,34
New Hampshire,2020-08-13,2
New Jersey,2020-08-13,8
New Mexico,2020-08-13,2
New York,2020-08-13,2
North Carolina,2020-08-13,7
North Dakota,2020-08-13,0
Ohio,2020-08-13,21
Oklahoma,2020-08-13,11
Oregon,2020-08-13,8
Pennsylvania,2020-08-13,15
Puerto Rico,2020-08-13,11
Rhode Island,2020-08-13,1
South Carolina,2020-08-13,40
South Dakota,2020-08-13,1
Tennessee,2020-08-13,24
Texas,2020-08-13,244
Utah,2020-08-13,2
Virginia,2020-08-13,11
Washington,2020-08-13,12
West Virginia,2020-08-13,0
Wisconsin,2020-08-13,7
US,2020-08-13,1070
Alabama,2020-08-14,3
Alaska,2020-08-14,0
Arizona,2020-08-14,40
Arkansas,2020-08-14,5
California,2020-08-14,278
Colorado,2020-08-14,6
Connecticut,2020-08-14,3
Delaware,2020-08-14,0
District of Columbia,2020-08-14,0
Florida,2020-08-14,228
Georgia,2020-08-14,35
Hawaii,2020-08-14,0
Idaho,2020-08-14,14
Illinois,2020-08-14,27
Indiana,2020-08-14,8
Iowa,2020-08-14,10
Kansas,2020-08-14,1
Kentucky,2020-08-14,8
Louisiana,2020-08-14,28
Maine,2020-08-14,0
Maryland,2020-08-14,11
Massachusetts,2020-08-14,20
Michigan,2020-08-14,11
Minnesota,2020-08-14,8
Mississippi,2020-08-14,32
Missouri,2020-08-14,9
Montana,2020-08-14,0
Nebraska,2020-08-14,1
Nevada,2020-08-14,15
New Hampshire,2020-08-14,1
New Jersey,2020-08-14,10
New Mexico,2020-08-14,6
New York,2020-08-14,18
North Carolina,2020-08-14,26
North Dakota,2020-08-14,1
Ohio,2020-08-14,29
Oklahoma,2020-08-14,6
Oregon,2020-08-14,2
Pennsylvania,2020-08-14,39
Puerto Rico,2020-08-14,11
Rhode Island,2020-08-14,2
South Carolina,2020-08-14,20
South Dakota,2020-08-14,2
Tennessee,2020-08-14,13
Texas,2020-08-14,307
Utah,2020-08-14,7
Virginia,2020-08-14,7
Washington,2020-08-14,19
West Virginia,2020-08-14,4
Wisconsin,2020-08-14,7
US,2020-08-14,1338
Alabama,2020-08-15,3
Alaska,2020-08-15,1
Arizona,2020-08-15,69
Arkansas,2020-08-15,13
California,2020-08-15,70
Colorado,2020-08-15,8
Connecticut,2020-08-15,0
Delaware,2020-08-15,0
District of Columbia,2020-08-15,3
Florida,2020-08-15,204
Georgia,2020-08-15,96
Hawaii,2020-08-15,0
Idaho,2020-08-15,4
Illinois,2020-08-15,5
Indiana,2020-08-15,15
Iowa,2020-08-15,5
Kansas,2020-08-15,2
Kentucky,2020-08-15,6
Louisiana,2020-08-15,0
Maine,2020-08-15,1
Maryland,2020-08-15,5
Massachusetts,2020-08-15,16
Michigan,2020-08-15,20
Minnesota,2020-08-15,0
Mississippi,2020-08-15,37
Missouri,2020-08-15,13
Montana,2020-08-15,1
Nebraska,2020-08-15,0
Nevada,2020-08-15,24
New Hampshire,2020-08-15,0
New Jersey,2020-08-15,7
New Mexico,2020-08-15,8
New York,2020-08-15,11
North Carolina,2020-08-15,30
North Dakota,2020-08-15,0
Ohio,2020-08-15,40
Oklahoma,2020-08-15,13
Oregon,2020-08-15,1
Pennsylvania,2020-08-15,17
Puerto Rico,2020-08-15,12
Rhode Island,2020-08-15,0
South Carolina,2020-08-15,56
South Dakota,2020-08-15,2
Tennessee,2020-08-15,19
Texas,2020-08-15,190
Utah,2020-08-15,3
Virginia,2020-08-15,11
Washington,2020-08-15,11
West Virginia,2020-08-15,3
Wisconsin,2020-08-15,13
US,2020-08-15,1068
Alabama,2020-08-16,2
Alaska,2020-08-16,0
Arizona,2020-08-16,14
Arkansas,2020-08-16,0
California,2020-08-16,25
Colorado,2020-08-16,0
Connecticut,2020-08-16,0
Delaware,2020-08-16,0
District of Columbia,2020-08-16,0
Florida,2020-08-16,107
Georgia,2020-08-16,33
Hawaii,2020-08-16,0
Idaho,2020-08-16,0
Illinois,2020-08-16,18
Indiana,2020-08-16,5
Iowa,2020-08-16,0
Kansas,2020-08-16,0
Kentucky,2020-08-16,0
Louisiana,2020-08-16,77
Maine,2020-08-16,0
Maryland,2020-08-16,3
Massachusetts,2020-08-16,12
Michigan,2020-08-16,6
Minnesota,2020-08-16,47
Mississippi,2020-08-16,4
Missouri,2020-08-16,5
Montana,2020-08-16,0
Nebraska,2020-08-16,0
Nevada,2020-08-16,3
New Hampshire,2020-08-16,0
New Jersey,2020-08-16,2
New Mexico,2020-08-16,3
New York,2020-08-16,7
North Carolina,2020-08-16,4
North Dakota,2020-08-16,4
Ohio,2020-08-16,2
Oklahoma,2020-08-16,4
Oregon,2020-08-16,2
Pennsylvania,2020-08-16,2
Puerto Rico,2020-08-16,6
Rhode Island,2020-08-16,0
South Carolina,2020-08-16,9
South Dakota,2020-08-16,1
Tennessee,2020-08-16,21
Texas,2020-08-16,128
Utah,2020-08-16,0
Virginia,2020-08-16,0
Washington,2020-08-16,15
West Virginia,2020-08-16,0
Wisconsin,2020-08-16,1
US,2020-08-16,572
Alabama,2020-08-17,27
Alaska,2020-08-17,0
Arizona,2020-08-17,0
Arkansas,2020-08-17,4
California,2020-08-17,53
Colorado,2020-08-17,0
Connecticut,2020-08-17,3
Delaware,2020-08-17,0
District of Columbia,2020-08-17,0
Florida,2020-08-17,87
Georgia,2020-08-17,25
Hawaii,2020-08-17,0
Idaho,2020-08-17,4
Illinois,2020-08-17,12
Indiana,2020-08-17,2
Iowa,2020-08-17,12
Kansas,2020-08-17,0
Kentucky,2020-08-17,8
Louisiana,2020-08-17,19
Maine,2020-08-17,0
Maryland,2020-08-17,2
Massachusetts,2020-08-17,4
Michigan,2020-08-17,0
Minnesota,2020-08-17,6
Mississippi,2020-08-17,11
Missouri,2020-08-17,32
Montana,2020-08-17,0
Nebraska,2020-08-17,1
Nevada,2020-08-17,5
New Hampshire,2020-08-17,0
New Jersey,2020-08-17,4
New Mexico,2020-08-17,4
New York,2020-08-17,7
North Carolina,2020-08-17,1
North Dakota,2020-08-17,1
Ohio,2020-08-17,6
Oklahoma,2020-08-17,4
Oregon,2020-08-17,0
Pennsylvania,2020-08-17,0
Puerto Rico,2020-08-17,0
Rhode Island,2020-08-17,2
South Carolina,2020-08-17,19
South Dakota,2020-08-17,0
Tennessee,2020-08-17,21
Texas,2020-08-17,51
Utah,2020-08-17,1
Virginia,2020-08-17,4
Washington,2020-08-17,4
West Virginia,2020-08-17,0
Wisconsin,2020-08-17,0
US,2020-08-17,446
Alabama,2020-08-18,11
Alaska,2020-08-18,1
Arizona,2020-08-18,23
Arkansas,2020-08-18,16
California,2020-08-18,208
Colorado,2020-08-18,3
Connecticut,2020-08-18,0
Delaware,2020-08-18,0
District of Columbia,2020-08-18,2
Florida,2020-08-18,219
Georgia,2020-08-18,67
Hawaii,2020-08-18,1
Idaho,2020-08-18,9
Illinois,2020-08-18,27
Indiana,2020-08-18,30
Iowa,2020-08-18,15
Kansas,2020-08-18,5
Kentucky,2020-08-18,12
Louisiana,2020-08-18,28
Maine,2020-08-18,0
Maryland,2020-08-18,9
Massachusetts,2020-08-18,6
Michigan,2020-08-18,16
Minnesota,2020-08-18,9
Mississippi,2020-08-18,32
Missouri,2020-08-18,10
Montana,2020-08-18,2
Nebraska,2020-08-18,7
Nevada,2020-08-18,25
New Hampshire,2020-08-18,1
New Jersey,2020-08-18,9
New Mexico,2020-08-18,5
New York,2020-08-18,12
North Carolina,2020-08-18,48
North Dakota,2020-08-18,2
Ohio,2020-08-18,34
Oklahoma,2020-08-18,14
Oregon,2020-08-18,9
Pennsylvania,2020-08-18,21
Puerto Rico,2020-08-18,11
Rhode Island,2020-08-18,1
South Carolina,2020-08-18,55
South Dakota,2020-08-18,1
Tennessee,2020-08-18,37
Texas,2020-08-18,231
Utah,2020-08-18,5
Virginia,2020-08-18,11
Washington,2020-08-18,23
West Virginia,2020-08-18,2
Wisconsin,2020-08-18,0
US,2020-08-18,1325
Alabama,2020-08-19,8
Alaska,2020-08-19,0
Arizona,2020-08-19,105
Arkansas,2020-08-19,12
California,2020-08-19,186
Colorado,2020-08-19,1
Connecticut,2020-08-19,1
Delaware,2020-08-19,2
District of Columbia,2020-08-19,1
Florida,2020-08-19,174
Georgia,2020-08-19,55
Hawaii,2020-08-19,1
Idaho,2020-08-19,7
Illinois,2020-08-19,23
Indiana,2020-08-19,15
Iowa,2020-08-19,8
Kansas,2020-08-19,4
Kentucky,2020-08-19,12
Louisiana,2020-08-19,55
Maine,2020-08-19,0
Maryland,2020-08-19,11
Massachusetts,2020-08-19,28
Michigan,2020-08-19,10
Minnesota,2020-08-19,17
Mississippi,2020-08-19,36
Missouri,2020-08-19,9
Montana,2020-08-19,0
Nebraska,2020-08-19,2
Nevada,2020-08-19,32
New Hampshire,2020-08-19,3
New Jersey,2020-08-19,1
New Mexico,2020-08-19,6
New York,2020-08-19,5
North Carolina,2020-08-19,35
North Dakota,2020-08-19,2
Ohio,2020-08-19,41
Oklahoma,2020-08-19,20
Oregon,2020-08-19,11
Pennsylvania,2020-08-19,34
Puerto Rico,2020-08-19,10
Rhode Island,2020-08-19,3
South Carolina,2020-08-19,17
South Dakota,2020-08-19,1
Tennessee,2020-08-19,28
Texas,2020-08-19,256
Utah,2020-08-19,8
Virginia,2020-08-19,14
Washington,2020-08-19,14
West Virginia,2020-08-19,4
Wisconsin,2020-08-19,21
US,2020-08-19,1353
Alabama,2020-08-20,30
Alaska,2020-08-20,0
Arizona,2020-08-20,50
Arkansas,2020-08-20,10
California,2020-08-20,120
Colorado,2020-08-20,3
Connecticut,2020-08-20,1
Delaware,2020-08-20,0
District of Columbia,2020-08-20,1
Florida,2020-08-20,117
Georgia,2020-08-20,55
Hawaii,2020-08-20,3
Idaho,2020-08-20,7
Illinois,2020-08-20,27
Indiana,2020-08-20,11
Iowa,2020-08-20,6
Kansas,2020-08-20,4
Kentucky,2020-08-20,14
Louisiana,2020-08-20,28
Maine,2020-08-20,1
Maryland,2020-08-20,8
Massachusetts,2020-08-20,12
Michigan,2020-08-20,16
Minnesota,2020-08-20,7
Mississippi,2020-08-20,27
Missouri,2020-08-20,8
Montana,2020-08-20,5
Nebraska,2020-08-20,2
Nevada,2020-08-20,38
New Hampshire,2020-08-20,1
New Jersey,2020-08-20,6
New Mexico,2020-08-20,5
New York,2020-08-20,0
North Carolina,2020-08-20,34
North Dakota,2020-08-20,0
Ohio,2020-08-20,22
Oklahoma,2020-08-20,10
Oregon,2020-08-20,4
Pennsylvania,2020-08-20,12
Puerto Rico,2020-08-20,11
Rhode Island,2020-08-20,1
South Carolina,2020-08-20,41
South Dakota,2020-08-20,2
Tennessee,2020-08-20,36
Texas,2020-08-20,240
Utah,2020-08-20,4
Virginia,2020-08-20,17
Washington,2020-08-20,15
West Virginia,2020-08-20,1
Wisconsin,2020-08-20,7
US,2020-08-20,1082
Alabama,2020-08-21,22
Alaska,2020-08-21,1
Arizona,2020-08-21,4
Arkansas,2020-08-21,22
California,2020-08-21,136
Colorado,2020-08-21,7
Connecticut,2020-08-21,2
Delaware,2020-08-21,5
District of Columbia,2020-08-21,1
Florida,2020-08-21,119
Georgia,2020-08-21,94
Hawaii,2020-08-21,1
Idaho,2020-08-21,9
Illinois,2020-08-21,22
Indiana,2020-08-21,17
Iowa,2020-08-21,13
Kansas,2020-08-21,7
Kentucky,2020-08-21,8
Louisiana,2020-08-21,50
Maine,2020-08-21,1
Maryland,2020-08-21,5
Massachusetts,2020-08-21,13
Michigan,2020-08-21,0
Minnesota,2020-08-21,8
Mississippi,2020-08-21,24
Missouri,2020-08-21,3
Montana,2020-08-21,0
Nebraska,2020-08-21,3
Nevada,2020-08-21,13
New Hampshire,2020-08-21,0
New Jersey,2020-08-21,9
New Mexico,2020-08-21,5
New York,2020-08-21,0
North Carolina,2020-08-21,29
North Dakota,2020-08-21,2
Ohio,2020-08-21,26
Oklahoma,2020-08-21,6
Oregon,2020-08-21,2
Pennsylvania,2020-08-21,17
Puerto Rico,2020-08-21,7
Rhode Island,2020-08-21,2
South Carolina,2020-08-21,58
South Dakota,2020-08-21,2
Tennessee,2020-08-21,61
Texas,2020-08-21,241
Utah,2020-08-21,2
Virginia,2020-08-21,9
Washington,2020-08-21,13
West Virginia,2020-08-21,4
Wisconsin,2020-08-21,1
US,2020-08-21,1109
Alabama,2020-08-22,15
Alaska,2020-08-22,1
Arizona,2020-08-22,68
Arkansas,2020-08-22,11
California,2020-08-22,185
Colorado,2020-08-22,8
Connecticut,2020-08-22,0
Delaware,2020-08-22,0
District of Columbia,2020-08-22,2
Florida,2020-08-22,106
Georgia,2020-08-22,94
Hawaii,2020-08-22,1
Idaho,2020-08-22,1
Illinois,2020-08-22,17
Indiana,2020-08-22,10
Iowa,2020-08-22,4
Kansas,2020-08-22,0
Kentucky,2020-08-22,8
Louisiana,2020-08-22,0
Maine,2020-08-22,1
Maryland,2020-08-22,11
Massachusetts,2020-08-22,20
Michigan,2020-08-22,21
Minnesota,2020-08-22,8
Mississippi,2020-08-22,23
Missouri,2020-08-22,6
Montana,2020-08-22,1
Nebraska,2020-08-22,0
Nevada,2020-08-22,12
New Hampshire,2020-08-22,1
New Jersey,2020-08-22,2
New Mexico,2020-08-22,4
New York,2020-08-22,6
North Carolina,2020-08-22,27
North Dakota,2020-08-22,3
Ohio,2020-08-22,20
Oklahoma,2020-08-22,10
Oregon,2020-08-22,3
Pennsylvania,2020-08-22,18
Puerto Rico,2020-08-22,7
Rhode Island,2020-08-22,0
South Carolina,2020-08-22,34
South Dakota,2020-08-22,1
Tennessee,2020-08-22,14
Texas,2020-08-22,163
Utah,2020-08-22,2
Virginia,2020-08-22,7
Washington,2020-08-22,7
West Virginia,2020-08-22,6
Wisconsin,2020-08-22,13
US,2020-08-22,982
Alabama,2020-08-23,2
Alaska,2020-08-23,1
Arizona,2020-08-23,15
Arkansas,2020-08-23,13
California,2020-08-23,22
Colorado,2020-08-23,0
Connecticut,2020-08-23,0
Delaware,2020-08-23,0
District of Columbia,2020-08-23,0
Florida,2020-08-23,51
Georgia,2020-08-23,40
Hawaii,2020-08-23,0
Idaho,2020-08-23,1
Illinois,2020-08-23,6
Indiana,2020-08-23,2
Iowa,2020-08-23,4
Kansas,2020-08-23,0
Kentucky,2020-08-23,0
Louisiana,2020-08-23,59
Maine,2020-08-23,1
Maryland,2020-08-23,6
Massachusetts,2020-08-23,0
Michigan,2020-08-23,4
Minnesota,2020-08-23,6
Mississippi,2020-08-23,3
Missouri,2020-08-23,2
Montana,2020-08-23,0
Nebraska,2020-08-23,2
Nevada,2020-08-23,0
New Hampshire,2020-08-23,0
New Jersey,2020-08-23,3
New Mexico,2020-08-23,2
New York,2020-08-23,12
North Carolina,2020-08-23,10
North Dakota,2020-08-23,1
Ohio,2020-08-23,3
Oklahoma,2020-08-23,1
Oregon,2020-08-23,0
Pennsylvania,2020-08-23,2
Puerto Rico,2020-08-23,9
Rhode Island,2020-08-23,0
South Carolina,2020-08-23,11
South Dakota,2020-08-23,1
Tennessee,2020-08-23,4
Texas,2020-08-23,118
Utah,2020-08-23,0
Virginia,2020-08-23,24
Washington,2020-08-23,6
West Virginia,2020-08-23,2
Wisconsin,2020-08-23,0
US,2020-08-23,450
Alabama,2020-08-24,11
Alaska,2020-08-24,0
Arizona,2020-08-24,0
Arkansas,2020-08-24,9
California,2020-08-24,82
Colorado,2020-08-24,1
Connecticut,2020-08-24,0
Delaware,2020-08-24,4
District of Columbia,2020-08-24,0
Florida,2020-08-24,72
Georgia,2020-08-24,24
Hawaii,2020-08-24,2
Idaho,2020-08-24,7
Illinois,2020-08-24,8
Indiana,2020-08-24,5
Iowa,2020-08-24,10
Kansas,2020-08-24,3
Kentucky,2020-08-24,12
Louisiana,2020-08-24,18
Maine,2020-08-24,0
Maryland,2020-08-24,3
Massachusetts,2020-08-24,28
Michigan,2020-08-24,4
Minnesota,2020-08-24,4
Mississippi,2020-08-24,8
Missouri,2020-08-24,0
Montana,2020-08-24,1
Nebraska,2020-08-24,5
Nevada,2020-08-24,3
New Hampshire,2020-08-24,0
New Jersey,2020-08-24,0
New Mexico,2020-08-24,4
New York,2020-08-24,1
North Carolina,2020-08-24,4
North Dakota,2020-08-24,1
Ohio,2020-08-24,8
Oklahoma,2020-08-24,4
Oregon,2020-08-24,3
Pennsylvania,2020-08-24,0
Puerto Rico,2020-08-24,0
Rhode Island,2020-08-24,5
South Carolina,2020-08-24,7
South Dakota,2020-08-24,0
Tennessee,2020-08-24,21
Texas,2020-08-24,46
Utah,2020-08-24,5
Virginia,2020-08-24,4
Washington,2020-08-24,4
West Virginia,2020-08-24,0
Wisconsin,2020-08-24,0
US,2020-08-24,442
Alabama,2020-08-25,13
Alaska,2020-08-25,4
Arizona,2020-08-25,21
Arkansas,2020-08-25,15
California,2020-08-25,147
Colorado,2020-08-25,7
Connecticut,2020-08-25,3
Delaware,2020-08-25,0
District of Columbia,2020-08-25,0
Florida,2020-08-25,183
Georgia,2020-08-25,106
Hawaii,2020-08-25,0
Idaho,2020-08-25,12
Illinois,2020-08-25,29
Indiana,2020-08-25,16
Iowa,2020-08-25,12
Kansas,2020-08-25,1
Kentucky,2020-08-25,11
Louisiana,2020-08-25,33
Maine,2020-08-25,0
Maryland,2020-08-25,13
Massachusetts,2020-08-25,12
Michigan,2020-08-25,21
Minnesota,2020-08-25,8
Mississippi,2020-08-25,67
Missouri,2020-08-25,17
Montana,2020-08-25,6
Nebraska,2020-08-25,0
Nevada,2020-08-25,30
New Hampshire,2020-08-25,0
New Jersey,2020-08-25,7
New Mexico,2020-08-25,3
New York,2020-08-25,29
North Carolina,2020-08-25,35
North Dakota,2020-08-25,1
Ohio,2020-08-25,10
Oklahoma,2020-08-25,14
Oregon,2020-08-25,8
Pennsylvania,2020-08-25,25
Puerto Rico,2020-08-25,5
Rhode Island,2020-08-25,4
South Carolina,2020-08-25,18
South Dakota,2020-08-25,0
Tennessee,2020-08-25,40
Texas,2020-08-25,193
Utah,2020-08-25,7
Virginia,2020-08-25,23
Washington,2020-08-25,9
West Virginia,2020-08-25,8
Wisconsin,2020-08-25,13
US,2020-08-25,1240
Alabama,2020-08-26,8
Alaska,2020-08-26,1
Arizona,2020-08-26,104
Arkansas,2020-08-26,21
California,2020-08-26,150
Colorado,2020-08-26,1
Connecticut,2020-08-26,0
Delaware,2020-08-26,1
District of Columbia,2020-08-26,1
Florida,2020-08-26,153
Georgia,2020-08-26,49
Hawaii,2020-08-26,2
Idaho,2020-08-26,11
Illinois,2020-08-26,37
Indiana,2020-08-26,18
Iowa,2020-08-26,12
Kansas,2020-08-26,12
Kentucky,2020-08-26,7
Louisiana,2020-08-26,54
Maine,2020-08-26,1
Maryland,2020-08-26,10
Massachusetts,2020-08-26,26
Michigan,2020-08-26,6
Minnesota,2020-08-26,15
Mississippi,2020-08-26,58
Missouri,2020-08-26,11
Montana,2020-08-26,1
Nebraska,2020-08-26,3
Nevada,2020-08-26,20
New Hampshire,2020-08-26,0
New Jersey,2020-08-26,0
New Mexico,2020-08-26,3
New York,2020-08-26,6
North Carolina,2020-08-26,36
North Dakota,2020-08-26,0
Ohio,2020-08-26,48
Oklahoma,2020-08-26,19
Oregon,2020-08-26,5
Pennsylvania,2020-08-26,31
Puerto Rico,2020-08-26,9
Rhode Island,2020-08-26,2
South Carolina,2020-08-26,44
South Dakota,2020-08-26,1
Tennessee,2020-08-26,20
Texas,2020-08-26,205
Utah,2020-08-26,4
Virginia,2020-08-26,21
Washington,2020-08-26,4
West Virginia,2020-08-26,3
Wisconsin,2020-08-26,6
US,2020-08-26,1264
Alabama,2020-08-27,31
Alaska,2020-08-27,0
Arizona,2020-08-27,33
Arkansas,2020-08-27,7
California,2020-08-27,145
Colorado,2020-08-27,4
Connecticut,2020-08-27,2
Delaware,2020-08-27,0
District of Columbia,2020-08-27,0
Florida,2020-08-27,135
Georgia,2020-08-27,82
Hawaii,2020-08-27,4
Idaho,2020-08-27,6
Illinois,2020-08-27,23
Indiana,2020-08-27,7
Iowa,2020-08-27,20
Kansas,2020-08-27,2
Kentucky,2020-08-27,8
Louisiana,2020-08-27,23
Maine,2020-08-27,0
Maryland,2020-08-27,5
Massachusetts,2020-08-27,21
Michigan,2020-08-27,16
Minnesota,2020-08-27,15
Mississippi,2020-08-27,26
Missouri,2020-08-27,7
Montana,2020-08-27,0
Nebraska,2020-08-27,5
Nevada,2020-08-27,21
New Hampshire,2020-08-27,2
New Jersey,2020-08-27,7
New Mexico,2020-08-27,9
New York,2020-08-27,0
North Carolina,2020-08-27,24
North Dakota,2020-08-27,1
Ohio,2020-08-27,32
Oklahoma,2020-08-27,15
Oregon,2020-08-27,5
Pennsylvania,2020-08-27,9
Puerto Rico,2020-08-27,8
Rhode Island,2020-08-27,3
South Carolina,2020-08-27,55
South Dakota,2020-08-27,0
Tennessee,2020-08-27,25
Texas,2020-08-27,225
Utah,2020-08-27,2
Virginia,2020-08-27,12
Washington,2020-08-27,10
West Virginia,2020-08-27,8
Wisconsin,2020-08-27,11
US,2020-08-27,1111
Alabama,2020-08-28,31
Alaska,2020-08-28,0
Arizona,2020-08-28,49
Arkansas,2020-08-28,17
California,2020-08-28,128
Colorado,2020-08-28,6
Connecticut,2020-08-28,0
Delaware,2020-08-28,0
District of Columbia,2020-08-28,0
Florida,2020-08-28,89
Georgia,2020-08-28,78
Hawaii,2020-08-28,4
Idaho,2020-08-28,10
Illinois,2020-08-28,20
Indiana,2020-08-28,11
Iowa,2020-08-28,17
Kansas,2020-08-28,1
Kentucky,2020-08-28,8
Louisiana,2020-08-28,30
Maine,2020-08-28,0
Maryland,2020-08-28,5
Massachusetts,2020-08-28,16
Michigan,2020-08-28,6
Minnesota,2020-08-28,4
Mississippi,2020-08-28,14
Missouri,2020-08-28,12
Montana,2020-08-28,2
Nebraska,2020-08-28,1
Nevada,2020-08-28,16
New Hampshire,2020-08-28,1
New Jersey,2020-08-28,9
New Mexico,2020-08-28,3
New York,2020-08-28,3
North Carolina,2020-08-28,22
North Dakota,2020-08-28,0
Ohio,2020-08-28,29
Oklahoma,2020-08-28,8
Oregon,2020-08-28,9
Pennsylvania,2020-08-28,20
Puerto Rico,2020-08-28,12
Rhode Island,2020-08-28,2
South Carolina,2020-08-28,27
South Dakota,2020-08-28,3
Tennessee,2020-08-28,28
Texas,2020-08-28,172
Utah,2020-08-28,4
Virginia,2020-08-28,23
Washington,2020-08-28,15
West Virginia,2020-08-28,3
Wisconsin,2020-08-28,2
US,2020-08-28,971
Alabama,2020-08-29,45
Alaska,2020-08-29,0
Arizona,2020-08-29,29
Arkansas,2020-08-29,16
California,2020-08-29,89
Colorado,2020-08-29,5
Connecticut,2020-08-29,0
Delaware,2020-08-29,0
District of Columbia,2020-08-29,0
Florida,2020-08-29,148
Georgia,2020-08-29,105
Hawaii,2020-08-29,3
Idaho,2020-08-29,5
Illinois,2020-08-29,11
Indiana,2020-08-29,8
Iowa,2020-08-29,0
Kansas,2020-08-29,4
Kentucky,2020-08-29,3
Louisiana,2020-08-29,0
Maine,2020-08-29,0
Maryland,2020-08-29,19
Massachusetts,2020-08-29,12
Michigan,2020-08-29,0
Minnesota,2020-08-29,4
Mississippi,2020-08-29,14
Missouri,2020-08-29,28
Montana,2020-08-29,4
Nebraska,2020-08-29,0
Nevada,2020-08-29,15
New Hampshire,2020-08-29,0
New Jersey,2020-08-29,3
New Mexico,2020-08-29,2
New York,2020-08-29,1
North Carolina,2020-08-29,31
North Dakota,2020-08-29,2
Ohio,2020-08-29,147
Oklahoma,2020-08-29,11
Oregon,2020-08-29,7
Pennsylvania,2020-08-29,14
Puerto Rico,2020-08-29,4
Rhode Island,2020-08-29,0
South Carolina,2020-08-29,43
South Dakota,2020-08-29,2
Tennessee,2020-08-29,24
Texas,2020-08-29,70
Utah,2020-08-29,0
Virginia,2020-08-29,18
Washington,2020-08-29,0
West Virginia,2020-08-29,14
Wisconsin,2020-08-29,6
US,2020-08-29,966
Alabama,2020-08-30,10
Alaska,2020-08-30,0
Arizona,2020-08-30,23
Arkansas,2020-08-30,12
California,2020-08-30,43
Colorado,2020-08-30,0
Connecticut,2020-08-30,0
Delaware,2020-08-30,0
District of Columbia,2020-08-30,1
Florida,2020-08-30,14
Georgia,2020-08-30,28
Hawaii,2020-08-30,1
Idaho,2020-08-30,1
Illinois,2020-08-30,11
Indiana,2020-08-30,6
Iowa,2020-08-30,13
Kansas,2020-08-30,0
Kentucky,2020-08-30,8
Louisiana,2020-08-30,27
Maine,2020-08-30,0
Maryland,2020-08-30,6
Massachusetts,2020-08-30,13
Michigan,2020-08-30,36
Minnesota,2020-08-30,2
Mississippi,2020-08-30,14
Missouri,2020-08-30,5
Montana,2020-08-30,0
Nebraska,2020-08-30,0
Nevada,2020-08-30,0
New Hampshire,2020-08-30,0
New Jersey,2020-08-30,4
New Mexico,2020-08-30,1
New York,2020-08-30,18
North Carolina,2020-08-30,9
North Dakota,2020-08-30,1
Ohio,2020-08-30,0
Oklahoma,2020-08-30,2
Oregon,2020-08-30,4
Pennsylvania,2020-08-30,2
Puerto Rico,2020-08-30,6
Rhode Island,2020-08-30,0
South Carolina,2020-08-30,11
South Dakota,2020-08-30,0
Tennessee,2020-08-30,22
Texas,2020-08-30,76
Utah,2020-08-30,0
Virginia,2020-08-30,1
Washington,2020-08-30,0
West Virginia,2020-08-30,0
Wisconsin,2020-08-30,3
US,2020-08-30,434
Alabama,2020-08-31,20
Alaska,2020-08-31,0
Arizona,2020-08-31,0
Arkansas,2020-08-31,13
California,2020-08-31,85
Colorado,2020-08-31,3
Connecticut,2020-08-31,0
Delaware,2020-08-31,1
District of Columbia,2020-08-31,1
Florida,2020-08-31,68
Georgia,2020-08-31,29
Hawaii,2020-08-31,7
Idaho,2020-08-31,2
Illinois,2020-08-31,7
Indiana,2020-08-31,5
Iowa,2020-08-31,7
Kansas,2020-08-31,2
Kentucky,2020-08-31,4
Louisiana,2020-08-31,19
Maine,2020-08-31,0
Maryland,2020-08-31,3
Massachusetts,2020-08-31,11
Michigan,2020-08-31,5
Minnesota,2020-08-31,1
Mississippi,2020-08-31,32
Missouri,2020-08-31,14
Montana,2020-08-31,0
Nebraska,2020-08-31,5
Nevada,2020-08-31,3
New Hampshire,2020-08-31,0
New Jersey,2020-08-31,8
New Mexico,2020-08-31,9
New York,2020-08-31,48
North Carolina,2020-08-31,10
North Dakota,2020-08-31,1
Ohio,2020-08-31,10
Oklahoma,2020-08-31,1
Oregon,2020-08-31,1
Pennsylvania,2020-08-31,1
Puerto Rico,2020-08-31,0
Rhode Island,2020-08-31,2
South Carolina,2020-08-31,11
South Dakota,2020-08-31,0
Tennessee,2020-08-31,7
Texas,2020-08-31,96
Utah,2020-08-31,0
Virginia,2020-08-31,11
Washington,2020-08-31,10
West Virginia,2020-08-31,1
Wisconsin,2020-08-31,0
US,2020-08-31,574
Alabama,2020-09-01,18
Alaska,2020-09-01,2
Arizona,2020-09-01,15
Arkansas,2020-09-01,17
California,2020-09-01,128
Colorado,2020-09-01,1
Connecticut,2020-09-01,1
Delaware,2020-09-01,0
District of Columbia,2020-09-01,0
Florida,2020-09-01,187
Georgia,2020-09-01,100
Hawaii,2020-09-01,4
Idaho,2020-09-01,6
Illinois,2020-09-01,38
Indiana,2020-09-01,16
Iowa,2020-09-01,5
Kansas,2020-09-01,5
Kentucky,2020-09-01,15
Louisiana,2020-09-01,34
Maine,2020-09-01,0
Maryland,2020-09-01,6
Massachusetts,2020-09-01,4
Michigan,2020-09-01,14
Minnesota,2020-09-01,5
Mississippi,2020-09-01,20
Missouri,2020-09-01,15
Montana,2020-09-01,1
Nebraska,2020-09-01,2
Nevada,2020-09-01,8
New Hampshire,2020-09-01,0
New Jersey,2020-09-01,5
New Mexico,2020-09-01,8
New York,2020-09-01,9
North Carolina,2020-09-01,39
North Dakota,2020-09-01,2
Ohio,2020-09-01,27
Oklahoma,2020-09-01,8
Oregon,2020-09-01,5
Pennsylvania,2020-09-01,19
Puerto Rico,2020-09-01,1
Rhode Island,2020-09-01,2
South Carolina,2020-09-01,37
South Dakota,2020-09-01,0
Tennessee,2020-09-01,27
Texas,2020-09-01,140
Utah,2020-09-01,2
Virginia,2020-09-01,32
Washington,2020-09-01,16
West Virginia,2020-09-01,9
Wisconsin,2020-09-01,8
US,2020-09-01,1067
Alabama,2020-09-02,17
Alaska,2020-09-02,0
Arizona,2020-09-02,21
Arkansas,2020-09-02,27
California,2020-09-02,167
Colorado,2020-09-02,6
Connecticut,2020-09-02,1
Delaware,2020-09-02,1
District of Columbia,2020-09-02,1
Florida,2020-09-02,127
Georgia,2020-09-02,62
Hawaii,2020-09-02,1
Idaho,2020-09-02,5
Illinois,2020-09-02,27
Indiana,2020-09-02,13
Iowa,2020-09-02,8
Kansas,2020-09-02,5
Kentucky,2020-09-02,18
Louisiana,2020-09-02,20
Maine,2020-09-02,1
Maryland,2020-09-02,5
Massachusetts,2020-09-02,0
Michigan,2020-09-02,14
Minnesota,2020-09-02,11
Mississippi,2020-09-02,33
Missouri,2020-09-02,16
Montana,2020-09-02,4
Nebraska,2020-09-02,0
Nevada,2020-09-02,23
New Hampshire,2020-09-02,0
New Jersey,2020-09-02,14
New Mexico,2020-09-02,3
New York,2020-09-02,6
North Carolina,2020-09-02,38
North Dakota,2020-09-02,3
Ohio,2020-09-02,10
Oklahoma,2020-09-02,13
Oregon,2020-09-02,4
Pennsylvania,2020-09-02,27
Puerto Rico,2020-09-02,8
Rhode Island,2020-09-02,1
South Carolina,2020-09-02,37
South Dakota,2020-09-02,2
Tennessee,2020-09-02,16
Texas,2020-09-02,185
Utah,2020-09-02,1
Virginia,2020-09-02,29
Washington,2020-09-02,4
West Virginia,2020-09-02,9
Wisconsin,2020-09-02,12
US,2020-09-02,1060
Alabama,2020-09-03,16
Alaska,2020-09-03,1
Arizona,2020-09-03,65
Arkansas,2020-09-03,20
California,2020-09-03,176
Colorado,2020-09-03,3
Connecticut,2020-09-03,1
Delaware,2020-09-03,0
District of Columbia,2020-09-03,1
Florida,2020-09-03,149
Georgia,2020-09-03,73
Hawaii,2020-09-03,4
Idaho,2020-09-03,0
Illinois,2020-09-03,24
Indiana,2020-09-03,7
Iowa,2020-09-03,3
Kansas,2020-09-03,10
Kentucky,2020-09-03,10
Louisiana,2020-09-03,17
Maine,2020-09-03,0
Maryland,2020-09-03,12
Massachusetts,2020-09-03,17
Michigan,2020-09-03,10
Minnesota,2020-09-03,7
Mississippi,2020-09-03,10
Missouri,2020-09-03,8
Montana,2020-09-03,2
Nebraska,2020-09-03,5
Nevada,2020-09-03,27
New Hampshire,2020-09-03,0
New Jersey,2020-09-03,7
New Mexico,2020-09-03,1
New York,2020-09-03,4
North Carolina,2020-09-03,24
North Dakota,2020-09-03,2
Ohio,2020-09-03,50
Oklahoma,2020-09-03,14
Oregon,2020-09-03,2
Pennsylvania,2020-09-03,19
Puerto Rico,2020-09-03,5
Rhode Island,2020-09-03,4
South Carolina,2020-09-03,13
South Dakota,2020-09-03,0
Tennessee,2020-09-03,18
Texas,2020-09-03,192
Utah,2020-09-03,4
Virginia,2020-09-03,11
Washington,2020-09-03,10
West Virginia,2020-09-03,7
Wisconsin,2020-09-03,4
US,2020-09-03,1070
Alabama,2020-09-04,33
Alaska,2020-09-04,0
Arizona,2020-09-04,41
Arkansas,2020-09-04,12
California,2020-09-04,145
Colorado,2020-09-04,0
Connecticut,2020-09-04,0
Delaware,2020-09-04,0
District of Columbia,2020-09-04,2
Florida,2020-09-04,100
Georgia,2020-09-04,63
Hawaii,2020-09-04,2
Idaho,2020-09-04,10
Illinois,2020-09-04,38
Indiana,2020-09-04,18
Iowa,2020-09-04,22
Kansas,2020-09-04,7
Kentucky,2020-09-04,11
Louisiana,2020-09-04,14
Maine,2020-09-04,1
Maryland,2020-09-04,11
Massachusetts,2020-09-04,23
Michigan,2020-09-04,7
Minnesota,2020-09-04,10
Mississippi,2020-09-04,22
Missouri,2020-09-04,21
Montana,2020-09-04,3
Nebraska,2020-09-04,0
Nevada,2020-09-04,12
New Hampshire,2020-09-04,0
New Jersey,2020-09-04,7
New Mexico,2020-09-04,3
New York,2020-09-04,6
North Carolina,2020-09-04,36
North Dakota,2020-09-04,0
Ohio,2020-09-04,22
Oklahoma,2020-09-04,11
Oregon,2020-09-04,5
Pennsylvania,2020-09-04,11
Puerto Rico,2020-09-04,7
Rhode Island,2020-09-04,0
South Carolina,2020-09-04,39
South Dakota,2020-09-04,1
Tennessee,2020-09-04,22
Texas,2020-09-04,130
Utah,2020-09-04,5
Virginia,2020-09-04,10
Washington,2020-09-04,8
West Virginia,2020-09-04,5
Wisconsin,2020-09-04,7
US,2020-09-04,965
Alabama,2020-09-05,9
Alaska,2020-09-05,2
Arizona,2020-09-05,36
Arkansas,2020-09-05,9
California,2020-09-05,71
Colorado,2020-09-05,16
Connecticut,2020-09-05,0
Delaware,2020-09-05,2
District of Columbia,2020-09-05,0
Florida,2020-09-05,61
Georgia,2020-09-05,46
Hawaii,2020-09-05,3
Idaho,2020-09-05,2
Illinois,2020-09-05,23
Indiana,2020-09-05,12
Iowa,2020-09-05,6
Kansas,2020-09-05,2
Kentucky,2020-09-05,6
Louisiana,2020-09-05,0
Maine,2020-09-05,0
Maryland,2020-09-05,7
Massachusetts,2020-09-05,16
Michigan,2020-09-05,8
Minnesota,2020-09-05,4
Mississippi,2020-09-05,11
Missouri,2020-09-05,61
Montana,2020-09-05,2
Nebraska,2020-09-05,0
Nevada,2020-09-05,13
New Hampshire,2020-09-05,0
New Jersey,2020-09-05,7
New Mexico,2020-09-05,6
New York,2020-09-05,5
North Carolina,2020-09-05,50
North Dakota,2020-09-05,5
Ohio,2020-09-05,8
Oklahoma,2020-09-05,4
Oregon,2020-09-05,5
Pennsylvania,2020-09-05,15
Puerto Rico,2020-09-05,9
Rhode Island,2020-09-05,0
South Carolina,2020-09-05,31
South Dakota,2020-09-05,3
Tennessee,2020-09-05,25
Texas,2020-09-05,150
Utah,2020-09-05,1
Virginia,2020-09-05,15
Washington,2020-09-05,0
West Virginia,2020-09-05,1
Wisconsin,2020-09-05,15
US,2020-09-05,783
Alabama,2020-09-06,1
Alaska,2020-09-06,0
Arizona,2020-09-06,14
Arkansas,2020-09-06,12
California,2020-09-06,22
Colorado,2020-09-06,1
Connecticut,2020-09-06,0
Delaware,2020-09-06,1
District of Columbia,2020-09-06,0
Florida,2020-09-06,38
Georgia,2020-09-06,60
Hawaii,2020-09-06,1
Idaho,2020-09-06,1
Illinois,2020-09-06,5
Indiana,2020-09-06,2
Iowa,2020-09-06,3
Kansas,2020-09-06,1
Kentucky,2020-09-06,3
Louisiana,2020-09-06,58
Maine,2020-09-06,0
Maryland,2020-09-06,3
Massachusetts,2020-09-06,9
Michigan,2020-09-06,0
Minnesota,2020-09-06,6
Mississippi,2020-09-06,15
Missouri,2020-09-06,17
Montana,2020-09-06,1
Nebraska,2020-09-06,0
Nevada,2020-09-06,1
New Hampshire,2020-09-06,1
New Jersey,2020-09-06,4
New Mexico,2020-09-06,3
New York,2020-09-06,0
North Carolina,2020-09-06,1
North Dakota,2020-09-06,1
Ohio,2020-09-06,3
Oklahoma,2020-09-06,3
Oregon,2020-09-06,1
Pennsylvania,2020-09-06,0
Puerto Rico,2020-09-06,13
Rhode Island,2020-09-06,0
South Carolina,2020-09-06,10
South Dakota,2020-09-06,0
Tennessee,2020-09-06,3
Texas,2020-09-06,78
Utah,2020-09-06,2
Virginia,2020-09-06,1
Washington,2020-09-06,0
West Virginia,2020-09-06,3
Wisconsin,2020-09-06,0
US,2020-09-06,403
