region,date,confirm,breakpoint
Alabama,2020-08-16,2,0
Alaska,2020-08-16,0,0
Arizona,2020-08-16,14,0
Arkansas,2020-08-16,0,0
California,2020-08-16,25,0
Colorado,2020-08-16,0,0
Connecticut,2020-08-16,0,0
Delaware,2020-08-16,0,0
District of Columbia,2020-08-16,0,0
Florida,2020-08-16,107,0
Georgia,2020-08-16,33,0
Guam,2020-08-16,0,0
Hawaii,2020-08-16,0,0
Idaho,2020-08-16,0,0
Illinois,2020-08-16,18,0
Indiana,2020-08-16,5,0
Iowa,2020-08-16,0,0
Kansas,2020-08-16,0,0
Kentucky,2020-08-16,0,0
Louisiana,2020-08-16,77,0
Maine,2020-08-16,0,0
Maryland,2020-08-16,3,0
Massachusetts,2020-08-16,12,0
Michigan,2020-08-16,6,0
Minnesota,2020-08-16,47,0
Mississippi,2020-08-16,4,0
Missouri,2020-08-16,5,0
Montana,2020-08-16,0,0
Nebraska,2020-08-16,0,0
Nevada,2020-08-16,3,0
New Hampshire,2020-08-16,0,0
New Jersey,2020-08-16,2,0
New Mexico,2020-08-16,3,0
New York,2020-08-16,7,0
North Carolina,2020-08-16,4,0
North Dakota,2020-08-16,4,0
Ohio,2020-08-16,2,0
Oklahoma,2020-08-16,4,0
Oregon,2020-08-16,2,0
Pennsylvania,2020-08-16,2,0
Puerto Rico,2020-08-16,6,0
Rhode Island,2020-08-16,0,0
South Carolina,2020-08-16,9,0
South Dakota,2020-08-16,1,0
Tennessee,2020-08-16,21,0
Texas,2020-08-16,128,0
Utah,2020-08-16,0,0
Virginia,2020-08-16,0,0
Washington,2020-08-16,15,0
West Virginia,2020-08-16,0,0
Wisconsin,2020-08-16,1,0
US,2020-08-16,572,0
Alabama,2020-08-17,27,0
Alaska,2020-08-17,0,0
Arizona,2020-08-17,0,0
Arkansas,2020-08-17,4,0
California,2020-08-17,53,0
Colorado,2020-08-17,0,0
Connecticut,2020-08-17,3,0
Delaware,2020-08-17,0,0
District of Columbia,2020-08-17,0,0
Florida,2020-08-17,87,0
Georgia,2020-08-17,25,0
Guam,2020-08-17,0,0
Hawaii,2020-08-17,0,0
Idaho,2020-08-17,4,0
Illinois,2020-08-17,12,0
Indiana,2020-08-17,2,0
Iowa,2020-08-17,12,0
Kansas,2020-08-17,0,0
Kentucky,2020-08-17,8,0
Louisiana,2020-08-17,19,0
Maine,2020-08-17,0,0
Maryland,2020-08-17,2,0
Massachusetts,2020-08-17,4,0
Michigan,2020-08-17,0,0
Minnesota,2020-08-17,6,0
Mississippi,2020-08-17,11,0
Missouri,2020-08-17,32,0
Montana,2020-08-17,0,0
Nebraska,2020-08-17,1,0
Nevada,2020-08-17,5,0
New Hampshire,2020-08-17,0,0
New Jersey,2020-08-17,4,0
New Mexico,2020-08-17,4,0
New York,2020-08-17,7,0
North Carolina,2020-08-17,1,0
North Dakota,2020-08-17,1,0
Ohio,2020-08-17,6,0
Oklahoma,2020-08-17,4,0
Oregon,2020-08-17,0,0
Pennsylvania,2020-08-17,0,0
Puerto Rico,2020-08-17,0,0
Rhode Island,2020-08-17,2,0
South Carolina,2020-08-17,19,0
South Dakota,2020-08-17,0,0
Tennessee,2020-08-17,21,0
Texas,2020-08-17,51,0
Utah,2020-08-17,1,0
Virginia,2020-08-17,4,0
Washington,2020-08-17,4,0
West Virginia,2020-08-17,0,0
Wisconsin,2020-08-17,0,0
US,2020-08-17,446,0
Alabama,2020-08-18,11,0
Alaska,2020-08-18,1,0
Arizona,2020-08-18,23,0
Arkansas,2020-08-18,16,0
California,2020-08-18,208,0
Colorado,2020-08-18,3,0
Connecticut,2020-08-18,0,0
Delaware,2020-08-18,0,0
District of Columbia,2020-08-18,2,0
Florida,2020-08-18,219,0
Georgia,2020-08-18,67,0
Guam,2020-08-18,0,0
Hawaii,2020-08-18,1,0
Idaho,2020-08-18,9,0
Illinois,2020-08-18,27,0
Indiana,2020-08-18,30,0
Iowa,2020-08-18,15,0
Kansas,2020-08-18,5,0
Kentucky,2020-08-18,12,0
Louisiana,2020-08-18,28,0
Maine,2020-08-18,0,0
Maryland,2020-08-18,9,0
Massachusetts,2020-08-18,6,0
Michigan,2020-08-18,16,0
Minnesota,2020-08-18,9,0
Mississippi,2020-08-18,32,0
Missouri,2020-08-18,10,0
Montana,2020-08-18,2,0
Nebraska,2020-08-18,7,0
Nevada,2020-08-18,25,0
New Hampshire,2020-08-18,1,0
New Jersey,2020-08-18,9,0
New Mexico,2020-08-18,5,0
New York,2020-08-18,12,0
North Carolina,2020-08-18,48,0
North Dakota,2020-08-18,2,0
Ohio,2020-08-18,34,0
Oklahoma,2020-08-18,14,0
Oregon,2020-08-18,9,0
Pennsylvania,2020-08-18,21,0
Puerto Rico,2020-08-18,11,0
Rhode Island,2020-08-18,1,0
South Carolina,2020-08-18,55,0
South Dakota,2020-08-18,1,0
Tennessee,2020-08-18,37,0
Texas,2020-08-18,231,0
Utah,2020-08-18,5,0
Virginia,2020-08-18,11,0
Washington,2020-08-18,23,0
West Virginia,2020-08-18,2,0
Wisconsin,2020-08-18,0,0
US,2020-08-18,1325,0
Alabama,2020-08-19,8,0
Alaska,2020-08-19,0,0
Arizona,2020-08-19,105,0
Arkansas,2020-08-19,12,0
California,2020-08-19,186,0
Colorado,2020-08-19,1,0
Connecticut,2020-08-19,1,0
Delaware,2020-08-19,2,0
District of Columbia,2020-08-19,1,0
Florida,2020-08-19,174,0
Georgia,2020-08-19,55,0
Guam,2020-08-19,0,0
Hawaii,2020-08-19,1,0
Idaho,2020-08-19,7,0
Illinois,2020-08-19,23,0
Indiana,2020-08-19,15,0
Iowa,2020-08-19,8,0
Kansas,2020-08-19,4,0
Kentucky,2020-08-19,12,0
Louisiana,2020-08-19,55,0
Maine,2020-08-19,0,0
Maryland,2020-08-19,11,0
Massachusetts,2020-08-19,28,0
Michigan,2020-08-19,10,0
Minnesota,2020-08-19,17,0
Mississippi,2020-08-19,36,0
Missouri,2020-08-19,9,0
Montana,2020-08-19,0,0
Nebraska,2020-08-19,2,0
Nevada,2020-08-19,32,0
New Hampshire,2020-08-19,3,0
New Jersey,2020-08-19,1,0
New Mexico,2020-08-19,6,0
New York,2020-08-19,5,0
North Carolina,2020-08-19,35,0
North Dakota,2020-08-19,2,0
Ohio,2020-08-19,41,0
Oklahoma,2020-08-19,20,0
Oregon,2020-08-19,11,0
Pennsylvania,2020-08-19,34,0
Puerto Rico,2020-08-19,10,0
Rhode Island,2020-08-19,3,0
South Carolina,2020-08-19,17,0
South Dakota,2020-08-19,1,0
Tennessee,2020-08-19,28,0
Texas,2020-08-19,256,0
Utah,2020-08-19,8,0
Virginia,2020-08-19,14,0
Washington,2020-08-19,14,0
West Virginia,2020-08-19,4,0
Wisconsin,2020-08-19,21,0
US,2020-08-19,1353,0
Alabama,2020-08-20,30,0
Alaska,2020-08-20,0,0
Arizona,2020-08-20,50,0
Arkansas,2020-08-20,10,0
California,2020-08-20,120,0
Colorado,2020-08-20,3,0
Connecticut,2020-08-20,1,0
Delaware,2020-08-20,0,0
District of Columbia,2020-08-20,1,0
Florida,2020-08-20,117,0
Georgia,2020-08-20,55,0
Guam,2020-08-20,1,0
Hawaii,2020-08-20,3,0
Idaho,2020-08-20,7,0
Illinois,2020-08-20,27,0
Indiana,2020-08-20,11,0
Iowa,2020-08-20,6,0
Kansas,2020-08-20,4,0
Kentucky,2020-08-20,14,0
Louisiana,2020-08-20,28,0
Maine,2020-08-20,1,0
Maryland,2020-08-20,8,0
Massachusetts,2020-08-20,12,0
Michigan,2020-08-20,16,0
Minnesota,2020-08-20,7,0
Mississippi,2020-08-20,27,0
Missouri,2020-08-20,8,0
Montana,2020-08-20,5,0
Nebraska,2020-08-20,2,0
Nevada,2020-08-20,38,0
New Hampshire,2020-08-20,1,0
New Jersey,2020-08-20,6,0
New Mexico,2020-08-20,5,0
New York,2020-08-20,0,0
North Carolina,2020-08-20,34,0
North Dakota,2020-08-20,0,0
Ohio,2020-08-20,22,0
Oklahoma,2020-08-20,10,0
Oregon,2020-08-20,4,0
Pennsylvania,2020-08-20,12,0
Puerto Rico,2020-08-20,11,0
Rhode Island,2020-08-20,1,0
South Carolina,2020-08-20,41,0
South Dakota,2020-08-20,2,0
Tennessee,2020-08-20,36,0
Texas,2020-08-20,240,0
Utah,2020-08-20,4,0
Virginia,2020-08-20,17,0
Washington,2020-08-20,15,0
West Virginia,2020-08-20,1,0
Wisconsin,2020-08-20,7,0
US,2020-08-20,1082,0
Alabama,2020-08-21,22,0
Alaska,2020-08-21,1,0
Arizona,2020-08-21,4,0
Arkansas,2020-08-21,22,0
California,2020-08-21,136,0
Colorado,2020-08-21,7,0
Connecticut,2020-08-21,2,0
Delaware,2020-08-21,5,0
District of Columbia,2020-08-21,1,0
Florida,2020-08-21,119,0
Georgia,2020-08-21,94,0
Guam,2020-08-21,0,0
Hawaii,2020-08-21,1,0
Idaho,2020-08-21,9,0
Illinois,2020-08-21,22,0
Indiana,2020-08-21,17,0
Iowa,2020-08-21,13,0
Kansas,2020-08-21,7,0
Kentucky,2020-08-21,8,0
Louisiana,2020-08-21,50,0
Maine,2020-08-21,1,0
Maryland,2020-08-21,5,0
Massachusetts,2020-08-21,13,0
Michigan,2020-08-21,0,0
Minnesota,2020-08-21,8,0
Mississippi,2020-08-21,24,0
Missouri,2020-08-21,3,0
Montana,2020-08-21,0,0
Nebraska,2020-08-21,3,0
Nevada,2020-08-21,13,0
New Hampshire,2020-08-21,0,0
New Jersey,2020-08-21,9,0
New Mexico,2020-08-21,5,0
New York,2020-08-21,0,0
North Carolina,2020-08-21,29,0
North Dakota,2020-08-21,2,0
Ohio,2020-08-21,26,0
Oklahoma,2020-08-21,6,0
Oregon,2020-08-21,2,0
Pennsylvania,2020-08-21,17,0
Puerto Rico,2020-08-21,7,0
Rhode Island,2020-08-21,2,0
South Carolina,2020-08-21,58,0
South Dakota,2020-08-21,2,0
Tennessee,2020-08-21,61,0
Texas,2020-08-21,241,0
Utah,2020-08-21,2,0
Virginia,2020-08-21,9,0
Washington,2020-08-21,13,0
West Virginia,2020-08-21,4,0
Wisconsin,2020-08-21,1,0
US,2020-08-21,1109,0
Alabama,2020-08-22,15,0
Alaska,2020-08-22,1,0
Arizona,2020-08-22,68,0
Arkansas,2020-08-22,11,0
California,2020-08-22,185,0
Colorado,2020-08-22,8,0
Connecticut,2020-08-22,0,0
Delaware,2020-08-22,0,0
District of Columbia,2020-08-22,2,0
Florida,2020-08-22,106,0
Georgia,2020-08-22,94,0
Guam,2020-08-22,0,0
Hawaii,2020-08-22,1,0
Idaho,2020-08-22,1,0
Illinois,2020-08-22,17,0
Indiana,2020-08-22,10,0
Iowa,2020-08-22,4,0
Kansas,2020-08-22,0,0
Kentucky,2020-08-22,8,0
Louisiana,2020-08-22,0,0
Maine,2020-08-22,1,0
Maryland,2020-08-22,11,0
Massachusetts,2020-08-22,20,0
Michigan,2020-08-22,21,0
Minnesota,2020-08-22,8,0
Mississippi,2020-08-22,23,0
Missouri,2020-08-22,6,0
Montana,2020-08-22,1,0
Nebraska,2020-08-22,0,0
Nevada,2020-08-22,12,0
New Hampshire,2020-08-22,1,0
New Jersey,2020-08-22,2,0
New Mexico,2020-08-22,4,0
New York,2020-08-22,6,0
North Carolina,2020-08-22,27,0
North Dakota,2020-08-22,3,0
Ohio,2020-08-22,20,0
Oklahoma,2020-08-22,10,0
Oregon,2020-08-22,3,0
Pennsylvania,2020-08-22,18,0
Puerto Rico,2020-08-22,7,0
Rhode Island,2020-08-22,0,0
South Carolina,2020-08-22,34,0
South Dakota,2020-08-22,1,0
Tennessee,2020-08-22,14,0
Texas,2020-08-22,163,0
Utah,2020-08-22,2,0
Virginia,2020-08-22,7,0
Washington,2020-08-22,7,0
West Virginia,2020-08-22,6,0
Wisconsin,2020-08-22,13,0
US,2020-08-22,982,0
Alabama,2020-08-23,2,0
Alaska,2020-08-23,1,0
Arizona,2020-08-23,15,0
Arkansas,2020-08-23,13,0
California,2020-08-23,22,0
Colorado,2020-08-23,0,0
Connecticut,2020-08-23,0,0
Delaware,2020-08-23,0,0
District of Columbia,2020-08-23,0,0
Florida,2020-08-23,51,0
Georgia,2020-08-23,40,0
Guam,2020-08-23,0,0
Hawaii,2020-08-23,0,0
Idaho,2020-08-23,1,0
Illinois,2020-08-23,6,0
Indiana,2020-08-23,2,0
Iowa,2020-08-23,4,0
Kansas,2020-08-23,0,0
Kentucky,2020-08-23,0,0
Louisiana,2020-08-23,59,0
Maine,2020-08-23,1,0
Maryland,2020-08-23,6,0
Massachusetts,2020-08-23,0,0
Michigan,2020-08-23,4,0
Minnesota,2020-08-23,6,0
Mississippi,2020-08-23,3,0
Missouri,2020-08-23,2,0
Montana,2020-08-23,0,0
Nebraska,2020-08-23,2,0
Nevada,2020-08-23,0,0
New Hampshire,2020-08-23,0,0
New Jersey,2020-08-23,3,0
New Mexico,2020-08-23,2,0
New York,2020-08-23,12,0
North Carolina,2020-08-23,10,0
North Dakota,2020-08-23,1,0
Ohio,2020-08-23,3,0
Oklahoma,2020-08-23,1,0
Oregon,2020-08-23,0,0
Pennsylvania,2020-08-23,2,0
Puerto Rico,2020-08-23,9,0
Rhode Island,2020-08-23,0,0
South Carolina,2020-08-23,11,0
South Dakota,2020-08-23,1,0
Tennessee,2020-08-23,4,0
Texas,2020-08-23,118,0
Utah,2020-08-23,0,0
Virginia,2020-08-23,24,0
Washington,2020-08-23,6,0
West Virginia,2020-08-23,2,0
Wisconsin,2020-08-23,0,0
US,2020-08-23,450,0
Alabama,2020-08-24,11,0
Alaska,2020-08-24,0,0
Arizona,2020-08-24,0,0
Arkansas,2020-08-24,9,0
California,2020-08-24,82,0
Colorado,2020-08-24,1,0
Connecticut,2020-08-24,0,0
Delaware,2020-08-24,4,0
District of Columbia,2020-08-24,0,0
Florida,2020-08-24,72,0
Georgia,2020-08-24,24,0
Guam,2020-08-24,1,0
Hawaii,2020-08-24,2,0
Idaho,2020-08-24,7,0
Illinois,2020-08-24,8,0
Indiana,2020-08-24,5,0
Iowa,2020-08-24,10,0
Kansas,2020-08-24,3,0
Kentucky,2020-08-24,12,0
Louisiana,2020-08-24,18,0
Maine,2020-08-24,0,0
Maryland,2020-08-24,3,0
Massachusetts,2020-08-24,28,0
Michigan,2020-08-24,4,0
Minnesota,2020-08-24,4,0
Mississippi,2020-08-24,8,0
Missouri,2020-08-24,0,0
Montana,2020-08-24,1,0
Nebraska,2020-08-24,5,0
Nevada,2020-08-24,3,0
New Hampshire,2020-08-24,0,0
New Jersey,2020-08-24,0,0
New Mexico,2020-08-24,4,0
New York,2020-08-24,1,0
North Carolina,2020-08-24,4,0
North Dakota,2020-08-24,1,0
Ohio,2020-08-24,8,0
Oklahoma,2020-08-24,4,0
Oregon,2020-08-24,3,0
Pennsylvania,2020-08-24,0,0
Puerto Rico,2020-08-24,0,0
Rhode Island,2020-08-24,5,0
South Carolina,2020-08-24,7,0
South Dakota,2020-08-24,0,0
Tennessee,2020-08-24,21,0
Texas,2020-08-24,46,0
Utah,2020-08-24,5,0
Virginia,2020-08-24,4,0
Washington,2020-08-24,4,0
West Virginia,2020-08-24,0,0
Wisconsin,2020-08-24,0,0
US,2020-08-24,442,0
Alabama,2020-08-25,13,0
Alaska,2020-08-25,4,0
Arizona,2020-08-25,21,0
Arkansas,2020-08-25,15,0
California,2020-08-25,147,0
Colorado,2020-08-25,7,0
Connecticut,2020-08-25,3,0
Delaware,2020-08-25,0,0
District of Columbia,2020-08-25,0,0
Florida,2020-08-25,183,0
Georgia,2020-08-25,106,0
Guam,2020-08-25,0,0
Hawaii,2020-08-25,0,0
Idaho,2020-08-25,12,0
Illinois,2020-08-25,29,0
Indiana,2020-08-25,16,0
Iowa,2020-08-25,12,0
Kansas,2020-08-25,1,0
Kentucky,2020-08-25,11,0
Louisiana,2020-08-25,33,0
Maine,2020-08-25,0,0
Maryland,2020-08-25,13,0
Massachusetts,2020-08-25,12,0
Michigan,2020-08-25,21,0
Minnesota,2020-08-25,8,0
Mississippi,2020-08-25,67,0
Missouri,2020-08-25,17,0
Montana,2020-08-25,6,0
Nebraska,2020-08-25,0,0
Nevada,2020-08-25,30,0
New Hampshire,2020-08-25,0,0
New Jersey,2020-08-25,7,0
New Mexico,2020-08-25,3,0
New York,2020-08-25,29,0
North Carolina,2020-08-25,35,0
North Dakota,2020-08-25,1,0
Ohio,2020-08-25,10,0
Oklahoma,2020-08-25,14,0
Oregon,2020-08-25,8,0
Pennsylvania,2020-08-25,25,0
Puerto Rico,2020-08-25,5,0
Rhode Island,2020-08-25,4,0
South Carolina,2020-08-25,18,0
South Dakota,2020-08-25,0,0
Tennessee,2020-08-25,40,0
Texas,2020-08-25,193,0
Utah,2020-08-25,7,0
Virginia,2020-08-25,23,0
Washington,2020-08-25,9,0
West Virginia,2020-08-25,8,0
Wisconsin,2020-08-25,13,0
US,2020-08-25,1240,0
Alabama,2020-08-26,8,0
Alaska,2020-08-26,1,0
Arizona,2020-08-26,104,0
Arkansas,2020-08-26,21,0
California,2020-08-26,150,0
Colorado,2020-08-26,1,0
Connecticut,2020-08-26,0,0
Delaware,2020-08-26,1,0
District of Columbia,2020-08-26,1,0
Florida,2020-08-26,153,0
Georgia,2020-08-26,49,0
Guam,2020-08-26,2,0
Hawaii,2020-08-26,2,0
Idaho,2020-08-26,11,0
Illinois,2020-08-26,37,0
Indiana,2020-08-26,18,0
Iowa,2020-08-26,12,0
Kansas,2020-08-26,12,0
Kentucky,2020-08-26,7,0
Louisiana,2020-08-26,54,0
Maine,2020-08-26,1,0
Maryland,2020-08-26,10,0
Massachusetts,2020-08-26,26,0
Michigan,2020-08-26,6,0
Minnesota,2020-08-26,15,0
Mississippi,2020-08-26,58,0
Missouri,2020-08-26,11,0
Montana,2020-08-26,1,0
Nebraska,2020-08-26,3,0
Nevada,2020-08-26,20,0
New Hampshire,2020-08-26,0,0
New Jersey,2020-08-26,0,0
New Mexico,2020-08-26,3,0
New York,2020-08-26,6,0
North Carolina,2020-08-26,36,0
North Dakota,2020-08-26,0,0
Ohio,2020-08-26,48,0
Oklahoma,2020-08-26,19,0
Oregon,2020-08-26,5,0
Pennsylvania,2020-08-26,31,0
Puerto Rico,2020-08-26,9,0
Rhode Island,2020-08-26,2,0
South Carolina,2020-08-26,44,0
South Dakota,2020-08-26,1,0
Tennessee,2020-08-26,20,0
Texas,2020-08-26,205,0
Utah,2020-08-26,4,0
Virginia,2020-08-26,21,0
Washington,2020-08-26,4,0
West Virginia,2020-08-26,3,0
Wisconsin,2020-08-26,6,0
US,2020-08-26,1264,0
Alabama,2020-08-27,31,0
Alaska,2020-08-27,0,0
Arizona,2020-08-27,33,0
Arkansas,2020-08-27,7,0
California,2020-08-27,145,0
Colorado,2020-08-27,4,0
Connecticut,2020-08-27,2,0
Delaware,2020-08-27,0,0
District of Columbia,2020-08-27,0,0
Florida,2020-08-27,135,0
Georgia,2020-08-27,82,0
Guam,2020-08-27,0,0
Hawaii,2020-08-27,4,0
Idaho,2020-08-27,6,0
Illinois,2020-08-27,23,0
Indiana,2020-08-27,7,0
Iowa,2020-08-27,20,0
Kansas,2020-08-27,2,0
Kentucky,2020-08-27,8,0
Louisiana,2020-08-27,23,0
Maine,2020-08-27,0,0
Maryland,2020-08-27,5,0
Massachusetts,2020-08-27,21,0
Michigan,2020-08-27,16,0
Minnesota,2020-08-27,15,0
Mississippi,2020-08-27,26,0
Missouri,2020-08-27,7,0
Montana,2020-08-27,0,0
Nebraska,2020-08-27,5,0
Nevada,2020-08-27,21,0
New Hampshire,2020-08-27,2,0
New Jersey,2020-08-27,7,0
New Mexico,2020-08-27,9,0
New York,2020-08-27,0,0
North Carolina,2020-08-27,24,0
North Dakota,2020-08-27,1,0
Ohio,2020-08-27,32,0
Oklahoma,2020-08-27,15,0
Oregon,2020-08-27,5,0
Pennsylvania,2020-08-27,9,0
Puerto Rico,2020-08-27,8,0
Rhode Island,2020-08-27,3,0
South Carolina,2020-08-27,55,0
South Dakota,2020-08-27,0,0
Tennessee,2020-08-27,25,0
Texas,2020-08-27,225,0
Utah,2020-08-27,2,0
Virginia,2020-08-27,12,0
Washington,2020-08-27,10,0
West Virginia,2020-08-27,8,0
Wisconsin,2020-08-27,11,0
US,2020-08-27,1111,0
Alabama,2020-08-28,31,0
Alaska,2020-08-28,0,0
Arizona,2020-08-28,49,0
Arkansas,2020-08-28,17,0
California,2020-08-28,128,0
Colorado,2020-08-28,6,0
Connecticut,2020-08-28,0,0
Delaware,2020-08-28,0,0
District of Columbia,2020-08-28,0,0
Florida,2020-08-28,89,0
Georgia,2020-08-28,78,0
Guam,2020-08-28,1,0
Hawaii,2020-08-28,4,0
Idaho,2020-08-28,10,0
Illinois,2020-08-28,20,0
Indiana,2020-08-28,11,0
Iowa,2020-08-28,17,0
Kansas,2020-08-28,1,0
Kentucky,2020-08-28,8,0
Louisiana,2020-08-28,30,0
Maine,2020-08-28,0,0
Maryland,2020-08-28,5,0
Massachusetts,2020-08-28,16,0
Michigan,2020-08-28,6,0
Minnesota,2020-08-28,4,0
Mississippi,2020-08-28,14,0
Missouri,2020-08-28,12,0
Montana,2020-08-28,2,0
Nebraska,2020-08-28,1,0
Nevada,2020-08-28,16,0
New Hampshire,2020-08-28,1,0
New Jersey,2020-08-28,9,0
New Mexico,2020-08-28,3,0
New York,2020-08-28,3,0
North Carolina,2020-08-28,22,0
North Dakota,2020-08-28,0,0
Ohio,2020-08-28,29,0
Oklahoma,2020-08-28,8,0
Oregon,2020-08-28,9,0
Pennsylvania,2020-08-28,20,0
Puerto Rico,2020-08-28,12,0
Rhode Island,2020-08-28,2,0
South Carolina,2020-08-28,27,0
South Dakota,2020-08-28,3,0
Tennessee,2020-08-28,28,0
Texas,2020-08-28,172,0
Utah,2020-08-28,4,0
Virginia,2020-08-28,23,0
Washington,2020-08-28,15,0
West Virginia,2020-08-28,3,0
Wisconsin,2020-08-28,2,0
US,2020-08-28,971,0
Alabama,2020-08-29,45,0
Alaska,2020-08-29,0,0
Arizona,2020-08-29,29,0
Arkansas,2020-08-29,16,0
California,2020-08-29,89,0
Colorado,2020-08-29,5,0
Connecticut,2020-08-29,0,0
Delaware,2020-08-29,0,0
District of Columbia,2020-08-29,0,0
Florida,2020-08-29,148,0
Georgia,2020-08-29,105,0
Guam,2020-08-29,0,0
Hawaii,2020-08-29,3,0
Idaho,2020-08-29,5,0
Illinois,2020-08-29,11,0
Indiana,2020-08-29,8,0
Iowa,2020-08-29,0,0
Kansas,2020-08-29,4,0
Kentucky,2020-08-29,3,0
Louisiana,2020-08-29,0,0
Maine,2020-08-29,0,0
Maryland,2020-08-29,19,0
Massachusetts,2020-08-29,12,0
Michigan,2020-08-29,0,0
Minnesota,2020-08-29,4,0
Mississippi,2020-08-29,14,0
Missouri,2020-08-29,28,0
Montana,2020-08-29,4,0
Nebraska,2020-08-29,0,0
Nevada,2020-08-29,15,0
New Hampshire,2020-08-29,0,0
New Jersey,2020-08-29,3,0
New Mexico,2020-08-29,2,0
New York,2020-08-29,1,0
North Carolina,2020-08-29,31,0
North Dakota,2020-08-29,2,0
Ohio,2020-08-29,147,0
Oklahoma,2020-08-29,11,0
Oregon,2020-08-29,7,0
Pennsylvania,2020-08-29,14,0
Puerto Rico,2020-08-29,4,0
Rhode Island,2020-08-29,0,0
South Carolina,2020-08-29,43,0
South Dakota,2020-08-29,2,0
Tennessee,2020-08-29,24,0
Texas,2020-08-29,70,0
Utah,2020-08-29,0,0
Virginia,2020-08-29,18,0
Washington,2020-08-29,0,0
West Virginia,2020-08-29,14,0
Wisconsin,2020-08-29,6,0
US,2020-08-29,966,0
Alabama,2020-08-30,10,0
Alaska,2020-08-30,0,0
Arizona,2020-08-30,23,0
Arkansas,2020-08-30,12,0
California,2020-08-30,43,0
Colorado,2020-08-30,0,0
Connecticut,2020-08-30,0,0
Delaware,2020-08-30,0,0
District of Columbia,2020-08-30,1,0
Florida,2020-08-30,14,0
Georgia,2020-08-30,28,0
Guam,2020-08-30,0,0
Hawaii,2020-08-30,1,0
Idaho,2020-08-30,1,0
Illinois,2020-08-30,11,0
Indiana,2020-08-30,6,0
Iowa,2020-08-30,13,0
Kansas,2020-08-30,0,0
Kentucky,2020-08-30,8,0
Louisiana,2020-08-30,27,0
Maine,2020-08-30,0,0
Maryland,2020-08-30,6,0
Massachusetts,2020-08-30,13,0
Michigan,2020-08-30,36,0
Minnesota,2020-08-30,2,0
Mississippi,2020-08-30,14,0
Missouri,2020-08-30,5,0
Montana,2020-08-30,0,0
Nebraska,2020-08-30,0,0
Nevada,2020-08-30,0,0
New Hampshire,2020-08-30,0,0
New Jersey,2020-08-30,4,0
New Mexico,2020-08-30,1,0
New York,2020-08-30,18,0
North Carolina,2020-08-30,9,0
North Dakota,2020-08-30,1,0
Ohio,2020-08-30,0,0
Oklahoma,2020-08-30,2,0
Oregon,2020-08-30,4,0
Pennsylvania,2020-08-30,2,0
Puerto Rico,2020-08-30,6,0
Rhode Island,2020-08-30,0,0
South Carolina,2020-08-30,11,0
South Dakota,2020-08-30,0,0
Tennessee,2020-08-30,22,0
Texas,2020-08-30,76,0
Utah,2020-08-30,0,0
Virginia,2020-08-30,1,0
Washington,2020-08-30,0,0
West Virginia,2020-08-30,0,0
Wisconsin,2020-08-30,3,0
US,2020-08-30,434,0
Alabama,2020-08-31,20,0
Alaska,2020-08-31,0,0
Arizona,2020-08-31,0,0
Arkansas,2020-08-31,13,0
California,2020-08-31,85,0
Colorado,2020-08-31,3,0
Connecticut,2020-08-31,0,0
Delaware,2020-08-31,1,0
District of Columbia,2020-08-31,1,0
Florida,2020-08-31,68,0
Georgia,2020-08-31,29,0
Guam,2020-08-31,0,0
Hawaii,2020-08-31,7,0
Idaho,2020-08-31,2,0
Illinois,2020-08-31,7,0
Indiana,2020-08-31,5,0
Iowa,2020-08-31,7,0
Kansas,2020-08-31,2,0
Kentucky,2020-08-31,4,0
Louisiana,2020-08-31,19,0
Maine,2020-08-31,0,0
Maryland,2020-08-31,3,0
Massachusetts,2020-08-31,11,0
Michigan,2020-08-31,5,0
Minnesota,2020-08-31,1,0
Mississippi,2020-08-31,32,0
Missouri,2020-08-31,14,0
Montana,2020-08-31,0,0
Nebraska,2020-08-31,5,0
Nevada,2020-08-31,3,0
New Hampshire,2020-08-31,0,0
New Jersey,2020-08-31,8,0
New Mexico,2020-08-31,9,0
New York,2020-08-31,48,0
North Carolina,2020-08-31,10,0
North Dakota,2020-08-31,1,0
Ohio,2020-08-31,10,0
Oklahoma,2020-08-31,1,0
Oregon,2020-08-31,1,0
Pennsylvania,2020-08-31,1,0
Puerto Rico,2020-08-31,0,0
Rhode Island,2020-08-31,2,0
South Carolina,2020-08-31,11,0
South Dakota,2020-08-31,0,0
Tennessee,2020-08-31,7,0
Texas,2020-08-31,96,0
Utah,2020-08-31,0,0
Virginia,2020-08-31,11,0
Washington,2020-08-31,10,0
West Virginia,2020-08-31,1,0
Wisconsin,2020-08-31,0,0
US,2020-08-31,574,0
Alabama,2020-09-01,18,0
Alaska,2020-09-01,2,0
Arizona,2020-09-01,15,0
Arkansas,2020-09-01,17,0
California,2020-09-01,128,0
Colorado,2020-09-01,1,0
Connecticut,2020-09-01,1,0
Delaware,2020-09-01,0,0
District of Columbia,2020-09-01,0,0
Florida,2020-09-01,187,0
Georgia,2020-09-01,100,0
Guam,2020-09-01,3,0
Hawaii,2020-09-01,4,0
Idaho,2020-09-01,6,0
Illinois,2020-09-01,38,0
Indiana,2020-09-01,16,0
Iowa,2020-09-01,5,0
Kansas,2020-09-01,5,0
Kentucky,2020-09-01,15,0
Louisiana,2020-09-01,34,0
Maine,2020-09-01,0,0
Maryland,2020-09-01,6,0
Massachusetts,2020-09-01,4,0
Michigan,2020-09-01,14,0
Minnesota,2020-09-01,5,0
Mississippi,2020-09-01,20,0
Missouri,2020-09-01,15,0
Montana,2020-09-01,1,0
Nebraska,2020-09-01,2,0
Nevada,2020-09-01,8,0
New Hampshire,2020-09-01,0,0
New Jersey,2020-09-01,5,0
New Mexico,2020-09-01,8,0
New York,2020-09-01,9,0
North Carolina,2020-09-01,39,0
North Dakota,2020-09-01,2,0
Ohio,2020-09-01,27,0
Oklahoma,2020-09-01,8,0
Oregon,2020-09-01,5,0
Pennsylvania,2020-09-01,19,0
Puerto Rico,2020-09-01,1,0
Rhode Island,2020-09-01,2,0
South Carolina,2020-09-01,37,0
South Dakota,2020-09-01,0,0
Tennessee,2020-09-01,27,0
Texas,2020-09-01,140,0
Utah,2020-09-01,2,0
Virginia,2020-09-01,32,0
Washington,2020-09-01,16,0
West Virginia,2020-09-01,9,0
Wisconsin,2020-09-01,8,0
US,2020-09-01,1067,0
Alabama,2020-09-02,17,0
Alaska,2020-09-02,0,0
Arizona,2020-09-02,21,0
Arkansas,2020-09-02,27,0
California,2020-09-02,167,0
Colorado,2020-09-02,6,0
Connecticut,2020-09-02,1,0
Delaware,2020-09-02,1,0
District of Columbia,2020-09-02,1,0
Florida,2020-09-02,127,0
Georgia,2020-09-02,62,0
Guam,2020-09-02,0,0
Hawaii,2020-09-02,1,0
Idaho,2020-09-02,5,0
Illinois,2020-09-02,27,0
Indiana,2020-09-02,13,0
Iowa,2020-09-02,8,0
Kansas,2020-09-02,5,0
Kentucky,2020-09-02,18,0
Louisiana,2020-09-02,20,0
Maine,2020-09-02,1,0
Maryland,2020-09-02,5,0
Massachusetts,2020-09-02,0,0
Michigan,2020-09-02,14,0
Minnesota,2020-09-02,11,0
Mississippi,2020-09-02,33,0
Missouri,2020-09-02,16,0
Montana,2020-09-02,4,0
Nebraska,2020-09-02,0,0
Nevada,2020-09-02,23,0
New Hampshire,2020-09-02,0,0
New Jersey,2020-09-02,14,0
New Mexico,2020-09-02,3,0
New York,2020-09-02,6,0
North Carolina,2020-09-02,38,0
North Dakota,2020-09-02,3,0
Ohio,2020-09-02,10,0
Oklahoma,2020-09-02,13,0
Oregon,2020-09-02,4,0
Pennsylvania,2020-09-02,27,0
Puerto Rico,2020-09-02,8,0
Rhode Island,2020-09-02,1,0
South Carolina,2020-09-02,37,0
South Dakota,2020-09-02,2,0
Tennessee,2020-09-02,16,0
Texas,2020-09-02,185,0
Utah,2020-09-02,1,0
Virginia,2020-09-02,29,0
Washington,2020-09-02,4,0
West Virginia,2020-09-02,9,0
Wisconsin,2020-09-02,12,0
US,2020-09-02,1060,0
Alabama,2020-09-03,16,0
Alaska,2020-09-03,1,0
Arizona,2020-09-03,65,0
Arkansas,2020-09-03,20,0
California,2020-09-03,176,0
Colorado,2020-09-03,3,0
Connecticut,2020-09-03,1,0
Delaware,2020-09-03,0,0
District of Columbia,2020-09-03,1,0
Florida,2020-09-03,149,0
Georgia,2020-09-03,73,0
Guam,2020-09-03,0,0
Hawaii,2020-09-03,4,0
Idaho,2020-09-03,0,0
Illinois,2020-09-03,24,0
Indiana,2020-09-03,7,0
Iowa,2020-09-03,3,0
Kansas,2020-09-03,10,0
Kentucky,2020-09-03,10,0
Louisiana,2020-09-03,17,0
Maine,2020-09-03,0,0
Maryland,2020-09-03,12,0
Massachusetts,2020-09-03,17,0
Michigan,2020-09-03,10,0
Minnesota,2020-09-03,7,0
Mississippi,2020-09-03,10,0
Missouri,2020-09-03,8,0
Montana,2020-09-03,2,0
Nebraska,2020-09-03,5,0
Nevada,2020-09-03,27,0
New Hampshire,2020-09-03,0,0
New Jersey,2020-09-03,7,0
New Mexico,2020-09-03,1,0
New York,2020-09-03,4,0
North Carolina,2020-09-03,24,0
North Dakota,2020-09-03,2,0
Ohio,2020-09-03,50,0
Oklahoma,2020-09-03,14,0
Oregon,2020-09-03,2,0
Pennsylvania,2020-09-03,19,0
Puerto Rico,2020-09-03,5,0
Rhode Island,2020-09-03,4,0
South Carolina,2020-09-03,13,0
South Dakota,2020-09-03,0,0
Tennessee,2020-09-03,18,0
Texas,2020-09-03,192,0
Utah,2020-09-03,4,0
Virginia,2020-09-03,11,0
Washington,2020-09-03,10,0
West Virginia,2020-09-03,7,0
Wisconsin,2020-09-03,4,0
US,2020-09-03,1070,0
Alabama,2020-09-04,33,0
Alaska,2020-09-04,0,0
Arizona,2020-09-04,41,0
Arkansas,2020-09-04,12,0
California,2020-09-04,145,0
Colorado,2020-09-04,0,0
Connecticut,2020-09-04,0,0
Delaware,2020-09-04,0,0
District of Columbia,2020-09-04,2,0
Florida,2020-09-04,100,0
Georgia,2020-09-04,63,0
Guam,2020-09-04,1,0
Hawaii,2020-09-04,2,0
Idaho,2020-09-04,10,0
Illinois,2020-09-04,38,0
Indiana,2020-09-04,18,0
Iowa,2020-09-04,22,0
Kansas,2020-09-04,7,0
Kentucky,2020-09-04,11,0
Louisiana,2020-09-04,14,0
Maine,2020-09-04,1,0
Maryland,2020-09-04,11,0
Massachusetts,2020-09-04,23,0
Michigan,2020-09-04,7,0
Minnesota,2020-09-04,10,0
Mississippi,2020-09-04,22,0
Missouri,2020-09-04,21,0
Montana,2020-09-04,3,0
Nebraska,2020-09-04,0,0
Nevada,2020-09-04,12,0
New Hampshire,2020-09-04,0,0
New Jersey,2020-09-04,7,0
New Mexico,2020-09-04,3,0
New York,2020-09-04,6,0
North Carolina,2020-09-04,36,0
North Dakota,2020-09-04,0,0
Ohio,2020-09-04,22,0
Oklahoma,2020-09-04,11,0
Oregon,2020-09-04,5,0
Pennsylvania,2020-09-04,11,0
Puerto Rico,2020-09-04,7,0
Rhode Island,2020-09-04,0,0
South Carolina,2020-09-04,39,0
South Dakota,2020-09-04,1,0
Tennessee,2020-09-04,22,0
Texas,2020-09-04,130,0
Utah,2020-09-04,5,0
Virginia,2020-09-04,10,0
Washington,2020-09-04,8,0
West Virginia,2020-09-04,5,0
Wisconsin,2020-09-04,7,0
US,2020-09-04,965,0
Alabama,2020-09-05,9,0
Alaska,2020-09-05,2,0
Arizona,2020-09-05,36,0
Arkansas,2020-09-05,9,0
California,2020-09-05,71,0
Colorado,2020-09-05,16,0
Connecticut,2020-09-05,0,0
Delaware,2020-09-05,2,0
District of Columbia,2020-09-05,0,0
Florida,2020-09-05,61,0
Georgia,2020-09-05,46,0
Guam,2020-09-05,0,0
Hawaii,2020-09-05,3,0
Idaho,2020-09-05,2,0
Illinois,2020-09-05,23,0
Indiana,2020-09-05,12,0
Iowa,2020-09-05,6,0
Kansas,2020-09-05,2,0
Kentucky,2020-09-05,6,0
Louisiana,2020-09-05,0,0
Maine,2020-09-05,0,0
Maryland,2020-09-05,7,0
Massachusetts,2020-09-05,16,0
Michigan,2020-09-05,8,0
Minnesota,2020-09-05,4,0
Mississippi,2020-09-05,11,0
Missouri,2020-09-05,61,0
Montana,2020-09-05,2,0
Nebraska,2020-09-05,0,0
Nevada,2020-09-05,13,0
New Hampshire,2020-09-05,0,0
New Jersey,2020-09-05,7,0
New Mexico,2020-09-05,6,0
New York,2020-09-05,5,0
North Carolina,2020-09-05,50,0
North Dakota,2020-09-05,5,0
Ohio,2020-09-05,8,0
Oklahoma,2020-09-05,4,0
Oregon,2020-09-05,5,0
Pennsylvania,2020-09-05,15,0
Puerto Rico,2020-09-05,9,0
Rhode Island,2020-09-05,0,0
South Carolina,2020-09-05,31,0
South Dakota,2020-09-05,3,0
Tennessee,2020-09-05,25,0
Texas,2020-09-05,150,0
Utah,2020-09-05,1,0
Virginia,2020-09-05,15,0
Washington,2020-09-05,0,0
West Virginia,2020-09-05,1,0
Wisconsin,2020-09-05,15,0
US,2020-09-05,783,0
Alabama,2020-09-06,1,0
Alaska,2020-09-06,0,0
Arizona,2020-09-06,14,0
Arkansas,2020-09-06,12,0
California,2020-09-06,22,0
Colorado,2020-09-06,1,0
Connecticut,2020-09-06,0,0
Delaware,2020-09-06,1,0
District of Columbia,2020-09-06,0,0
Florida,2020-09-06,38,0
Georgia,2020-09-06,60,0
Guam,2020-09-06,0,0
Hawaii,2020-09-06,1,0
Idaho,2020-09-06,1,0
Illinois,2020-09-06,5,0
Indiana,2020-09-06,2,0
Iowa,2020-09-06,3,0
Kansas,2020-09-06,1,0
Kentucky,2020-09-06,3,0
Louisiana,2020-09-06,58,0
Maine,2020-09-06,0,0
Maryland,2020-09-06,3,0
Massachusetts,2020-09-06,9,0
Michigan,2020-09-06,0,0
Minnesota,2020-09-06,6,0
Mississippi,2020-09-06,15,0
Missouri,2020-09-06,17,0
Montana,2020-09-06,1,0
Nebraska,2020-09-06,0,0
Nevada,2020-09-06,1,0
New Hampshire,2020-09-06,1,0
New Jersey,2020-09-06,4,0
New Mexico,2020-09-06,3,0
New York,2020-09-06,0,0
North Carolina,2020-09-06,1,0
North Dakota,2020-09-06,1,0
Ohio,2020-09-06,3,0
Oklahoma,2020-09-06,3,0
Oregon,2020-09-06,1,0
Pennsylvania,2020-09-06,0,0
Puerto Rico,2020-09-06,13,0
Rhode Island,2020-09-06,0,0
South Carolina,2020-09-06,10,0
South Dakota,2020-09-06,0,0
Tennessee,2020-09-06,3,0
Texas,2020-09-06,78,0
Utah,2020-09-06,2,0
Virginia,2020-09-06,1,0
Washington,2020-09-06,0,0
West Virginia,2020-09-06,3,0
Wisconsin,2020-09-06,0,0
US,2020-09-06,403,0
Alabama,2020-09-07,0,0
Alaska,2020-09-07,0,0
Arizona,2020-09-07,0,0
Arkansas,2020-09-07,14,0
California,2020-09-07,27,0
Colorado,2020-09-07,1,0
Connecticut,2020-09-07,0,0
Delaware,2020-09-07,0,0
District of Columbia,2020-09-07,0,0
Florida,2020-09-07,22,0
Georgia,2020-09-07,7,0
Guam,2020-09-07,0,0
Hawaii,2020-09-07,1,0
Idaho,2020-09-07,0,0
Illinois,2020-09-07,8,0
Indiana,2020-09-07,4,0
Iowa,2020-09-07,3,0
Kansas,2020-09-07,2,0
Kentucky,2020-09-07,0,0
Louisiana,2020-09-07,12,0
Maine,2020-09-07,0,0
Maryland,2020-09-07,5,0
Massachusetts,2020-09-07,8,0
Michigan,2020-09-07,4,0
Minnesota,2020-09-07,3,0
Mississippi,2020-09-07,1,0
Missouri,2020-09-07,2,0
Montana,2020-09-07,1,0
Nebraska,2020-09-07,0,0
Nevada,2020-09-07,4,0
New Hampshire,2020-09-07,0,0
New Jersey,2020-09-07,2,0
New Mexico,2020-09-07,4,0
New York,2020-09-07,15,0
North Carolina,2020-09-07,7,0
North Dakota,2020-09-07,0,0
Ohio,2020-09-07,17,0
Oklahoma,2020-09-07,0,0
Oregon,2020-09-07,1,0
Pennsylvania,2020-09-07,21,0
Puerto Rico,2020-09-07,0,0
Rhode Island,2020-09-07,0,0
South Carolina,2020-09-07,20,0
South Dakota,2020-09-07,0,0
Tennessee,2020-09-07,4,0
Texas,2020-09-07,43,0
Utah,2020-09-07,1,0
Virginia,2020-09-07,6,0
Washington,2020-09-07,0,0
West Virginia,2020-09-07,0,0
Wisconsin,2020-09-07,0,0
US,2020-09-07,270,0
Alabama,2020-09-08,1,0
Alaska,2020-09-08,0,0
Arizona,2020-09-08,2,0
Arkansas,2020-09-08,9,0
California,2020-09-08,65,0
Colorado,2020-09-08,0,0
Connecticut,2020-09-08,6,0
Delaware,2020-09-08,0,0
District of Columbia,2020-09-08,0,0
Florida,2020-09-08,44,0
Georgia,2020-09-08,26,0
Guam,2020-09-08,5,0
Hawaii,2020-09-08,2,0
Idaho,2020-09-08,4,0
Illinois,2020-09-08,7,0
Indiana,2020-09-08,12,0
Iowa,2020-09-08,15,0
Kansas,2020-09-08,1,0
Kentucky,2020-09-08,1,0
Louisiana,2020-09-08,13,0
Maine,2020-09-08,0,0
Maryland,2020-09-08,3,0
Massachusetts,2020-09-08,8,0
Michigan,2020-09-08,1,0
Minnesota,2020-09-08,2,0
Mississippi,2020-09-08,0,0
Missouri,2020-09-08,3,0
Montana,2020-09-08,1,0
Nebraska,2020-09-08,3,0
Nevada,2020-09-08,0,0
New Hampshire,2020-09-08,0,0
New Jersey,2020-09-08,5,0
New Mexico,2020-09-08,0,0
New York,2020-09-08,14,0
North Carolina,2020-09-08,12,0
North Dakota,2020-09-08,0,0
Ohio,2020-09-08,22,0
Oklahoma,2020-09-08,1,0
Oregon,2020-09-08,4,0
Pennsylvania,2020-09-08,9,0
Puerto Rico,2020-09-08,5,0
Rhode Island,2020-09-08,4,0
South Carolina,2020-09-08,5,0
South Dakota,2020-09-08,0,0
Tennessee,2020-09-08,27,0
Texas,2020-09-08,95,0
Utah,2020-09-08,1,0
Virginia,2020-09-08,2,0
Washington,2020-09-08,0,0
West Virginia,2020-09-08,4,0
Wisconsin,2020-09-08,0,0
US,2020-09-08,445,0
Alabama,2020-09-09,8,0
Alaska,2020-09-09,0,0
Arizona,2020-09-09,30,0
Arkansas,2020-09-09,11,0
California,2020-09-09,160,0
Colorado,2020-09-09,4,0
Connecticut,2020-09-09,0,0
Delaware,2020-09-09,0,0
District of Columbia,2020-09-09,4,0
Florida,2020-09-09,195,0
Georgia,2020-09-09,58,0
Guam,2020-09-09,1,0
Hawaii,2020-09-09,3,0
Idaho,2020-09-09,18,0
Illinois,2020-09-09,28,0
Indiana,2020-09-09,17,0
Iowa,2020-09-09,19,0
Kansas,2020-09-09,15,0
Kentucky,2020-09-09,16,0
Louisiana,2020-09-09,22,0
Maine,2020-09-09,0,0
Maryland,2020-09-09,9,0
Massachusetts,2020-09-09,5,0
Michigan,2020-09-09,75,0
Minnesota,2020-09-09,7,0
Mississippi,2020-09-09,38,0
Missouri,2020-09-09,12,0
Montana,2020-09-09,3,0
Nebraska,2020-09-09,14,0
Nevada,2020-09-09,19,0
New Hampshire,2020-09-09,0,0
New Jersey,2020-09-09,12,0
New Mexico,2020-09-09,6,0
New York,2020-09-09,3,0
North Carolina,2020-09-09,49,0
North Dakota,2020-09-09,1,0
Ohio,2020-09-09,26,0
Oklahoma,2020-09-09,9,0
Oregon,2020-09-09,8,0
Pennsylvania,2020-09-09,14,0
Puerto Rico,2020-09-09,18,0
Rhode Island,2020-09-09,3,0
South Carolina,2020-09-09,30,0
South Dakota,2020-09-09,0,0
Tennessee,2020-09-09,35,0
Texas,2020-09-09,131,0
Utah,2020-09-09,3,0
Virginia,2020-09-09,11,0
Washington,2020-09-09,25,0
West Virginia,2020-09-09,3,0
Wisconsin,2020-09-09,15,0
US,2020-09-09,1193,0
Alabama,2020-09-10,16,0
Alaska,2020-09-10,0,0
Arizona,2020-09-10,22,0
Arkansas,2020-09-10,12,0
California,2020-09-10,94,0
Colorado,2020-09-10,2,0
Connecticut,2020-09-10,4,0
Delaware,2020-09-10,4,0
District of Columbia,2020-09-10,1,0
Florida,2020-09-10,216,0
Georgia,2020-09-10,76,0
Guam,2020-09-10,1,0
Hawaii,2020-09-10,3,0
Idaho,2020-09-10,0,0
Illinois,2020-09-10,28,0
Indiana,2020-09-10,13,0
Iowa,2020-09-10,3,0
Kansas,2020-09-10,4,0
Kentucky,2020-09-10,22,0
Louisiana,2020-09-10,21,0
Maine,2020-09-10,0,0
Maryland,2020-09-10,8,0
Massachusetts,2020-09-10,20,0
Michigan,2020-09-10,8,0
Minnesota,2020-09-10,15,0
Mississippi,2020-09-10,33,0
Missouri,2020-09-10,11,0
Montana,2020-09-10,1,0
Nebraska,2020-09-10,9,0
Nevada,2020-09-10,17,0
New Hampshire,2020-09-10,1,0
New Jersey,2020-09-10,6,0
New Mexico,2020-09-10,3,0
New York,2020-09-10,0,0
North Carolina,2020-09-10,32,0
North Dakota,2020-09-10,3,0
Ohio,2020-09-10,30,0
Oklahoma,2020-09-10,13,0
Oregon,2020-09-10,3,0
Pennsylvania,2020-09-10,13,0
Puerto Rico,2020-09-10,12,0
Rhode Island,2020-09-10,5,0
South Carolina,2020-09-10,33,0
South Dakota,2020-09-10,4,0
Tennessee,2020-09-10,57,0
Texas,2020-09-10,7,0
Utah,2020-09-10,3,0
Virginia,2020-09-10,11,0
Washington,2020-09-10,7,0
West Virginia,2020-09-10,3,0
Wisconsin,2020-09-10,10,0
US,2020-09-10,920,0
Alabama,2020-09-11,32,0
Alaska,2020-09-11,1,0
Arizona,2020-09-11,15,0
Arkansas,2020-09-11,13,0
California,2020-09-11,153,0
Colorado,2020-09-11,6,0
Connecticut,2020-09-11,2,0
Delaware,2020-09-11,0,0
District of Columbia,2020-09-11,0,0
Florida,2020-09-11,176,0
Georgia,2020-09-11,42,0
Guam,2020-09-11,2,0
Hawaii,2020-09-11,2,0
Idaho,2020-09-11,5,0
Illinois,2020-09-11,44,0
Indiana,2020-09-11,10,0
Iowa,2020-09-11,9,0
Kansas,2020-09-11,13,0
Kentucky,2020-09-11,9,0
Louisiana,2020-09-11,41,0
Maine,2020-09-11,0,0
Maryland,2020-09-11,4,0
Massachusetts,2020-09-11,14,0
Michigan,2020-09-11,6,0
Minnesota,2020-09-11,13,0
Mississippi,2020-09-11,14,0
Missouri,2020-09-11,7,0
Montana,2020-09-11,8,0
Nebraska,2020-09-11,7,0
Nevada,2020-09-11,10,0
New Hampshire,2020-09-11,0,0
New Jersey,2020-09-11,9,0
New Mexico,2020-09-11,2,0
New York,2020-09-11,0,0
North Carolina,2020-09-11,33,0
North Dakota,2020-09-11,4,0
Ohio,2020-09-11,49,0
Oklahoma,2020-09-11,12,0
Oregon,2020-09-11,2,0
Pennsylvania,2020-09-11,22,0
Puerto Rico,2020-09-11,11,0
Rhode Island,2020-09-11,4,0
South Carolina,2020-09-11,53,0
South Dakota,2020-09-11,0,0
Tennessee,2020-09-11,37,0
Texas,2020-09-11,7,0
Utah,2020-09-11,1,0
Virginia,2020-09-11,3,0
Washington,2020-09-11,6,0
West Virginia,2020-09-11,6,0
Wisconsin,2020-09-11,4,0
US,2020-09-11,923,0
Alabama,2020-09-12,17,0
Alaska,2020-09-12,1,0
Arizona,2020-09-12,27,0
Arkansas,2020-09-12,16,0
California,2020-09-12,97,0
Colorado,2020-09-12,3,0
Connecticut,2020-09-12,0,0
Delaware,2020-09-12,0,0
District of Columbia,2020-09-12,0,0
Florida,2020-09-12,98,0
Georgia,2020-09-12,41,0
Guam,2020-09-12,0,0
Hawaii,2020-09-12,1,0
Idaho,2020-09-12,3,0
Illinois,2020-09-12,22,0
Indiana,2020-09-12,17,0
Iowa,2020-09-12,2,0
Kansas,2020-09-12,10,0
Kentucky,2020-09-12,13,0
Louisiana,2020-09-12,0,0
Maine,2020-09-12,1,0
Maryland,2020-09-12,8,0
Massachusetts,2020-09-12,16,0
Michigan,2020-09-12,11,0
Minnesota,2020-09-12,9,0
Mississippi,2020-09-12,15,0
Missouri,2020-09-12,8,0
Montana,2020-09-12,2,0
Nebraska,2020-09-12,0,0
Nevada,2020-09-12,10,0
New Hampshire,2020-09-12,1,0
New Jersey,2020-09-12,4,0
New Mexico,2020-09-12,3,0
New York,2020-09-12,4,0
North Carolina,2020-09-12,24,0
North Dakota,2020-09-12,3,0
Ohio,2020-09-12,8,0
Oklahoma,2020-09-12,11,0
Oregon,2020-09-12,6,0
Pennsylvania,2020-09-12,0,0
Puerto Rico,2020-09-12,12,0
Rhode Island,2020-09-12,0,0
South Carolina,2020-09-12,12,0
South Dakota,2020-09-12,6,0
Tennessee,2020-09-12,39,0
Texas,2020-09-12,105,0
Utah,2020-09-12,2,0
Virginia,2020-09-12,11,0
Washington,2020-09-12,0,0
West Virginia,2020-09-12,2,0
Wisconsin,2020-09-12,12,0
US,2020-09-12,714,0
Alabama,2020-09-13,1,1
Alaska,2020-09-13,0,1
Arizona,2020-09-13,7,1
Arkansas,2020-09-13,12,1
California,2020-09-13,51,1
Colorado,2020-09-13,0,1
Connecticut,2020-09-13,0,1
Delaware,2020-09-13,2,1
District of Columbia,2020-09-13,0,1
Florida,2020-09-13,8,1
Georgia,2020-09-13,46,1
Guam,2020-09-13,0,1
Hawaii,2020-09-13,2,1
Idaho,2020-09-13,0,1
Illinois,2020-09-13,14,1
Indiana,2020-09-13,1,1
Iowa,2020-09-13,2,1
Kansas,2020-09-13,2,1
Kentucky,2020-09-13,3,1
Louisiana,2020-09-13,33,1
Maine,2020-09-13,1,1
Maryland,2020-09-13,2,1
Massachusetts,2020-09-13,14,1
Michigan,2020-09-13,0,1
Minnesota,2020-09-13,13,1
Mississippi,2020-09-13,12,1
Missouri,2020-09-13,3,1
Montana,2020-09-13,2,1
Nebraska,2020-09-13,0,1
Nevada,2020-09-13,3,1
New Hampshire,2020-09-13,1,1
New Jersey,2020-09-13,4,1
New Mexico,2020-09-13,2,1
New York,2020-09-13,0,1
North Carolina,2020-09-13,5,1
North Dakota,2020-09-13,1,1
Ohio,2020-09-13,4,1
Oklahoma,2020-09-13,6,1
Oregon,2020-09-13,4,1
Pennsylvania,2020-09-13,0,1
Puerto Rico,2020-09-13,4,1
Rhode Island,2020-09-13,0,1
South Carolina,2020-09-13,24,1
South Dakota,2020-09-13,1,1
Tennessee,2020-09-13,14,1
Texas,2020-09-13,73,1
Utah,2020-09-13,0,1
Virginia,2020-09-13,2,1
Washington,2020-09-13,0,1
West Virginia,2020-09-13,1,1
Wisconsin,2020-09-13,1,1
US,2020-09-13,381,1
Alabama,2020-09-14,4,0
Alaska,2020-09-14,0,0
Arizona,2020-09-14,0,0
Arkansas,2020-09-14,11,0
California,2020-09-14,61,0
Colorado,2020-09-14,2,0
Connecticut,2020-09-14,5,0
Delaware,2020-09-14,2,0
District of Columbia,2020-09-14,0,0
Florida,2020-09-14,34,0
Georgia,2020-09-14,20,0
Guam,2020-09-14,3,0
Hawaii,2020-09-14,0,0
Idaho,2020-09-14,4,0
Illinois,2020-09-14,5,0
Indiana,2020-09-14,1,0
Iowa,2020-09-14,4,0
Kansas,2020-09-14,14,0
Kentucky,2020-09-14,5,0
Louisiana,2020-09-14,17,0
Maine,2020-09-14,0,0
Maryland,2020-09-14,1,0
Massachusetts,2020-09-14,9,0
Michigan,2020-09-14,10,0
Minnesota,2020-09-14,3,0
Mississippi,2020-09-14,9,0
Missouri,2020-09-14,7,0
Montana,2020-09-14,3,0
Nebraska,2020-09-14,1,0
Nevada,2020-09-14,4,0
New Hampshire,2020-09-14,0,0
New Jersey,2020-09-14,3,0
New Mexico,2020-09-14,0,0
New York,2020-09-14,7,0
North Carolina,2020-09-14,8,0
North Dakota,2020-09-14,2,0
Ohio,2020-09-14,4,0
Oklahoma,2020-09-14,0,0
Oregon,2020-09-14,0,0
Pennsylvania,2020-09-14,26,0
Puerto Rico,2020-09-14,3,0
Rhode Island,2020-09-14,4,0
South Carolina,2020-09-14,13,0
South Dakota,2020-09-14,0,0
Tennessee,2020-09-14,19,0
Texas,2020-09-14,46,0
Utah,2020-09-14,3,0
Virginia,2020-09-14,19,0
Washington,2020-09-14,15,0
West Virginia,2020-09-14,11,0
Wisconsin,2020-09-14,0,0
US,2020-09-14,422,0
Alabama,2020-09-15,32,0
Alaska,2020-09-15,0,0
Arizona,2020-09-15,22,0
Arkansas,2020-09-15,11,0
California,2020-09-15,155,0
Colorado,2020-09-15,6,0
Connecticut,2020-09-15,0,0
Delaware,2020-09-15,1,0
District of Columbia,2020-09-15,0,0
Florida,2020-09-15,145,0
Georgia,2020-09-15,44,0
Guam,2020-09-15,2,0
Hawaii,2020-09-15,1,0
Idaho,2020-09-15,4,0
Illinois,2020-09-15,18,0
Indiana,2020-09-15,21,0
Iowa,2020-09-15,10,0
Kansas,2020-09-15,15,0
Kentucky,2020-09-15,9,0
Louisiana,2020-09-15,26,0
Maine,2020-09-15,1,0
Maryland,2020-09-15,10,0
Massachusetts,2020-09-15,6,0
Michigan,2020-09-15,11,0
Minnesota,2020-09-15,5,0
Mississippi,2020-09-15,28,0
Missouri,2020-09-15,18,0
Montana,2020-09-15,2,0
Nebraska,2020-09-15,1,0
Nevada,2020-09-15,26,0
New Hampshire,2020-09-15,2,0
New Jersey,2020-09-15,9,0
New Mexico,2020-09-15,7,0
New York,2020-09-15,8,0
North Carolina,2020-09-15,51,0
North Dakota,2020-09-15,2,0
Ohio,2020-09-15,87,0
Oklahoma,2020-09-15,7,0
Oregon,2020-09-15,10,0
Pennsylvania,2020-09-15,5,0
Puerto Rico,2020-09-15,9,0
Rhode Island,2020-09-15,3,0
South Carolina,2020-09-15,21,0
South Dakota,2020-09-15,0,0
Tennessee,2020-09-15,30,0
Texas,2020-09-15,142,0
Utah,2020-09-15,0,0
Virginia,2020-09-15,94,0
Washington,2020-09-15,9,0
West Virginia,2020-09-15,5,0
Wisconsin,2020-09-15,10,0
US,2020-09-15,1141,0
Alabama,2020-09-16,5,0
Alaska,2020-09-16,0,0
Arizona,2020-09-16,27,0
Arkansas,2020-09-16,7,0
California,2020-09-16,97,0
Colorado,2020-09-16,6,0
Connecticut,2020-09-16,2,0
Delaware,2020-09-16,1,0
District of Columbia,2020-09-16,1,0
Florida,2020-09-16,152,0
Georgia,2020-09-16,22,0
Guam,2020-09-16,0,0
Hawaii,2020-09-16,3,0
Idaho,2020-09-16,6,0
Illinois,2020-09-16,35,0
Indiana,2020-09-16,12,0
Iowa,2020-09-16,14,0
Kansas,2020-09-16,21,0
Kentucky,2020-09-16,8,0
Louisiana,2020-09-16,18,0
Maine,2020-09-16,1,0
Maryland,2020-09-16,6,0
Massachusetts,2020-09-16,20,0
Michigan,2020-09-16,11,0
Minnesota,2020-09-16,6,0
Mississippi,2020-09-16,22,0
Missouri,2020-09-16,9,0
Montana,2020-09-16,1,0
Nebraska,2020-09-16,3,0
Nevada,2020-09-16,12,0
New Hampshire,2020-09-16,0,0
New Jersey,2020-09-16,11,0
New Mexico,2020-09-16,2,0
New York,2020-09-16,4,0
North Carolina,2020-09-16,38,0
North Dakota,2020-09-16,5,0
Ohio,2020-09-16,49,0
Oklahoma,2020-09-16,12,0
Oregon,2020-09-16,2,0
Pennsylvania,2020-09-16,22,0
Puerto Rico,2020-09-16,19,0
Rhode Island,2020-09-16,3,0
South Carolina,2020-09-16,34,0
South Dakota,2020-09-16,8,0
Tennessee,2020-09-16,24,0
Texas,2020-09-16,145,0
Utah,2020-09-16,1,0
Virginia,2020-09-16,45,0
Washington,2020-09-16,5,0
West Virginia,2020-09-16,10,0
Wisconsin,2020-09-16,8,0
US,2020-09-16,983,0
Alabama,2020-09-17,9,0
Alaska,2020-09-17,0,0
Arizona,2020-09-17,38,0
Arkansas,2020-09-17,9,0
California,2020-09-17,113,0
Colorado,2020-09-17,4,0
Connecticut,2020-09-17,1,0
Delaware,2020-09-17,0,0
District of Columbia,2020-09-17,2,0
Florida,2020-09-17,147,0
Georgia,2020-09-17,55,0
Guam,2020-09-17,2,0
Hawaii,2020-09-17,4,0
Idaho,2020-09-17,5,0
Illinois,2020-09-17,25,0
Indiana,2020-09-17,6,0
Iowa,2020-09-17,2,0
Kansas,2020-09-17,4,0
Kentucky,2020-09-17,11,0
Louisiana,2020-09-17,17,0
Maine,2020-09-17,0,0
Maryland,2020-09-17,6,0
Massachusetts,2020-09-17,15,0
Michigan,2020-09-17,12,0
Minnesota,2020-09-17,9,0
Mississippi,2020-09-17,24,0
Missouri,2020-09-17,17,0
Montana,2020-09-17,2,0
Nebraska,2020-09-17,3,0
Nevada,2020-09-17,12,0
New Hampshire,2020-09-17,0,0
New Jersey,2020-09-17,3,0
New Mexico,2020-09-17,4,0
New York,2020-09-17,28,0
North Carolina,2020-09-17,31,0
North Dakota,2020-09-17,5,0
Ohio,2020-09-17,25,0
Oklahoma,2020-09-17,6,0
Oregon,2020-09-17,0,0
Pennsylvania,2020-09-17,11,0
Puerto Rico,2020-09-17,18,0
Rhode Island,2020-09-17,4,0
South Carolina,2020-09-17,26,0
South Dakota,2020-09-17,1,0
Tennessee,2020-09-17,13,0
Texas,2020-09-17,88,0
Utah,2020-09-17,0,0
Virginia,2020-09-17,36,0
Washington,2020-09-17,11,0
West Virginia,2020-09-17,4,0
Wisconsin,2020-09-17,3,0
US,2020-09-17,871,0
Alabama,2020-09-18,27,0
Alaska,2020-09-18,1,0
Arizona,2020-09-18,42,0
Arkansas,2020-09-18,7,0
California,2020-09-18,89,0
Colorado,2020-09-18,3,0
Connecticut,2020-09-18,4,0
Delaware,2020-09-18,1,0
District of Columbia,2020-09-18,0,0
Florida,2020-09-18,139,0
Georgia,2020-09-18,62,0
Guam,2020-09-18,1,0
Hawaii,2020-09-18,13,0
Idaho,2020-09-18,4,0
Illinois,2020-09-18,23,0
Indiana,2020-09-18,17,0
Iowa,2020-09-18,14,0
Kansas,2020-09-18,12,0
Kentucky,2020-09-18,8,0
Louisiana,2020-09-18,29,0
Maine,2020-09-18,0,0
Maryland,2020-09-18,8,0
Massachusetts,2020-09-18,9,0
Michigan,2020-09-18,0,0
Minnesota,2020-09-18,8,0
Mississippi,2020-09-18,12,0
Missouri,2020-09-18,28,0
Montana,2020-09-18,3,0
Nebraska,2020-09-18,0,0
Nevada,2020-09-18,18,0
New Hampshire,2020-09-18,0,0
New Jersey,2020-09-18,4,0
New Mexico,2020-09-18,5,0
New York,2020-09-18,15,0
North Carolina,2020-09-18,27,0
North Dakota,2020-09-18,2,0
Ohio,2020-09-18,28,0
Oklahoma,2020-09-18,9,0
Oregon,2020-09-18,0,0
Pennsylvania,2020-09-18,28,0
Puerto Rico,2020-09-18,11,0
Rhode Island,2020-09-18,3,0
South Carolina,2020-09-18,19,0
South Dakota,2020-09-18,2,0
Tennessee,2020-09-18,32,0
Texas,2020-09-18,125,0
Utah,2020-09-18,0,0
Virginia,2020-09-18,29,0
Washington,2020-09-18,6,0
West Virginia,2020-09-18,3,0
Wisconsin,2020-09-18,7,0
US,2020-09-18,937,0
Alabama,2020-09-19,9,0
Alaska,2020-09-19,0,0
Arizona,2020-09-19,16,0
Arkansas,2020-09-19,8,0
California,2020-09-19,125,0
Colorado,2020-09-19,4,0
Connecticut,2020-09-19,0,0
Delaware,2020-09-19,1,0
District of Columbia,2020-09-19,0,0
Florida,2020-09-19,62,0
Georgia,2020-09-19,63,0
Guam,2020-09-19,0,0
Hawaii,2020-09-19,0,0
Idaho,2020-09-19,3,0
Illinois,2020-09-19,25,0
Indiana,2020-09-19,8,0
Iowa,2020-09-19,1,0
Kansas,2020-09-19,0,0
Kentucky,2020-09-19,7,0
Louisiana,2020-09-19,0,0
Maine,2020-09-19,1,0
Maryland,2020-09-19,7,0
Massachusetts,2020-09-19,26,0
Michigan,2020-09-19,15,0
Minnesota,2020-09-19,13,0
Mississippi,2020-09-19,17,0
Missouri,2020-09-19,15,0
Montana,2020-09-19,10,0
Nebraska,2020-09-19,0,0
Nevada,2020-09-19,4,0
New Hampshire,2020-09-19,0,0
New Jersey,2020-09-19,3,0
New Mexico,2020-09-19,6,0
New York,2020-09-19,0,0
North Carolina,2020-09-19,28,0
North Dakota,2020-09-19,8,0
Ohio,2020-09-19,4,0
Oklahoma,2020-09-19,4,0
Oregon,2020-09-19,4,0
Pennsylvania,2020-09-19,19,0
Puerto Rico,2020-09-19,6,0
Rhode Island,2020-09-19,0,0
South Carolina,2020-09-19,11,0
South Dakota,2020-09-19,5,0
Tennessee,2020-09-19,20,0
Texas,2020-09-19,100,0
Utah,2020-09-19,3,0
Virginia,2020-09-19,41,0
Washington,2020-09-19,0,0
West Virginia,2020-09-19,11,0
Wisconsin,2020-09-19,3,0
US,2020-09-19,716,0
Alabama,2020-09-20,0,0
Alaska,2020-09-20,0,0
Arizona,2020-09-20,10,0
Arkansas,2020-09-20,0,0
California,2020-09-20,0,0
Colorado,2020-09-20,1,0
Connecticut,2020-09-20,0,0
Delaware,2020-09-20,0,0
District of Columbia,2020-09-20,1,0
Florida,2020-09-20,9,0
Georgia,2020-09-20,3,0
Guam,2020-09-20,0,0
Hawaii,2020-09-20,0,0
Idaho,2020-09-20,2,0
Illinois,2020-09-20,14,0
Indiana,2020-09-20,3,0
Iowa,2020-09-20,0,0
Kansas,2020-09-20,1,0
Kentucky,2020-09-20,3,0
Louisiana,2020-09-20,26,0
Maine,2020-09-20,0,0
Maryland,2020-09-20,3,0
Massachusetts,2020-09-20,15,0
Michigan,2020-09-20,0,0
Minnesota,2020-09-20,2,0
Mississippi,2020-09-20,1,0
Missouri,2020-09-20,1,0
Montana,2020-09-20,1,0
Nebraska,2020-09-20,0,0
Nevada,2020-09-20,3,0
New Hampshire,2020-09-20,0,0
New Jersey,2020-09-20,3,0
New Mexico,2020-09-20,2,0
New York,2020-09-20,6,0
North Carolina,2020-09-20,8,0
North Dakota,2020-09-20,0,0
Ohio,2020-09-20,3,0
Oklahoma,2020-09-20,3,0
Oregon,2020-09-20,1,0
Pennsylvania,2020-09-20,20,0
Puerto Rico,2020-09-20,3,0
Rhode Island,2020-09-20,0,0
South Carolina,2020-09-20,11,0
South Dakota,2020-09-20,2,0
Tennessee,2020-09-20,2,0
Texas,2020-09-20,37,0
Utah,2020-09-20,0,0
Virginia,2020-09-20,25,0
Washington,2020-09-20,0,0
West Virginia,2020-09-20,3,0
Wisconsin,2020-09-20,1,0
US,2020-09-20,229,0
Alabama,2020-09-21,2,0
Alaska,2020-09-21,0,0
Arizona,2020-09-21,1,0
Arkansas,2020-09-21,16,0
California,2020-09-21,40,0
Colorado,2020-09-21,4,0
Connecticut,2020-09-21,3,0
Delaware,2020-09-21,6,0
District of Columbia,2020-09-21,1,0
Florida,2020-09-21,21,0
Georgia,2020-09-21,2,0
Guam,2020-09-21,4,0
Hawaii,2020-09-21,0,0
Idaho,2020-09-21,4,0
Illinois,2020-09-21,7,0
Indiana,2020-09-21,6,0
Iowa,2020-09-21,19,0
Kansas,2020-09-21,6,0
Kentucky,2020-09-21,1,0
Louisiana,2020-09-21,9,0
Maine,2020-09-21,1,0
Maryland,2020-09-21,4,0
Massachusetts,2020-09-21,7,0
Michigan,2020-09-21,12,0
Minnesota,2020-09-21,4,0
Mississippi,2020-09-21,0,0
Missouri,2020-09-21,12,0
Montana,2020-09-21,3,0
Nebraska,2020-09-21,10,0
Nevada,2020-09-21,0,0
New Hampshire,2020-09-21,0,0
New Jersey,2020-09-21,2,0
New Mexico,2020-09-21,2,0
New York,2020-09-21,5,0
North Carolina,2020-09-21,4,0
North Dakota,2020-09-21,1,0
Ohio,2020-09-21,8,0
Oklahoma,2020-09-21,2,0
Oregon,2020-09-21,3,0
Pennsylvania,2020-09-21,25,0
Puerto Rico,2020-09-21,1,0
Rhode Island,2020-09-21,9,0
South Carolina,2020-09-21,13,0
South Dakota,2020-09-21,0,0
Tennessee,2020-09-21,15,0
Texas,2020-09-21,39,0
Utah,2020-09-21,1,0
Virginia,2020-09-21,6,0
Washington,2020-09-21,12,0
West Virginia,2020-09-21,1,0
Wisconsin,2020-09-21,2,0
US,2020-09-21,356,0
Alabama,2020-09-22,18,0
Alaska,2020-09-22,0,0
Arizona,2020-09-22,20,0
Arkansas,2020-09-22,12,0
California,2020-09-22,133,0
Colorado,2020-09-22,7,0
Connecticut,2020-09-22,1,0
Delaware,2020-09-22,1,0
District of Columbia,2020-09-22,0,0
Florida,2020-09-22,99,0
Georgia,2020-09-22,69,0
Guam,2020-09-22,2,0
Hawaii,2020-09-22,0,0
Idaho,2020-09-22,4,0
Illinois,2020-09-22,29,0
Indiana,2020-09-22,8,0
Iowa,2020-09-22,9,0
Kansas,2020-09-22,13,0
Kentucky,2020-09-22,7,0
Louisiana,2020-09-22,11,0
Maine,2020-09-22,0,0
Maryland,2020-09-22,12,0
Massachusetts,2020-09-22,11,0
Michigan,2020-09-22,16,0
Minnesota,2020-09-22,10,0
Mississippi,2020-09-22,36,0
Missouri,2020-09-22,29,0
Montana,2020-09-22,3,0
Nebraska,2020-09-22,9,0
Nevada,2020-09-22,15,0
New Hampshire,2020-09-22,0,0
New Jersey,2020-09-22,7,0
New Mexico,2020-09-22,3,0
New York,2020-09-22,0,0
North Carolina,2020-09-22,39,0
North Dakota,2020-09-22,3,0
Ohio,2020-09-22,12,0
Oklahoma,2020-09-22,14,0
Oregon,2020-09-22,3,0
Pennsylvania,2020-09-22,17,0
Puerto Rico,2020-09-22,4,0
Rhode Island,2020-09-22,2,0
South Carolina,2020-09-22,31,0
South Dakota,2020-09-22,0,0
Tennessee,2020-09-22,28,0
Texas,2020-09-22,102,0
Utah,2020-09-22,2,0
Virginia,2020-09-22,39,0
Washington,2020-09-22,21,0
West Virginia,2020-09-22,5,0
Wisconsin,2020-09-22,7,0
US,2020-09-22,923,0
Alabama,2020-09-23,31,0
Alaska,2020-09-23,0,0
Arizona,2020-09-23,27,0
Arkansas,2020-09-23,20,0
California,2020-09-23,102,0
Colorado,2020-09-23,5,0
Connecticut,2020-09-23,1,0
Delaware,2020-09-23,1,0
District of Columbia,2020-09-23,0,0
Florida,2020-09-23,202,0
Georgia,2020-09-23,96,0
Guam,2020-09-23,0,0
Hawaii,2020-09-23,2,0
Idaho,2020-09-23,3,0
Illinois,2020-09-23,22,0
Indiana,2020-09-23,10,0
Iowa,2020-09-23,5,0
Kansas,2020-09-23,6,0
Kentucky,2020-09-23,5,0
Louisiana,2020-09-23,19,0
Maine,2020-09-23,0,0
Maryland,2020-09-23,7,0
Massachusetts,2020-09-23,19,0
Michigan,2020-09-23,16,0
Minnesota,2020-09-23,6,0
Mississippi,2020-09-23,24,0
Missouri,2020-09-23,71,0
Montana,2020-09-23,2,0
Nebraska,2020-09-23,1,0
Nevada,2020-09-23,10,0
New Hampshire,2020-09-23,0,0
New Jersey,2020-09-23,6,0
New Mexico,2020-09-23,3,0
New York,2020-09-23,0,0
North Carolina,2020-09-23,30,0
North Dakota,2020-09-23,7,0
Ohio,2020-09-23,52,0
Oklahoma,2020-09-23,8,0
Oregon,2020-09-23,6,0
Pennsylvania,2020-09-23,36,0
Puerto Rico,2020-09-23,4,0
Rhode Island,2020-09-23,3,0
South Carolina,2020-09-23,19,0
South Dakota,2020-09-23,0,0
Tennessee,2020-09-23,16,0
Texas,2020-09-23,143,0
Utah,2020-09-23,1,0
Virginia,2020-09-23,29,0
Washington,2020-09-23,11,0
West Virginia,2020-09-23,2,0
Wisconsin,2020-09-23,8,0
US,2020-09-23,1098,0
Alabama,2020-09-24,18,0
Alaska,2020-09-24,1,0
Arizona,2020-09-24,34,0
Arkansas,2020-09-24,17,0
California,2020-09-24,102,0
Colorado,2020-09-24,3,0
Connecticut,2020-09-24,2,0
Delaware,2020-09-24,1,0
District of Columbia,2020-09-24,0,0
Florida,2020-09-24,177,0
Georgia,2020-09-24,47,0
Guam,2020-09-24,1,0
Hawaii,2020-09-24,2,0
Idaho,2020-09-24,3,0
Illinois,2020-09-24,30,0
Indiana,2020-09-24,18,0
Iowa,2020-09-24,5,0
Kansas,2020-09-24,1,0
Kentucky,2020-09-24,13,0
Louisiana,2020-09-24,16,0
Maine,2020-09-24,0,0
Maryland,2020-09-24,7,0
Massachusetts,2020-09-24,15,0
Michigan,2020-09-24,6,0
Minnesota,2020-09-24,3,0
Mississippi,2020-09-24,4,0
Missouri,2020-09-24,13,0
Montana,2020-09-24,0,0
Nebraska,2020-09-24,0,0
Nevada,2020-09-24,8,0
New Hampshire,2020-09-24,0,0
New Jersey,2020-09-24,9,0
New Mexico,2020-09-24,2,0
New York,2020-09-24,5,0
North Carolina,2020-09-24,40,0
North Dakota,2020-09-24,8,0
Ohio,2020-09-24,28,0
Oklahoma,2020-09-24,11,0
Oregon,2020-09-24,1,0
Pennsylvania,2020-09-24,16,0
Puerto Rico,2020-09-24,10,0
Rhode Island,2020-09-24,4,0
South Carolina,2020-09-24,17,0
South Dakota,2020-09-24,8,0
Tennessee,2020-09-24,35,0
Texas,2020-09-24,138,0
Utah,2020-09-24,0,0
Virginia,2020-09-24,24,0
Washington,2020-09-24,0,0
West Virginia,2020-09-24,6,0
Wisconsin,2020-09-24,6,0
US,2020-09-24,915,0
Alabama,2020-09-25,0,0
Alaska,2020-09-25,6,0
Arizona,2020-09-25,28,0
Arkansas,2020-09-25,20,0
California,2020-09-25,123,0
Colorado,2020-09-25,1,0
Connecticut,2020-09-25,2,0
Delaware,2020-09-25,1,0
District of Columbia,2020-09-25,2,0
Florida,2020-09-25,120,0
Georgia,2020-09-25,58,0
Guam,2020-09-25,1,0
Hawaii,2020-09-25,3,0
Idaho,2020-09-25,1,0
Illinois,2020-09-25,33,0
Indiana,2020-09-25,18,0
Iowa,2020-09-25,9,0
Kansas,2020-09-25,14,0
Kentucky,2020-09-25,12,0
Louisiana,2020-09-25,21,0
Maine,2020-09-25,0,0
Maryland,2020-09-25,8,0
Massachusetts,2020-09-25,11,0
Michigan,2020-09-25,8,0
Minnesota,2020-09-25,6,0
Mississippi,2020-09-25,20,0
Missouri,2020-09-25,40,0
Montana,2020-09-25,5,0
Nebraska,2020-09-25,6,0
Nevada,2020-09-25,9,0
New Hampshire,2020-09-25,0,0
New Jersey,2020-09-25,6,0
New Mexico,2020-09-25,6,0
New York,2020-09-25,27,0
North Carolina,2020-09-25,53,0
North Dakota,2020-09-25,8,0
Ohio,2020-09-25,19,0
Oklahoma,2020-09-25,12,0
Oregon,2020-09-25,3,0
Pennsylvania,2020-09-25,11,0
Puerto Rico,2020-09-25,8,0
Rhode Island,2020-09-25,1,0
South Carolina,2020-09-25,18,0
South Dakota,2020-09-25,6,0
Tennessee,2020-09-25,40,0
Texas,2020-09-25,100,0
Utah,2020-09-25,4,0
Virginia,2020-09-25,23,0
Washington,2020-09-25,20,0
West Virginia,2020-09-25,7,0
Wisconsin,2020-09-25,9,0
US,2020-09-25,967,0
Alabama,2020-09-26,10,0
Alaska,2020-09-26,0,0
Arizona,2020-09-26,35,0
Arkansas,2020-09-26,19,0
California,2020-09-26,67,0
Colorado,2020-09-26,6,0
Connecticut,2020-09-26,0,0
Delaware,2020-09-26,2,0
District of Columbia,2020-09-26,1,0
Florida,2020-09-26,107,0
Georgia,2020-09-26,40,0
Guam,2020-09-26,0,0
Hawaii,2020-09-26,4,0
Idaho,2020-09-26,2,0
Illinois,2020-09-26,25,0
Indiana,2020-09-26,11,0
Iowa,2020-09-26,2,0
Kansas,2020-09-26,0,0
Kentucky,2020-09-26,5,0
Louisiana,2020-09-26,0,0
Maine,2020-09-26,0,0
Maryland,2020-09-26,8,0
Massachusetts,2020-09-26,18,0
Michigan,2020-09-26,17,0
Minnesota,2020-09-26,10,0
Mississippi,2020-09-26,17,0
Missouri,2020-09-26,63,0
Montana,2020-09-26,1,0
Nebraska,2020-09-26,1,0
Nevada,2020-09-26,9,0
New Hampshire,2020-09-26,1,0
New Jersey,2020-09-26,6,0
New Mexico,2020-09-26,5,0
New York,2020-09-26,3,0
North Carolina,2020-09-26,31,0
North Dakota,2020-09-26,8,0
Ohio,2020-09-26,6,0
Oklahoma,2020-09-26,11,0
Oregon,2020-09-26,0,0
Pennsylvania,2020-09-26,18,0
Puerto Rico,2020-09-26,7,0
Rhode Island,2020-09-26,0,0
South Carolina,2020-09-26,26,0
South Dakota,2020-09-26,2,0
Tennessee,2020-09-26,22,0
Texas,2020-09-26,97,0
Utah,2020-09-26,0,0
Virginia,2020-09-26,8,0
Washington,2020-09-26,0,0
West Virginia,2020-09-26,2,0
Wisconsin,2020-09-26,7,0
US,2020-09-26,740,0
Alabama,2020-09-27,0,0
Alaska,2020-09-27,4,0
Arizona,2020-09-27,1,0
Arkansas,2020-09-27,23,0
California,2020-09-27,23,0
Colorado,2020-09-27,1,0
Connecticut,2020-09-27,0,0
Delaware,2020-09-27,0,0
District of Columbia,2020-09-27,0,0
Florida,2020-09-27,10,0
Georgia,2020-09-27,32,0
Guam,2020-09-27,0,0
Hawaii,2020-09-27,1,0
Idaho,2020-09-27,0,0
Illinois,2020-09-27,13,0
Indiana,2020-09-27,3,0
Iowa,2020-09-27,2,0
Kansas,2020-09-27,0,0
Kentucky,2020-09-27,3,0
Louisiana,2020-09-27,21,0
Maine,2020-09-27,0,0
Maryland,2020-09-27,10,0
Massachusetts,2020-09-27,13,0
Michigan,2020-09-27,0,0
Minnesota,2020-09-27,4,0
Mississippi,2020-09-27,8,0
Missouri,2020-09-27,0,0
Montana,2020-09-27,2,0
Nebraska,2020-09-27,1,0
Nevada,2020-09-27,3,0
New Hampshire,2020-09-27,0,0
New Jersey,2020-09-27,3,0
New Mexico,2020-09-27,0,0
New York,2020-09-27,6,0
North Carolina,2020-09-27,1,0
North Dakota,2020-09-27,4,0
Ohio,2020-09-27,1,0
Oklahoma,2020-09-27,2,0
Oregon,2020-09-27,1,0
Pennsylvania,2020-09-27,3,0
Puerto Rico,2020-09-27,2,0
Rhode Island,2020-09-27,0,0
South Carolina,2020-09-27,3,0
South Dakota,2020-09-27,0,0
Tennessee,2020-09-27,3,0
Texas,2020-09-27,38,0
Utah,2020-09-27,5,0
Virginia,2020-09-27,15,0
Washington,2020-09-27,0,0
West Virginia,2020-09-27,2,0
Wisconsin,2020-09-27,0,0
US,2020-09-27,267,0
Alabama,2020-09-28,0,0
Alaska,2020-09-28,0,0
Arizona,2020-09-28,1,0
Arkansas,2020-09-28,21,0
California,2020-09-28,27,0
Colorado,2020-09-28,3,0
Connecticut,2020-09-28,2,0
Delaware,2020-09-28,1,0
District of Columbia,2020-09-28,0,0
Florida,2020-09-28,5,0
Georgia,2020-09-28,15,0
Guam,2020-09-28,0,0
Hawaii,2020-09-28,0,0
Idaho,2020-09-28,0,0
Illinois,2020-09-28,13,0
Indiana,2020-09-28,11,0
Iowa,2020-09-28,8,0
Kansas,2020-09-28,9,0
Kentucky,2020-09-28,5,0
Louisiana,2020-09-28,15,0
Maine,2020-09-28,0,0
Maryland,2020-09-28,3,0
Massachusetts,2020-09-28,11,0
Michigan,2020-09-28,7,0
Minnesota,2020-09-28,7,0
Mississippi,2020-09-28,2,0
Missouri,2020-09-28,4,0
Montana,2020-09-28,1,0
Nebraska,2020-09-28,2,0
Nevada,2020-09-28,0,0
New Hampshire,2020-09-28,0,0
New Jersey,2020-09-28,1,0
New Mexico,2020-09-28,3,0
New York,2020-09-28,9,0
North Carolina,2020-09-28,4,0
North Dakota,2020-09-28,3,0
Ohio,2020-09-28,5,0
Oklahoma,2020-09-28,1,0
Oregon,2020-09-28,4,0
Pennsylvania,2020-09-28,2,0
Puerto Rico,2020-09-28,4,0
Rhode Island,2020-09-28,3,0
South Carolina,2020-09-28,11,0
South Dakota,2020-09-28,0,0
Tennessee,2020-09-28,12,0
Texas,2020-09-28,62,0
Utah,2020-09-28,0,0
Virginia,2020-09-28,13,0
Washington,2020-09-28,0,0
West Virginia,2020-09-28,3,0
Wisconsin,2020-09-28,2,0
US,2020-09-28,316,0
Alabama,2020-09-29,16,0
Alaska,2020-09-29,0,0
Arizona,2020-09-29,8,0
Arkansas,2020-09-29,21,0
California,2020-09-29,149,0
Colorado,2020-09-29,2,0
Connecticut,2020-09-29,2,0
Delaware,2020-09-29,1,0
District of Columbia,2020-09-29,2,0
Florida,2020-09-29,5,0
Georgia,2020-09-29,33,0
Guam,2020-09-29,8,0
Hawaii,2020-09-29,2,0
Idaho,2020-09-29,4,0
Illinois,2020-09-29,23,0
Indiana,2020-09-29,21,0
Iowa,2020-09-29,17,0
Kansas,2020-09-29,7,0
Kentucky,2020-09-29,8,0
Louisiana,2020-09-29,10,0
Maine,2020-09-29,1,0
Maryland,2020-09-29,8,0
Massachusetts,2020-09-29,8,0
Michigan,2020-09-29,21,0
Minnesota,2020-09-29,5,0
Mississippi,2020-09-29,36,0
Missouri,2020-09-29,9,0
Montana,2020-09-29,3,0
Nebraska,2020-09-29,6,0
Nevada,2020-09-29,8,0
New Hampshire,2020-09-29,0,0
New Jersey,2020-09-29,10,0
New Mexico,2020-09-29,2,0
New York,2020-09-29,4,0
North Carolina,2020-09-29,49,0
North Dakota,2020-09-29,5,0
Ohio,2020-09-29,37,0
Oklahoma,2020-09-29,11,0
Oregon,2020-09-29,8,0
Pennsylvania,2020-09-29,13,0
Puerto Rico,2020-09-29,6,0
Rhode Island,2020-09-29,3,0
South Carolina,2020-09-29,22,0
South Dakota,2020-09-29,5,0
Tennessee,2020-09-29,31,0
Texas,2020-09-29,95,0
Utah,2020-09-29,4,0
Virginia,2020-09-29,15,0
Washington,2020-09-29,24,0
West Virginia,2020-09-29,8,0
Wisconsin,2020-09-29,17,0
US,2020-09-29,813,0
Alabama,2020-09-30,23,0
Alaska,2020-09-30,0,0
Arizona,2020-09-30,18,0
Arkansas,2020-09-30,19,0
California,2020-09-30,103,0
Colorado,2020-09-30,5,0
Connecticut,2020-09-30,3,0
Delaware,2020-09-30,1,0
District of Columbia,2020-09-30,1,0
Florida,2020-09-30,174,0
Georgia,2020-09-30,27,0
Guam,2020-09-30,2,0
Hawaii,2020-09-30,2,0
Idaho,2020-09-30,5,0
Illinois,2020-09-30,35,0
Indiana,2020-09-30,20,0
Iowa,2020-09-30,17,0
Kansas,2020-09-30,18,0
Kentucky,2020-09-30,4,0
Louisiana,2020-09-30,21,0
Maine,2020-09-30,0,0
Maryland,2020-09-30,3,0
Massachusetts,2020-09-30,33,0
Michigan,2020-09-30,11,0
Minnesota,2020-09-30,17,0
Mississippi,2020-09-30,12,0
Missouri,2020-09-30,3,0
Montana,2020-09-30,3,0
Nebraska,2020-09-30,0,0
Nevada,2020-09-30,7,0
New Hampshire,2020-09-30,0,0
New Jersey,2020-09-30,5,0
New Mexico,2020-09-30,2,0
New York,2020-09-30,9,0
North Carolina,2020-09-30,38,0
North Dakota,2020-09-30,7,0
Ohio,2020-09-30,21,0
Oklahoma,2020-09-30,13,0
Oregon,2020-09-30,4,0
Pennsylvania,2020-09-30,29,0
Puerto Rico,2020-09-30,7,0
Rhode Island,2020-09-30,1,0
South Carolina,2020-09-30,19,0
South Dakota,2020-09-30,0,0
Tennessee,2020-09-30,34,0
Texas,2020-09-30,114,0
Utah,2020-09-30,2,0
Virginia,2020-09-30,20,0
Washington,2020-09-30,2,0
West Virginia,2020-09-30,5,0
Wisconsin,2020-09-30,27,0
US,2020-09-30,946,0
Alabama,2020-10-01,8,0
Alaska,2020-10-01,1,0
Arizona,2020-10-01,24,0
Arkansas,2020-10-01,15,0
California,2020-10-01,88,0
Colorado,2020-10-01,3,0
Connecticut,2020-10-01,3,0
Delaware,2020-10-01,0,0
District of Columbia,2020-10-01,1,0
Florida,2020-10-01,127,0
Georgia,2020-10-01,42,0
Guam,2020-10-01,0,0
Hawaii,2020-10-01,3,0
Idaho,2020-10-01,3,0
Illinois,2020-10-01,24,0
Indiana,2020-10-01,13,0
Iowa,2020-10-01,8,0
Kansas,2020-10-01,3,0
Kentucky,2020-10-01,17,0
Louisiana,2020-10-01,8,0
Maine,2020-10-01,0,0
Maryland,2020-10-01,0,0
Massachusetts,2020-10-01,24,0
Michigan,2020-10-01,19,0
Minnesota,2020-10-01,13,0
Mississippi,2020-10-01,10,0
Missouri,2020-10-01,5,0
Montana,2020-10-01,1,0
Nebraska,2020-10-01,15,0
Nevada,2020-10-01,3,0
New Hampshire,2020-10-01,2,0
New Jersey,2020-10-01,18,0
New Mexico,2020-10-01,5,0
New York,2020-10-01,6,0
North Carolina,2020-10-01,47,0
North Dakota,2020-10-01,10,0
Ohio,2020-10-01,13,0
Oklahoma,2020-10-01,4,0
Oregon,2020-10-01,1,0
Pennsylvania,2020-10-01,14,0
Puerto Rico,2020-10-01,4,0
Rhode Island,2020-10-01,3,0
South Carolina,2020-10-01,22,0
South Dakota,2020-10-01,13,0
Tennessee,2020-10-01,47,0
Texas,2020-10-01,114,0
Utah,2020-10-01,0,0
Virginia,2020-10-01,20,0
Washington,2020-10-01,6,0
West Virginia,2020-10-01,4,0
Wisconsin,2020-10-01,21,0
US,2020-10-01,858,0
Alabama,2020-10-02,2,0
Alaska,2020-10-02,0,0
Arizona,2020-10-02,19,0
Arkansas,2020-10-02,7,0
California,2020-10-02,81,0
Colorado,2020-10-02,3,0
Connecticut,2020-10-02,2,0
Delaware,2020-10-02,6,0
District of Columbia,2020-10-02,1,0
Florida,2020-10-02,110,0
Georgia,2020-10-02,43,0
Guam,2020-10-02,0,0
Hawaii,2020-10-02,3,0
Idaho,2020-10-02,2,0
Illinois,2020-10-02,52,0
Indiana,2020-10-02,11,0
Iowa,2020-10-02,11,0
Kansas,2020-10-02,16,0
Kentucky,2020-10-02,6,0
Louisiana,2020-10-02,26,0
Maine,2020-10-02,0,0
Maryland,2020-10-02,1,0
Massachusetts,2020-10-02,10,0
Michigan,2020-10-02,8,0
Minnesota,2020-10-02,10,0
Mississippi,2020-10-02,20,0
Missouri,2020-10-02,72,0
Montana,2020-10-02,5,0
Nebraska,2020-10-02,0,0
Nevada,2020-10-02,6,0
New Hampshire,2020-10-02,1,0
New Jersey,2020-10-02,0,0
New Mexico,2020-10-02,5,0
New York,2020-10-02,40,0
North Carolina,2020-10-02,29,0
North Dakota,2020-10-02,8,0
Ohio,2020-10-02,88,0
Oklahoma,2020-10-02,9,0
Oregon,2020-10-02,3,0
Pennsylvania,2020-10-02,18,0
Puerto Rico,2020-10-02,8,0
Rhode Island,2020-10-02,1,0
South Carolina,2020-10-02,9,0
South Dakota,2020-10-02,1,0
Tennessee,2020-10-02,14,0
Texas,2020-10-02,94,0
Utah,2020-10-02,15,0
Virginia,2020-10-02,22,0
Washington,2020-10-02,11,0
West Virginia,2020-10-02,2,0
Wisconsin,2020-10-02,5,0
US,2020-10-02,916,0
Alabama,2020-10-03,8,0
Alaska,2020-10-03,1,0
Arizona,2020-10-03,12,0
Arkansas,2020-10-03,16,0
California,2020-10-03,61,0
Colorado,2020-10-03,3,0
Connecticut,2020-10-03,0,0
Delaware,2020-10-03,3,0
District of Columbia,2020-10-03,0,0
Florida,2020-10-03,74,0
Georgia,2020-10-03,27,0
Guam,2020-10-03,0,0
Hawaii,2020-10-03,11,0
Idaho,2020-10-03,6,0
Illinois,2020-10-03,31,0
Indiana,2020-10-03,13,0
Iowa,2020-10-03,4,0
Kansas,2020-10-03,2,0
Kentucky,2020-10-03,8,0
Louisiana,2020-10-03,0,0
Maine,2020-10-03,1,0
Maryland,2020-10-03,7,0
Massachusetts,2020-10-03,17,0
Michigan,2020-10-03,14,0
Minnesota,2020-10-03,14,0
Mississippi,2020-10-03,12,0
Missouri,2020-10-03,31,0
Montana,2020-10-03,0,0
Nebraska,2020-10-03,4,0
Nevada,2020-10-03,11,0
New Hampshire,2020-10-03,0,0
New Jersey,2020-10-03,4,0
New Mexico,2020-10-03,3,0
New York,2020-10-03,0,0
North Carolina,2020-10-03,21,0
North Dakota,2020-10-03,7,0
Ohio,2020-10-03,20,0
Oklahoma,2020-10-03,7,0
Oregon,2020-10-03,8,0
Pennsylvania,2020-10-03,18,0
Puerto Rico,2020-10-03,8,0
Rhode Island,2020-10-03,0,0
South Carolina,2020-10-03,33,0
South Dakota,2020-10-03,11,0
Tennessee,2020-10-03,45,0
Texas,2020-10-03,71,0
Utah,2020-10-03,2,0
Virginia,2020-10-03,20,0
Washington,2020-10-03,0,0
West Virginia,2020-10-03,2,0
Wisconsin,2020-10-03,19,0
US,2020-10-03,690,0
Alabama,2020-10-04,0,0
Alaska,2020-10-04,0,0
Arizona,2020-10-04,1,0
Arkansas,2020-10-04,18,0
California,2020-10-04,32,0
Colorado,2020-10-04,8,0
Connecticut,2020-10-04,0,0
Delaware,2020-10-04,0,0
District of Columbia,2020-10-04,2,0
Florida,2020-10-04,43,0
Georgia,2020-10-04,29,0
Guam,2020-10-04,0,0
Hawaii,2020-10-04,3,0
Idaho,2020-10-04,2,0
Illinois,2020-10-04,17,0
Indiana,2020-10-04,5,0
Iowa,2020-10-04,6,0
Kansas,2020-10-04,0,0
Kentucky,2020-10-04,4,0
Louisiana,2020-10-04,32,0
Maine,2020-10-04,0,0
Maryland,2020-10-04,1,0
Massachusetts,2020-10-04,3,0
Michigan,2020-10-04,0,0
Minnesota,2020-10-04,7,0
Mississippi,2020-10-04,2,0
Missouri,2020-10-04,9,0
Montana,2020-10-04,1,0
Nebraska,2020-10-04,4,0
Nevada,2020-10-04,3,0
New Hampshire,2020-10-04,1,0
New Jersey,2020-10-04,1,0
New Mexico,2020-10-04,2,0
New York,2020-10-04,8,0
North Carolina,2020-10-04,5,0
North Dakota,2020-10-04,3,0
Ohio,2020-10-04,0,0
Oklahoma,2020-10-04,0,0
Oregon,2020-10-04,1,0
Pennsylvania,2020-10-04,15,0
Puerto Rico,2020-10-04,5,0
Rhode Island,2020-10-04,0,0
South Carolina,2020-10-04,11,0
South Dakota,2020-10-04,0,0
Tennessee,2020-10-04,17,0
Texas,2020-10-04,25,0
Utah,2020-10-04,2,0
Virginia,2020-10-04,3,0
Washington,2020-10-04,0,0
West Virginia,2020-10-04,1,0
Wisconsin,2020-10-04,5,0
US,2020-10-04,337,0
Alabama,2020-10-05,1,0
Alaska,2020-10-05,0,0
Arizona,2020-10-05,1,0
Arkansas,2020-10-05,22,0
California,2020-10-05,24,0
Colorado,2020-10-05,1,0
Connecticut,2020-10-05,4,0
Delaware,2020-10-05,0,0
District of Columbia,2020-10-05,0,0
Florida,2020-10-05,41,0
Georgia,2020-10-05,30,0
Guam,2020-10-05,5,0
Hawaii,2020-10-05,1,0
Idaho,2020-10-05,5,0
Illinois,2020-10-05,14,0
Indiana,2020-10-05,7,0
Iowa,2020-10-05,11,0
Kansas,2020-10-05,8,0
Kentucky,2020-10-05,5,0
Louisiana,2020-10-05,9,0
Maine,2020-10-05,0,0
Maryland,2020-10-05,3,0
Massachusetts,2020-10-05,20,0
Michigan,2020-10-05,15,0
Minnesota,2020-10-05,3,0
Mississippi,2020-10-05,0,0
Missouri,2020-10-05,2,0
Montana,2020-10-05,3,0
Nebraska,2020-10-05,2,0
Nevada,2020-10-05,0,0
New Hampshire,2020-10-05,0,0
New Jersey,2020-10-05,2,0
New Mexico,2020-10-05,2,0
New York,2020-10-05,9,0
North Carolina,2020-10-05,3,0
North Dakota,2020-10-05,3,0
Ohio,2020-10-05,6,0
Oklahoma,2020-10-05,4,0
Oregon,2020-10-05,0,0
Pennsylvania,2020-10-05,12,0
Puerto Rico,2020-10-05,9,0
Rhode Island,2020-10-05,3,0
South Carolina,2020-10-05,3,0
South Dakota,2020-10-05,0,0
Tennessee,2020-10-05,20,0
Texas,2020-10-05,117,0
Utah,2020-10-05,4,0
Virginia,2020-10-05,3,0
Washington,2020-10-05,16,0
West Virginia,2020-10-05,3,0
Wisconsin,2020-10-05,4,0
US,2020-10-05,460,0
Alabama,2020-10-06,21,0
Alaska,2020-10-06,0,0
Arizona,2020-10-06,6,0
Arkansas,2020-10-06,22,0
California,2020-10-06,73,0
Colorado,2020-10-06,12,0
Connecticut,2020-10-06,4,0
Delaware,2020-10-06,1,0
District of Columbia,2020-10-06,0,0
Florida,2020-10-06,55,0
Georgia,2020-10-06,37,0
Guam,2020-10-06,1,0
Hawaii,2020-10-06,3,0
Idaho,2020-10-06,5,0
Illinois,2020-10-06,31,0
Indiana,2020-10-06,30,0
Iowa,2020-10-06,15,0
Kansas,2020-10-06,3,0
Kentucky,2020-10-06,4,0
Louisiana,2020-10-06,6,0
Maine,2020-10-06,0,0
Maryland,2020-10-06,6,0
Massachusetts,2020-10-06,8,0
Michigan,2020-10-06,22,0
Minnesota,2020-10-06,4,0
Mississippi,2020-10-06,14,0
Missouri,2020-10-06,21,0
Montana,2020-10-06,2,0
Nebraska,2020-10-06,4,0
Nevada,2020-10-06,6,0
New Hampshire,2020-10-06,3,0
New Jersey,2020-10-06,9,0
New Mexico,2020-10-06,0,0
New York,2020-10-06,5,0
North Carolina,2020-10-06,33,0
North Dakota,2020-10-06,3,0
Ohio,2020-10-06,16,0
Oklahoma,2020-10-06,11,0
Oregon,2020-10-06,9,0
Pennsylvania,2020-10-06,16,0
Puerto Rico,2020-10-06,1,0
Rhode Island,2020-10-06,4,0
South Carolina,2020-10-06,15,0
South Dakota,2020-10-06,0,0
Tennessee,2020-10-06,24,0
Texas,2020-10-06,91,0
Utah,2020-10-06,6,0
Virginia,2020-10-06,15,0
Washington,2020-10-06,7,0
West Virginia,2020-10-06,3,0
Wisconsin,2020-10-06,18,0
US,2020-10-06,705,0
Alabama,2020-10-07,21,0
Alaska,2020-10-07,1,0
Arizona,2020-10-07,20,0
Arkansas,2020-10-07,13,0
California,2020-10-07,94,0
Colorado,2020-10-07,4,0
Connecticut,2020-10-07,1,0
Delaware,2020-10-07,3,0
District of Columbia,2020-10-07,0,0
Florida,2020-10-07,137,0
Georgia,2020-10-07,30,0
Guam,2020-10-07,2,0
Hawaii,2020-10-07,3,0
Idaho,2020-10-07,8,0
Illinois,2020-10-07,42,0
Indiana,2020-10-07,16,0
Iowa,2020-10-07,6,0
Kansas,2020-10-07,12,0
Kentucky,2020-10-07,5,0
Louisiana,2020-10-07,12,0
Maine,2020-10-07,0,0
Maryland,2020-10-07,6,0
Massachusetts,2020-10-07,19,0
Michigan,2020-10-07,8,0
Minnesota,2020-10-07,14,0
Mississippi,2020-10-07,24,0
Missouri,2020-10-07,29,0
Montana,2020-10-07,1,0
Nebraska,2020-10-07,0,0
Nevada,2020-10-07,7,0
New Hampshire,2020-10-07,0,0
New Jersey,2020-10-07,5,0
New Mexico,2020-10-07,2,0
New York,2020-10-07,7,0
North Carolina,2020-10-07,23,0
North Dakota,2020-10-07,24,0
Ohio,2020-10-07,23,0
Oklahoma,2020-10-07,9,0
Oregon,2020-10-07,2,0
Pennsylvania,2020-10-07,24,0
Puerto Rico,2020-10-07,9,0
Rhode Island,2020-10-07,1,0
South Carolina,2020-10-07,31,0
South Dakota,2020-10-07,10,0
Tennessee,2020-10-07,21,0
Texas,2020-10-07,133,0
Utah,2020-10-07,8,0
Virginia,2020-10-07,12,0
Washington,2020-10-07,12,0
West Virginia,2020-10-07,5,0
Wisconsin,2020-10-07,16,0
US,2020-10-07,915,0
Alabama,2020-10-08,36,0
Alaska,2020-10-08,1,0
Arizona,2020-10-08,10,0
Arkansas,2020-10-08,21,0
California,2020-10-08,80,0
Colorado,2020-10-08,10,0
Connecticut,2020-10-08,5,0
Delaware,2020-10-08,2,0
District of Columbia,2020-10-08,3,0
Florida,2020-10-08,164,0
Georgia,2020-10-08,35,0
Guam,2020-10-08,0,0
Hawaii,2020-10-08,1,0
Idaho,2020-10-08,3,0
Illinois,2020-10-08,32,0
Indiana,2020-10-08,15,0
Iowa,2020-10-08,14,0
Kansas,2020-10-08,34,0
Kentucky,2020-10-08,11,0
Louisiana,2020-10-08,5,0
Maine,2020-10-08,0,0
Maryland,2020-10-08,6,0
Massachusetts,2020-10-08,8,0
Michigan,2020-10-08,24,0
Minnesota,2020-10-08,6,0
Mississippi,2020-10-08,23,0
Missouri,2020-10-08,30,0
Montana,2020-10-08,4,0
Nebraska,2020-10-08,7,0
Nevada,2020-10-08,13,0
New Hampshire,2020-10-08,2,0
New Jersey,2020-10-08,9,0
New Mexico,2020-10-08,3,0
New York,2020-10-08,1,0
North Carolina,2020-10-08,29,0
North Dakota,2020-10-08,6,0
Ohio,2020-10-08,13,0
Oklahoma,2020-10-08,10,0
Oregon,2020-10-08,11,0
Pennsylvania,2020-10-08,21,0
Puerto Rico,2020-10-08,10,0
Rhode Island,2020-10-08,1,0
South Carolina,2020-10-08,12,0
South Dakota,2020-10-08,14,0
Tennessee,2020-10-08,63,0
Texas,2020-10-08,106,0
Utah,2020-10-08,5,0
Virginia,2020-10-08,25,0
Washington,2020-10-08,6,0
West Virginia,2020-10-08,1,0
Wisconsin,2020-10-08,9,0
US,2020-10-08,961,0
Alabama,2020-10-09,16,0
Alaska,2020-10-09,0,0
Arizona,2020-10-09,3,0
Arkansas,2020-10-09,27,0
California,2020-10-09,68,0
Colorado,2020-10-09,8,0
Connecticut,2020-10-09,3,0
Delaware,2020-10-09,0,0
District of Columbia,2020-10-09,0,0
Florida,2020-10-09,118,0
Georgia,2020-10-09,54,0
Guam,2020-10-09,1,0
Hawaii,2020-10-09,2,0
Idaho,2020-10-09,3,0
Illinois,2020-10-09,32,0
Indiana,2020-10-09,19,0
Iowa,2020-10-09,21,0
Kansas,2020-10-09,24,0
Kentucky,2020-10-09,8,0
Louisiana,2020-10-09,26,0
Maine,2020-10-09,1,0
Maryland,2020-10-09,11,0
Massachusetts,2020-10-09,12,0
Michigan,2020-10-09,7,0
Minnesota,2020-10-09,14,0
Mississippi,2020-10-09,6,0
Missouri,2020-10-09,129,0
Montana,2020-10-09,9,0
Nebraska,2020-10-09,0,0
Nevada,2020-10-09,8,0
New Hampshire,2020-10-09,2,0
New Jersey,2020-10-09,3,0
New Mexico,2020-10-09,3,0
New York,2020-10-09,63,0
North Carolina,2020-10-09,25,0
North Dakota,2020-10-09,11,0
Ohio,2020-10-09,11,0
Oklahoma,2020-10-09,6,0
Oregon,2020-10-09,3,0
Pennsylvania,2020-10-09,24,0
Puerto Rico,2020-10-09,5,0
Rhode Island,2020-10-09,3,0
South Carolina,2020-10-09,16,0
South Dakota,2020-10-09,5,0
Tennessee,2020-10-09,27,0
Texas,2020-10-09,104,0
Utah,2020-10-09,4,0
Virginia,2020-10-09,16,0
Washington,2020-10-09,7,0
West Virginia,2020-10-09,6,0
Wisconsin,2020-10-09,16,0
US,2020-10-09,990,0
Alabama,2020-10-10,11,0
Alaska,2020-10-10,0,0
Arizona,2020-10-10,13,0
Arkansas,2020-10-10,22,0
California,2020-10-10,81,0
Colorado,2020-10-10,9,0
Connecticut,2020-10-10,0,0
Delaware,2020-10-10,2,0
District of Columbia,2020-10-10,2,0
Florida,2020-10-10,0,0
Georgia,2020-10-10,45,0
Guam,2020-10-10,0,0
Hawaii,2020-10-10,2,0
Idaho,2020-10-10,1,0
Illinois,2020-10-10,30,0
Indiana,2020-10-10,21,0
Iowa,2020-10-10,5,0
Kansas,2020-10-10,2,0
Kentucky,2020-10-10,7,0
Louisiana,2020-10-10,0,0
Maine,2020-10-10,0,0
Maryland,2020-10-10,5,0
Massachusetts,2020-10-10,10,0
Michigan,2020-10-10,19,0
Minnesota,2020-10-10,10,0
Mississippi,2020-10-10,16,0
Missouri,2020-10-10,27,0
Montana,2020-10-10,3,0
Nebraska,2020-10-10,5,0
Nevada,2020-10-10,2,0
New Hampshire,2020-10-10,5,0
New Jersey,2020-10-10,7,0
New Mexico,2020-10-10,5,0
New York,2020-10-10,3,0
North Carolina,2020-10-10,18,0
North Dakota,2020-10-10,15,0
Ohio,2020-10-10,3,0
Oklahoma,2020-10-10,4,0
Oregon,2020-10-10,2,0
Pennsylvania,2020-10-10,32,0
Puerto Rico,2020-10-10,8,0
Rhode Island,2020-10-10,0,0
South Carolina,2020-10-10,21,0
South Dakota,2020-10-10,9,0
Tennessee,2020-10-10,26,0
Texas,2020-10-10,72,0
Utah,2020-10-10,5,0
Virginia,2020-10-10,10,0
Washington,2020-10-10,0,0
West Virginia,2020-10-10,5,0
Wisconsin,2020-10-10,18,0
US,2020-10-10,618,0
Alabama,2020-10-11,0,0
Alaska,2020-10-11,0,0
Arizona,2020-10-11,0,0
Arkansas,2020-10-11,17,0
California,2020-10-11,12,0
Colorado,2020-10-11,1,0
Connecticut,2020-10-11,0,0
Delaware,2020-10-11,1,0
District of Columbia,2020-10-11,1,0
Florida,2020-10-11,178,0
Georgia,2020-10-11,23,0
Guam,2020-10-11,0,0
Hawaii,2020-10-11,1,0
Idaho,2020-10-11,0,0
Illinois,2020-10-11,9,0
Indiana,2020-10-11,7,0
Iowa,2020-10-11,3,0
Kansas,2020-10-11,1,0
Kentucky,2020-10-11,3,0
Louisiana,2020-10-11,20,0
Maine,2020-10-11,0,0
Maryland,2020-10-11,4,0
Massachusetts,2020-10-11,17,0
Michigan,2020-10-11,0,0
Minnesota,2020-10-11,10,0
Mississippi,2020-10-11,5,0
Missouri,2020-10-11,0,0
Montana,2020-10-11,1,0
Nebraska,2020-10-11,0,0
Nevada,2020-10-11,2,0
New Hampshire,2020-10-11,1,0
New Jersey,2020-10-11,3,0
New Mexico,2020-10-11,4,0
New York,2020-10-11,1,0
North Carolina,2020-10-11,5,0
North Dakota,2020-10-11,1,0
Ohio,2020-10-11,2,0
Oklahoma,2020-10-11,3,0
Oregon,2020-10-11,0,0
Pennsylvania,2020-10-11,6,0
Puerto Rico,2020-10-11,2,0
Rhode Island,2020-10-11,0,0
South Carolina,2020-10-11,1,0
South Dakota,2020-10-11,0,0
Tennessee,2020-10-11,9,0
Texas,2020-10-11,28,0
Utah,2020-10-11,7,0
Virginia,2020-10-11,4,0
Washington,2020-10-11,0,0
West Virginia,2020-10-11,0,0
Wisconsin,2020-10-11,7,0
US,2020-10-11,400,0
