forecast_date,target,target_end_date,location,type,quantile,value
2020-06-22,1 wk ahead cum death,2020-06-27,04,quantile,0.01,1459
2020-06-22,1 wk ahead inc death,2020-06-27,04,quantile,0.01,110
2020-06-22,1 wk ahead cum death,2020-06-27,04,quantile,0.025,1477
2020-06-22,1 wk ahead inc death,2020-06-27,04,quantile,0.025,128
2020-06-22,1 wk ahead cum death,2020-06-27,04,quantile,0.05,1487
2020-06-22,1 wk ahead inc death,2020-06-27,04,quantile,0.05,138
2020-06-22,1 wk ahead cum death,2020-06-27,04,quantile,0.1,1498
2020-06-22,1 wk ahead inc death,2020-06-27,04,quantile,0.1,149
2020-06-22,1 wk ahead cum death,2020-06-27,04,quantile,0.2,1514
2020-06-22,1 wk ahead inc death,2020-06-27,04,quantile,0.2,165
2020-06-22,1 wk ahead cum death,2020-06-27,04,quantile,0.25,1522
2020-06-22,1 wk ahead inc death,2020-06-27,04,quantile,0.25,173
2020-06-22,1 wk ahead cum death,2020-06-27,04,quantile,0.3,1531
2020-06-22,1 wk ahead inc death,2020-06-27,04,quantile,0.3,182
2020-06-22,1 wk ahead cum death,2020-06-27,04,quantile,0.4,1543
2020-06-22,1 wk ahead inc death,2020-06-27,04,quantile,0.4,194
2020-06-22,1 wk ahead cum death,2020-06-27,04,quantile,0.45,1548
2020-06-22,1 wk ahead inc death,2020-06-27,04,quantile,0.45,199
2020-06-22,1 wk ahead cum death,2020-06-27,04,quantile,0.5,1554
2020-06-22,1 wk ahead inc death,2020-06-27,04,quantile,0.5,205
2020-06-22,1 wk ahead cum death,2020-06-27,04,quantile,0.55,1561
2020-06-22,1 wk ahead inc death,2020-06-27,04,quantile,0.55,212
2020-06-22,1 wk ahead cum death,2020-06-27,04,quantile,0.8,1599
2020-06-22,1 wk ahead inc death,2020-06-27,04,quantile,0.8,250
2020-06-22,1 wk ahead cum death,2020-06-27,04,quantile,0.95,1653
2020-06-22,1 wk ahead inc death,2020-06-27,04,quantile,0.95,304
2020-06-22,1 wk ahead cum death,2020-06-27,04,quantile,0.975,1683
2020-06-22,1 wk ahead inc death,2020-06-27,04,quantile,0.975,334
2020-06-22,1 wk ahead cum death,2020-06-27,04,quantile,0.99,1703
2020-06-22,1 wk ahead inc death,2020-06-27,04,quantile,0.99,354
2020-06-22,1 wk ahead cum death,2020-06-27,06,quantile,0.01,5840
2020-06-22,1 wk ahead inc death,2020-06-27,06,quantile,0.01,345
2020-06-22,1 wk ahead cum death,2020-06-27,06,quantile,0.025,5865
2020-06-22,1 wk ahead inc death,2020-06-27,06,quantile,0.025,370
2020-06-22,1 wk ahead cum death,2020-06-27,06,quantile,0.05,5881
2020-06-22,1 wk ahead inc death,2020-06-27,06,quantile,0.05,386
2020-06-22,1 wk ahead cum death,2020-06-27,06,quantile,0.1,5899
2020-06-22,1 wk ahead inc death,2020-06-27,06,quantile,0.1,404
2020-06-22,1 wk ahead cum death,2020-06-27,06,quantile,0.2,5926
2020-06-22,1 wk ahead inc death,2020-06-27,06,quantile,0.2,431
2020-06-22,1 wk ahead cum death,2020-06-27,06,quantile,0.25,5936
2020-06-22,1 wk ahead inc death,2020-06-27,06,quantile,0.25,441
2020-06-22,1 wk ahead cum death,2020-06-27,06,quantile,0.3,5946
2020-06-22,1 wk ahead inc death,2020-06-27,06,quantile,0.3,451
2020-06-22,1 wk ahead cum death,2020-06-27,06,quantile,0.4,5963
2020-06-22,1 wk ahead inc death,2020-06-27,06,quantile,0.4,468
2020-06-22,1 wk ahead cum death,2020-06-27,06,quantile,0.45,5974
2020-06-22,1 wk ahead inc death,2020-06-27,06,quantile,0.45,479
2020-06-22,1 wk ahead cum death,2020-06-27,06,quantile,0.5,5983
2020-06-22,1 wk ahead inc death,2020-06-27,06,quantile,0.5,488
2020-06-22,1 wk ahead cum death,2020-06-27,06,quantile,0.55,5990
2020-06-22,1 wk ahead inc death,2020-06-27,06,quantile,0.55,495
2020-06-22,1 wk ahead cum death,2020-06-27,06,quantile,0.8,6046
2020-06-22,1 wk ahead inc death,2020-06-27,06,quantile,0.8,551
2020-06-22,1 wk ahead cum death,2020-06-27,06,quantile,0.95,6134
2020-06-22,1 wk ahead inc death,2020-06-27,06,quantile,0.95,639
2020-06-22,1 wk ahead cum death,2020-06-27,06,quantile,0.975,6170
2020-06-22,1 wk ahead inc death,2020-06-27,06,quantile,0.975,675
2020-06-22,1 wk ahead cum death,2020-06-27,06,quantile,0.99,6207
2020-06-22,1 wk ahead inc death,2020-06-27,06,quantile,0.99,712
2020-06-22,1 wk ahead cum death,2020-06-27,12,quantile,0.01,3307
2020-06-22,1 wk ahead inc death,2020-06-27,12,quantile,0.01,163
2020-06-22,1 wk ahead cum death,2020-06-27,12,quantile,0.025,3320
2020-06-22,1 wk ahead inc death,2020-06-27,12,quantile,0.025,176
2020-06-22,1 wk ahead cum death,2020-06-27,12,quantile,0.05,3335
2020-06-22,1 wk ahead inc death,2020-06-27,12,quantile,0.05,191
2020-06-22,1 wk ahead cum death,2020-06-27,12,quantile,0.1,3348
2020-06-22,1 wk ahead inc death,2020-06-27,12,quantile,0.1,204
2020-06-22,1 wk ahead cum death,2020-06-27,12,quantile,0.2,3368
2020-06-22,1 wk ahead inc death,2020-06-27,12,quantile,0.2,224
2020-06-22,1 wk ahead cum death,2020-06-27,12,quantile,0.25,3375
2020-06-22,1 wk ahead inc death,2020-06-27,12,quantile,0.25,231
2020-06-22,1 wk ahead cum death,2020-06-27,12,quantile,0.3,3384
2020-06-22,1 wk ahead inc death,2020-06-27,12,quantile,0.3,240
2020-06-22,1 wk ahead cum death,2020-06-27,12,quantile,0.4,3398
2020-06-22,1 wk ahead inc death,2020-06-27,12,quantile,0.4,254
2020-06-22,1 wk ahead cum death,2020-06-27,12,quantile,0.45,3404
2020-06-22,1 wk ahead inc death,2020-06-27,12,quantile,0.45,260
2020-06-22,1 wk ahead cum death,2020-06-27,12,quantile,0.5,3411
2020-06-22,1 wk ahead inc death,2020-06-27,12,quantile,0.5,267
2020-06-22,1 wk ahead cum death,2020-06-27,12,quantile,0.55,3418
2020-06-22,1 wk ahead inc death,2020-06-27,12,quantile,0.55,274
2020-06-22,1 wk ahead cum death,2020-06-27,12,quantile,0.8,3464
2020-06-22,1 wk ahead inc death,2020-06-27,12,quantile,0.8,320
2020-06-22,1 wk ahead cum death,2020-06-27,12,quantile,0.95,3526
2020-06-22,1 wk ahead inc death,2020-06-27,12,quantile,0.95,382
2020-06-22,1 wk ahead cum death,2020-06-27,12,quantile,0.975,3558
2020-06-22,1 wk ahead inc death,2020-06-27,12,quantile,0.975,414
2020-06-22,1 wk ahead cum death,2020-06-27,12,quantile,0.99,3587
2020-06-22,1 wk ahead inc death,2020-06-27,12,quantile,0.99,443
2020-06-22,1 wk ahead cum death,2020-06-27,13,quantile,0.01,2818
2020-06-22,1 wk ahead inc death,2020-06-27,13,quantile,0.01,176
2020-06-22,1 wk ahead cum death,2020-06-27,13,quantile,0.025,2832
2020-06-22,1 wk ahead inc death,2020-06-27,13,quantile,0.025,190
2020-06-22,1 wk ahead cum death,2020-06-27,13,quantile,0.05,2843
2020-06-22,1 wk ahead inc death,2020-06-27,13,quantile,0.05,201
2020-06-22,1 wk ahead cum death,2020-06-27,13,quantile,0.1,2858
2020-06-22,1 wk ahead inc death,2020-06-27,13,quantile,0.1,216
2020-06-22,1 wk ahead cum death,2020-06-27,13,quantile,0.2,2879
2020-06-22,1 wk ahead inc death,2020-06-27,13,quantile,0.2,237
2020-06-22,1 wk ahead cum death,2020-06-27,13,quantile,0.25,2887
2020-06-22,1 wk ahead inc death,2020-06-27,13,quantile,0.25,245
2020-06-22,1 wk ahead cum death,2020-06-27,13,quantile,0.3,2895
2020-06-22,1 wk ahead inc death,2020-06-27,13,quantile,0.3,253
2020-06-22,1 wk ahead cum death,2020-06-27,13,quantile,0.4,2910
2020-06-22,1 wk ahead inc death,2020-06-27,13,quantile,0.4,268
2020-06-22,1 wk ahead cum death,2020-06-27,13,quantile,0.45,2918
2020-06-22,1 wk ahead inc death,2020-06-27,13,quantile,0.45,276
2020-06-22,1 wk ahead cum death,2020-06-27,13,quantile,0.5,2925
2020-06-22,1 wk ahead inc death,2020-06-27,13,quantile,0.5,283
2020-06-22,1 wk ahead cum death,2020-06-27,13,quantile,0.55,2932
2020-06-22,1 wk ahead inc death,2020-06-27,13,quantile,0.55,290
2020-06-22,1 wk ahead cum death,2020-06-27,13,quantile,0.8,2982
2020-06-22,1 wk ahead inc death,2020-06-27,13,quantile,0.8,340
2020-06-22,1 wk ahead cum death,2020-06-27,13,quantile,0.95,3050
2020-06-22,1 wk ahead inc death,2020-06-27,13,quantile,0.95,408
2020-06-22,1 wk ahead cum death,2020-06-27,13,quantile,0.975,3092
2020-06-22,1 wk ahead inc death,2020-06-27,13,quantile,0.975,450
2020-06-22,1 wk ahead cum death,2020-06-27,13,quantile,0.99,3136
2020-06-22,1 wk ahead inc death,2020-06-27,13,quantile,0.99,494
2020-06-22,1 wk ahead cum death,2020-06-27,17,quantile,0.01,6889
2020-06-22,1 wk ahead inc death,2020-06-27,17,quantile,0.01,264
2020-06-22,1 wk ahead cum death,2020-06-27,17,quantile,0.025,6904
2020-06-22,1 wk ahead inc death,2020-06-27,17,quantile,0.025,279
2020-06-22,1 wk ahead cum death,2020-06-27,17,quantile,0.05,6919
2020-06-22,1 wk ahead inc death,2020-06-27,17,quantile,0.05,294
2020-06-22,1 wk ahead cum death,2020-06-27,17,quantile,0.1,6941
2020-06-22,1 wk ahead inc death,2020-06-27,17,quantile,0.1,316
2020-06-22,1 wk ahead cum death,2020-06-27,17,quantile,0.2,6965
2020-06-22,1 wk ahead inc death,2020-06-27,17,quantile,0.2,340
2020-06-22,1 wk ahead cum death,2020-06-27,17,quantile,0.25,6971
2020-06-22,1 wk ahead inc death,2020-06-27,17,quantile,0.25,346
2020-06-22,1 wk ahead cum death,2020-06-27,17,quantile,0.3,6981
2020-06-22,1 wk ahead inc death,2020-06-27,17,quantile,0.3,356
2020-06-22,1 wk ahead cum death,2020-06-27,17,quantile,0.4,6996
2020-06-22,1 wk ahead inc death,2020-06-27,17,quantile,0.4,371
2020-06-22,1 wk ahead cum death,2020-06-27,17,quantile,0.45,7004
2020-06-22,1 wk ahead inc death,2020-06-27,17,quantile,0.45,379
2020-06-22,1 wk ahead cum death,2020-06-27,17,quantile,0.5,7011
2020-06-22,1 wk ahead inc death,2020-06-27,17,quantile,0.5,386
2020-06-22,1 wk ahead cum death,2020-06-27,17,quantile,0.55,7018
2020-06-22,1 wk ahead inc death,2020-06-27,17,quantile,0.55,393
2020-06-22,1 wk ahead cum death,2020-06-27,17,quantile,0.8,7069
2020-06-22,1 wk ahead inc death,2020-06-27,17,quantile,0.8,444
2020-06-22,1 wk ahead cum death,2020-06-27,17,quantile,0.95,7142
2020-06-22,1 wk ahead inc death,2020-06-27,17,quantile,0.95,517
2020-06-22,1 wk ahead cum death,2020-06-27,17,quantile,0.975,7173
2020-06-22,1 wk ahead inc death,2020-06-27,17,quantile,0.975,548
2020-06-22,1 wk ahead cum death,2020-06-27,17,quantile,0.99,7212
2020-06-22,1 wk ahead inc death,2020-06-27,17,quantile,0.99,587
2020-06-22,1 wk ahead cum death,2020-06-27,18,quantile,0.01,2677
2020-06-22,1 wk ahead inc death,2020-06-27,18,quantile,0.01,81
2020-06-22,1 wk ahead cum death,2020-06-27,18,quantile,0.025,2684
2020-06-22,1 wk ahead inc death,2020-06-27,18,quantile,0.025,88
2020-06-22,1 wk ahead cum death,2020-06-27,18,quantile,0.05,2693
2020-06-22,1 wk ahead inc death,2020-06-27,18,quantile,0.05,97
2020-06-22,1 wk ahead cum death,2020-06-27,18,quantile,0.1,2704
2020-06-22,1 wk ahead inc death,2020-06-27,18,quantile,0.1,108
2020-06-22,1 wk ahead cum death,2020-06-27,18,quantile,0.2,2719
2020-06-22,1 wk ahead inc death,2020-06-27,18,quantile,0.2,123
2020-06-22,1 wk ahead cum death,2020-06-27,18,quantile,0.25,2724
2020-06-22,1 wk ahead inc death,2020-06-27,18,quantile,0.25,128
2020-06-22,1 wk ahead cum death,2020-06-27,18,quantile,0.3,2729
2020-06-22,1 wk ahead inc death,2020-06-27,18,quantile,0.3,133
2020-06-22,1 wk ahead cum death,2020-06-27,18,quantile,0.4,2737
2020-06-22,1 wk ahead inc death,2020-06-27,18,quantile,0.4,141
2020-06-22,1 wk ahead cum death,2020-06-27,18,quantile,0.45,2743
2020-06-22,1 wk ahead inc death,2020-06-27,18,quantile,0.45,147
2020-06-22,1 wk ahead cum death,2020-06-27,18,quantile,0.5,2749
2020-06-22,1 wk ahead inc death,2020-06-27,18,quantile,0.5,153
2020-06-22,1 wk ahead cum death,2020-06-27,18,quantile,0.55,2752
2020-06-22,1 wk ahead inc death,2020-06-27,18,quantile,0.55,156
2020-06-22,1 wk ahead cum death,2020-06-27,18,quantile,0.8,2789
2020-06-22,1 wk ahead inc death,2020-06-27,18,quantile,0.8,193
2020-06-22,1 wk ahead cum death,2020-06-27,18,quantile,0.95,2848
2020-06-22,1 wk ahead inc death,2020-06-27,18,quantile,0.95,252
2020-06-22,1 wk ahead cum death,2020-06-27,18,quantile,0.975,2875
2020-06-22,1 wk ahead inc death,2020-06-27,18,quantile,0.975,279
2020-06-22,1 wk ahead cum death,2020-06-27,18,quantile,0.99,2898
2020-06-22,1 wk ahead inc death,2020-06-27,18,quantile,0.99,302
2020-06-22,1 wk ahead cum death,2020-06-27,24,quantile,0.01,3203
2020-06-22,1 wk ahead inc death,2020-06-27,24,quantile,0.01,91
2020-06-22,1 wk ahead cum death,2020-06-27,24,quantile,0.025,3213
2020-06-22,1 wk ahead inc death,2020-06-27,24,quantile,0.025,101
2020-06-22,1 wk ahead cum death,2020-06-27,24,quantile,0.05,3224
2020-06-22,1 wk ahead inc death,2020-06-27,24,quantile,0.05,112
2020-06-22,1 wk ahead cum death,2020-06-27,24,quantile,0.1,3230
2020-06-22,1 wk ahead inc death,2020-06-27,24,quantile,0.1,118
2020-06-22,1 wk ahead cum death,2020-06-27,24,quantile,0.2,3246
2020-06-22,1 wk ahead inc death,2020-06-27,24,quantile,0.2,134
2020-06-22,1 wk ahead cum death,2020-06-27,24,quantile,0.25,3254
2020-06-22,1 wk ahead inc death,2020-06-27,24,quantile,0.25,142
2020-06-22,1 wk ahead cum death,2020-06-27,24,quantile,0.3,3259
2020-06-22,1 wk ahead inc death,2020-06-27,24,quantile,0.3,147
2020-06-22,1 wk ahead cum death,2020-06-27,24,quantile,0.4,3269
2020-06-22,1 wk ahead inc death,2020-06-27,24,quantile,0.4,157
2020-06-22,1 wk ahead cum death,2020-06-27,24,quantile,0.45,3274
2020-06-22,1 wk ahead inc death,2020-06-27,24,quantile,0.45,162
2020-06-22,1 wk ahead cum death,2020-06-27,24,quantile,0.5,3279
2020-06-22,1 wk ahead inc death,2020-06-27,24,quantile,0.5,167
2020-06-22,1 wk ahead cum death,2020-06-27,24,quantile,0.55,3284
2020-06-22,1 wk ahead inc death,2020-06-27,24,quantile,0.55,172
2020-06-22,1 wk ahead cum death,2020-06-27,24,quantile,0.8,3318
2020-06-22,1 wk ahead inc death,2020-06-27,24,quantile,0.8,206
2020-06-22,1 wk ahead cum death,2020-06-27,24,quantile,0.95,3375
2020-06-22,1 wk ahead inc death,2020-06-27,24,quantile,0.95,263
2020-06-22,1 wk ahead cum death,2020-06-27,24,quantile,0.975,3392
2020-06-22,1 wk ahead inc death,2020-06-27,24,quantile,0.975,280
2020-06-22,1 wk ahead cum death,2020-06-27,24,quantile,0.99,3423
2020-06-22,1 wk ahead inc death,2020-06-27,24,quantile,0.99,311
2020-06-22,1 wk ahead cum death,2020-06-27,25,quantile,0.01,8008
2020-06-22,1 wk ahead inc death,2020-06-27,25,quantile,0.01,181
2020-06-22,1 wk ahead cum death,2020-06-27,25,quantile,0.025,8027
2020-06-22,1 wk ahead inc death,2020-06-27,25,quantile,0.025,200
2020-06-22,1 wk ahead cum death,2020-06-27,25,quantile,0.05,8037
2020-06-22,1 wk ahead inc death,2020-06-27,25,quantile,0.05,210
2020-06-22,1 wk ahead cum death,2020-06-27,25,quantile,0.1,8051
2020-06-22,1 wk ahead inc death,2020-06-27,25,quantile,0.1,224
2020-06-22,1 wk ahead cum death,2020-06-27,25,quantile,0.2,8067
2020-06-22,1 wk ahead inc death,2020-06-27,25,quantile,0.2,240
2020-06-22,1 wk ahead cum death,2020-06-27,25,quantile,0.25,8074
2020-06-22,1 wk ahead inc death,2020-06-27,25,quantile,0.25,247
2020-06-22,1 wk ahead cum death,2020-06-27,25,quantile,0.3,8082
2020-06-22,1 wk ahead inc death,2020-06-27,25,quantile,0.3,255
2020-06-22,1 wk ahead cum death,2020-06-27,25,quantile,0.4,8097
2020-06-22,1 wk ahead inc death,2020-06-27,25,quantile,0.4,270
2020-06-22,1 wk ahead cum death,2020-06-27,25,quantile,0.45,8104
2020-06-22,1 wk ahead inc death,2020-06-27,25,quantile,0.45,277
2020-06-22,1 wk ahead cum death,2020-06-27,25,quantile,0.5,8110
2020-06-22,1 wk ahead inc death,2020-06-27,25,quantile,0.5,283
2020-06-22,1 wk ahead cum death,2020-06-27,25,quantile,0.55,8117
2020-06-22,1 wk ahead inc death,2020-06-27,25,quantile,0.55,290
2020-06-22,1 wk ahead cum death,2020-06-27,25,quantile,0.8,8159
2020-06-22,1 wk ahead inc death,2020-06-27,25,quantile,0.8,332
2020-06-22,1 wk ahead cum death,2020-06-27,25,quantile,0.95,8225
2020-06-22,1 wk ahead inc death,2020-06-27,25,quantile,0.95,398
2020-06-22,1 wk ahead cum death,2020-06-27,25,quantile,0.975,8264
2020-06-22,1 wk ahead inc death,2020-06-27,25,quantile,0.975,437
2020-06-22,1 wk ahead cum death,2020-06-27,25,quantile,0.99,8299
2020-06-22,1 wk ahead inc death,2020-06-27,25,quantile,0.99,472
2020-06-22,1 wk ahead cum death,2020-06-27,34,quantile,0.01,13188
2020-06-22,1 wk ahead inc death,2020-06-27,34,quantile,0.01,264
2020-06-22,1 wk ahead cum death,2020-06-27,34,quantile,0.025,13203
2020-06-22,1 wk ahead inc death,2020-06-27,34,quantile,0.025,279
2020-06-22,1 wk ahead cum death,2020-06-27,34,quantile,0.05,13224
2020-06-22,1 wk ahead inc death,2020-06-27,34,quantile,0.05,300
2020-06-22,1 wk ahead cum death,2020-06-27,34,quantile,0.1,13241
2020-06-22,1 wk ahead inc death,2020-06-27,34,quantile,0.1,317
2020-06-22,1 wk ahead cum death,2020-06-27,34,quantile,0.2,13261
2020-06-22,1 wk ahead inc death,2020-06-27,34,quantile,0.2,337
2020-06-22,1 wk ahead cum death,2020-06-27,34,quantile,0.25,13268
2020-06-22,1 wk ahead inc death,2020-06-27,34,quantile,0.25,344
2020-06-22,1 wk ahead cum death,2020-06-27,34,quantile,0.3,13275
2020-06-22,1 wk ahead inc death,2020-06-27,34,quantile,0.3,351
2020-06-22,1 wk ahead cum death,2020-06-27,34,quantile,0.4,13288
2020-06-22,1 wk ahead inc death,2020-06-27,34,quantile,0.4,364
2020-06-22,1 wk ahead cum death,2020-06-27,34,quantile,0.45,13294
2020-06-22,1 wk ahead inc death,2020-06-27,34,quantile,0.45,370
2020-06-22,1 wk ahead cum death,2020-06-27,34,quantile,0.5,13300
2020-06-22,1 wk ahead inc death,2020-06-27,34,quantile,0.5,376
2020-06-22,1 wk ahead cum death,2020-06-27,34,quantile,0.55,13309
2020-06-22,1 wk ahead inc death,2020-06-27,34,quantile,0.55,385
2020-06-22,1 wk ahead cum death,2020-06-27,34,quantile,0.8,13352
2020-06-22,1 wk ahead inc death,2020-06-27,34,quantile,0.8,428
2020-06-22,1 wk ahead cum death,2020-06-27,34,quantile,0.95,13399
2020-06-22,1 wk ahead inc death,2020-06-27,34,quantile,0.95,475
2020-06-22,1 wk ahead cum death,2020-06-27,34,quantile,0.975,13416
2020-06-22,1 wk ahead inc death,2020-06-27,34,quantile,0.975,492
2020-06-22,1 wk ahead cum death,2020-06-27,34,quantile,0.99,13438
2020-06-22,1 wk ahead inc death,2020-06-27,34,quantile,0.99,514
2020-06-22,1 wk ahead cum death,2020-06-27,36,quantile,0.01,31540
2020-06-22,1 wk ahead inc death,2020-06-27,36,quantile,0.01,279
2020-06-22,1 wk ahead cum death,2020-06-27,36,quantile,0.025,31552
2020-06-22,1 wk ahead inc death,2020-06-27,36,quantile,0.025,291
2020-06-22,1 wk ahead cum death,2020-06-27,36,quantile,0.05,31563
2020-06-22,1 wk ahead inc death,2020-06-27,36,quantile,0.05,302
2020-06-22,1 wk ahead cum death,2020-06-27,36,quantile,0.1,31576
2020-06-22,1 wk ahead inc death,2020-06-27,36,quantile,0.1,315
2020-06-22,1 wk ahead cum death,2020-06-27,36,quantile,0.2,31598
2020-06-22,1 wk ahead inc death,2020-06-27,36,quantile,0.2,337
2020-06-22,1 wk ahead cum death,2020-06-27,36,quantile,0.25,31607
2020-06-22,1 wk ahead inc death,2020-06-27,36,quantile,0.25,346
2020-06-22,1 wk ahead cum death,2020-06-27,36,quantile,0.3,31615
2020-06-22,1 wk ahead inc death,2020-06-27,36,quantile,0.3,354
2020-06-22,1 wk ahead cum death,2020-06-27,36,quantile,0.4,31626
2020-06-22,1 wk ahead inc death,2020-06-27,36,quantile,0.4,365
2020-06-22,1 wk ahead cum death,2020-06-27,36,quantile,0.45,31633
2020-06-22,1 wk ahead inc death,2020-06-27,36,quantile,0.45,372
2020-06-22,1 wk ahead cum death,2020-06-27,36,quantile,0.5,31638
2020-06-22,1 wk ahead inc death,2020-06-27,36,quantile,0.5,377
2020-06-22,1 wk ahead cum death,2020-06-27,36,quantile,0.55,31644
2020-06-22,1 wk ahead inc death,2020-06-27,36,quantile,0.55,383
2020-06-22,1 wk ahead cum death,2020-06-27,36,quantile,0.8,31682
2020-06-22,1 wk ahead inc death,2020-06-27,36,quantile,0.8,421
2020-06-22,1 wk ahead cum death,2020-06-27,36,quantile,0.95,31735
2020-06-22,1 wk ahead inc death,2020-06-27,36,quantile,0.95,474
2020-06-22,1 wk ahead cum death,2020-06-27,36,quantile,0.975,31762
2020-06-22,1 wk ahead inc death,2020-06-27,36,quantile,0.975,501
2020-06-22,1 wk ahead cum death,2020-06-27,36,quantile,0.99,31795
2020-06-22,1 wk ahead inc death,2020-06-27,36,quantile,0.99,534
2020-06-22,1 wk ahead cum death,2020-06-27,39,quantile,0.01,2803
2020-06-22,1 wk ahead inc death,2020-06-27,39,quantile,0.01,106
2020-06-22,1 wk ahead cum death,2020-06-27,39,quantile,0.025,2815
2020-06-22,1 wk ahead inc death,2020-06-27,39,quantile,0.025,118
2020-06-22,1 wk ahead cum death,2020-06-27,39,quantile,0.05,2823
2020-06-22,1 wk ahead inc death,2020-06-27,39,quantile,0.05,126
2020-06-22,1 wk ahead cum death,2020-06-27,39,quantile,0.1,2836
2020-06-22,1 wk ahead inc death,2020-06-27,39,quantile,0.1,139
2020-06-22,1 wk ahead cum death,2020-06-27,39,quantile,0.2,2850
2020-06-22,1 wk ahead inc death,2020-06-27,39,quantile,0.2,153
2020-06-22,1 wk ahead cum death,2020-06-27,39,quantile,0.25,2859
2020-06-22,1 wk ahead inc death,2020-06-27,39,quantile,0.25,162
2020-06-22,1 wk ahead cum death,2020-06-27,39,quantile,0.3,2864
2020-06-22,1 wk ahead inc death,2020-06-27,39,quantile,0.3,167
2020-06-22,1 wk ahead cum death,2020-06-27,39,quantile,0.4,2876
2020-06-22,1 wk ahead inc death,2020-06-27,39,quantile,0.4,179
2020-06-22,1 wk ahead cum death,2020-06-27,39,quantile,0.45,2881
2020-06-22,1 wk ahead inc death,2020-06-27,39,quantile,0.45,184
2020-06-22,1 wk ahead cum death,2020-06-27,39,quantile,0.5,2887
2020-06-22,1 wk ahead inc death,2020-06-27,39,quantile,0.5,190
2020-06-22,1 wk ahead cum death,2020-06-27,39,quantile,0.55,2891
2020-06-22,1 wk ahead inc death,2020-06-27,39,quantile,0.55,194
2020-06-22,1 wk ahead cum death,2020-06-27,39,quantile,0.8,2927
2020-06-22,1 wk ahead inc death,2020-06-27,39,quantile,0.8,230
2020-06-22,1 wk ahead cum death,2020-06-27,39,quantile,0.95,2983
2020-06-22,1 wk ahead inc death,2020-06-27,39,quantile,0.95,286
2020-06-22,1 wk ahead cum death,2020-06-27,39,quantile,0.975,3001
2020-06-22,1 wk ahead inc death,2020-06-27,39,quantile,0.975,304
2020-06-22,1 wk ahead cum death,2020-06-27,39,quantile,0.99,3031
2020-06-22,1 wk ahead inc death,2020-06-27,39,quantile,0.99,334
2020-06-22,1 wk ahead cum death,2020-06-27,42,quantile,0.01,6595
2020-06-22,1 wk ahead inc death,2020-06-27,42,quantile,0.01,176
2020-06-22,1 wk ahead cum death,2020-06-27,42,quantile,0.025,6605
2020-06-22,1 wk ahead inc death,2020-06-27,42,quantile,0.025,186
2020-06-22,1 wk ahead cum death,2020-06-27,42,quantile,0.05,6618
2020-06-22,1 wk ahead inc death,2020-06-27,42,quantile,0.05,199
2020-06-22,1 wk ahead cum death,2020-06-27,42,quantile,0.1,6632
2020-06-22,1 wk ahead inc death,2020-06-27,42,quantile,0.1,213
2020-06-22,1 wk ahead cum death,2020-06-27,42,quantile,0.2,6651
2020-06-22,1 wk ahead inc death,2020-06-27,42,quantile,0.2,232
2020-06-22,1 wk ahead cum death,2020-06-27,42,quantile,0.25,6658
2020-06-22,1 wk ahead inc death,2020-06-27,42,quantile,0.25,239
2020-06-22,1 wk ahead cum death,2020-06-27,42,quantile,0.3,6664
2020-06-22,1 wk ahead inc death,2020-06-27,42,quantile,0.3,245
2020-06-22,1 wk ahead cum death,2020-06-27,42,quantile,0.4,6679
2020-06-22,1 wk ahead inc death,2020-06-27,42,quantile,0.4,260
2020-06-22,1 wk ahead cum death,2020-06-27,42,quantile,0.45,6686
2020-06-22,1 wk ahead inc death,2020-06-27,42,quantile,0.45,267
2020-06-22,1 wk ahead cum death,2020-06-27,42,quantile,0.5,6694
2020-06-22,1 wk ahead inc death,2020-06-27,42,quantile,0.5,275
2020-06-22,1 wk ahead cum death,2020-06-27,42,quantile,0.55,6701
2020-06-22,1 wk ahead inc death,2020-06-27,42,quantile,0.55,282
2020-06-22,1 wk ahead cum death,2020-06-27,42,quantile,0.8,6751
2020-06-22,1 wk ahead inc death,2020-06-27,42,quantile,0.8,332
2020-06-22,1 wk ahead cum death,2020-06-27,42,quantile,0.95,6818
2020-06-22,1 wk ahead inc death,2020-06-27,42,quantile,0.95,399
2020-06-22,1 wk ahead cum death,2020-06-27,42,quantile,0.975,6849
2020-06-22,1 wk ahead inc death,2020-06-27,42,quantile,0.975,430
2020-06-22,1 wk ahead cum death,2020-06-27,42,quantile,0.99,6888
2020-06-22,1 wk ahead inc death,2020-06-27,42,quantile,0.99,469
2020-06-22,1 wk ahead cum death,2020-06-27,48,quantile,0.01,2328
2020-06-22,1 wk ahead inc death,2020-06-27,48,quantile,0.01,144
2020-06-22,1 wk ahead cum death,2020-06-27,48,quantile,0.025,2338
2020-06-22,1 wk ahead inc death,2020-06-27,48,quantile,0.025,154
2020-06-22,1 wk ahead cum death,2020-06-27,48,quantile,0.05,2351
2020-06-22,1 wk ahead inc death,2020-06-27,48,quantile,0.05,167
2020-06-22,1 wk ahead cum death,2020-06-27,48,quantile,0.1,2367
2020-06-22,1 wk ahead inc death,2020-06-27,48,quantile,0.1,183
2020-06-22,1 wk ahead cum death,2020-06-27,48,quantile,0.2,2384
2020-06-22,1 wk ahead inc death,2020-06-27,48,quantile,0.2,200
2020-06-22,1 wk ahead cum death,2020-06-27,48,quantile,0.25,2391
2020-06-22,1 wk ahead inc death,2020-06-27,48,quantile,0.25,207
2020-06-22,1 wk ahead cum death,2020-06-27,48,quantile,0.3,2396
2020-06-22,1 wk ahead inc death,2020-06-27,48,quantile,0.3,212
2020-06-22,1 wk ahead cum death,2020-06-27,48,quantile,0.4,2412
2020-06-22,1 wk ahead inc death,2020-06-27,48,quantile,0.4,228
2020-06-22,1 wk ahead cum death,2020-06-27,48,quantile,0.45,2419
2020-06-22,1 wk ahead inc death,2020-06-27,48,quantile,0.45,235
2020-06-22,1 wk ahead cum death,2020-06-27,48,quantile,0.5,2426
2020-06-22,1 wk ahead inc death,2020-06-27,48,quantile,0.5,242
2020-06-22,1 wk ahead cum death,2020-06-27,48,quantile,0.55,2434
2020-06-22,1 wk ahead inc death,2020-06-27,48,quantile,0.55,250
2020-06-22,1 wk ahead cum death,2020-06-27,48,quantile,0.8,2481
2020-06-22,1 wk ahead inc death,2020-06-27,48,quantile,0.8,297
2020-06-22,1 wk ahead cum death,2020-06-27,48,quantile,0.95,2551
2020-06-22,1 wk ahead inc death,2020-06-27,48,quantile,0.95,367
2020-06-22,1 wk ahead cum death,2020-06-27,48,quantile,0.975,2585
2020-06-22,1 wk ahead inc death,2020-06-27,48,quantile,0.975,401
2020-06-22,1 wk ahead cum death,2020-06-27,48,quantile,0.99,2618
2020-06-22,1 wk ahead inc death,2020-06-27,48,quantile,0.99,434
2020-06-22,1 wk ahead cum death,2020-06-27,US,quantile,0.01,124370
2020-06-22,1 wk ahead inc death,2020-06-27,US,quantile,0.01,4294
2020-06-22,1 wk ahead cum death,2020-06-27,US,quantile,0.025,124414
2020-06-22,1 wk ahead inc death,2020-06-27,US,quantile,0.025,4338
2020-06-22,1 wk ahead cum death,2020-06-27,US,quantile,0.05,124481
2020-06-22,1 wk ahead inc death,2020-06-27,US,quantile,0.05,4405
2020-06-22,1 wk ahead cum death,2020-06-27,US,quantile,0.1,124537
2020-06-22,1 wk ahead inc death,2020-06-27,US,quantile,0.1,4461
2020-06-22,1 wk ahead cum death,2020-06-27,US,quantile,0.2,124612
2020-06-22,1 wk ahead inc death,2020-06-27,US,quantile,0.2,4536
2020-06-22,1 wk ahead cum death,2020-06-27,US,quantile,0.25,124634
2020-06-22,1 wk ahead inc death,2020-06-27,US,quantile,0.25,4558
2020-06-22,1 wk ahead cum death,2020-06-27,US,quantile,0.3,124665
2020-06-22,1 wk ahead inc death,2020-06-27,US,quantile,0.3,4589
2020-06-22,1 wk ahead cum death,2020-06-27,US,quantile,0.4,124717
2020-06-22,1 wk ahead inc death,2020-06-27,US,quantile,0.4,4641
2020-06-22,1 wk ahead cum death,2020-06-27,US,quantile,0.45,124744
2020-06-22,1 wk ahead inc death,2020-06-27,US,quantile,0.45,4668
2020-06-22,1 wk ahead cum death,2020-06-27,US,quantile,0.5,124772
2020-06-22,1 wk ahead inc death,2020-06-27,US,quantile,0.5,4696
2020-06-22,1 wk ahead cum death,2020-06-27,US,quantile,0.55,124794
2020-06-22,1 wk ahead inc death,2020-06-27,US,quantile,0.55,4718
2020-06-22,1 wk ahead cum death,2020-06-27,US,quantile,0.8,124952
2020-06-22,1 wk ahead inc death,2020-06-27,US,quantile,0.8,4876
2020-06-22,1 wk ahead cum death,2020-06-27,US,quantile,0.95,125128
2020-06-22,1 wk ahead inc death,2020-06-27,US,quantile,0.95,5052
2020-06-22,1 wk ahead cum death,2020-06-27,US,quantile,0.975,125183
2020-06-22,1 wk ahead inc death,2020-06-27,US,quantile,0.975,5107
2020-06-22,1 wk ahead cum death,2020-06-27,US,quantile,0.99,125270
2020-06-22,1 wk ahead inc death,2020-06-27,US,quantile,0.99,5194
2020-06-22,2 wk ahead cum death,2020-07-04,04,quantile,0.01,1553
2020-06-22,2 wk ahead inc death,2020-07-04,04,quantile,0.01,86
2020-06-22,2 wk ahead cum death,2020-07-04,04,quantile,0.025,1581
2020-06-22,2 wk ahead inc death,2020-07-04,04,quantile,0.025,96
2020-06-22,2 wk ahead cum death,2020-07-04,04,quantile,0.05,1604
2020-06-22,2 wk ahead inc death,2020-07-04,04,quantile,0.05,111
2020-06-22,2 wk ahead cum death,2020-07-04,04,quantile,0.1,1644
2020-06-22,2 wk ahead inc death,2020-07-04,04,quantile,0.1,138
2020-06-22,2 wk ahead cum death,2020-07-04,04,quantile,0.2,1693
2020-06-22,2 wk ahead inc death,2020-07-04,04,quantile,0.2,173
2020-06-22,2 wk ahead cum death,2020-07-04,04,quantile,0.25,1713
2020-06-22,2 wk ahead inc death,2020-07-04,04,quantile,0.25,185
2020-06-22,2 wk ahead cum death,2020-07-04,04,quantile,0.3,1731
2020-06-22,2 wk ahead inc death,2020-07-04,04,quantile,0.3,196
2020-06-22,2 wk ahead cum death,2020-07-04,04,quantile,0.4,1764
2020-06-22,2 wk ahead inc death,2020-07-04,04,quantile,0.4,219
2020-06-22,2 wk ahead cum death,2020-07-04,04,quantile,0.45,1783
2020-06-22,2 wk ahead inc death,2020-07-04,04,quantile,0.45,235
2020-06-22,2 wk ahead cum death,2020-07-04,04,quantile,0.5,1808
2020-06-22,2 wk ahead inc death,2020-07-04,04,quantile,0.5,248
2020-06-22,2 wk ahead cum death,2020-07-04,04,quantile,0.55,1825
2020-06-22,2 wk ahead inc death,2020-07-04,04,quantile,0.55,263
2020-06-22,2 wk ahead cum death,2020-07-04,04,quantile,0.8,1955
2020-06-22,2 wk ahead inc death,2020-07-04,04,quantile,0.8,356
2020-06-22,2 wk ahead cum death,2020-07-04,04,quantile,0.95,2140
2020-06-22,2 wk ahead inc death,2020-07-04,04,quantile,0.95,505
2020-06-22,2 wk ahead cum death,2020-07-04,04,quantile,0.975,2246
2020-06-22,2 wk ahead inc death,2020-07-04,04,quantile,0.975,590
2020-06-22,2 wk ahead cum death,2020-07-04,04,quantile,0.99,2425
2020-06-22,2 wk ahead inc death,2020-07-04,04,quantile,0.99,739
2020-06-22,2 wk ahead cum death,2020-07-04,06,quantile,0.01,6125
2020-06-22,2 wk ahead inc death,2020-07-04,06,quantile,0.01,262
2020-06-22,2 wk ahead cum death,2020-07-04,06,quantile,0.025,6176
2020-06-22,2 wk ahead inc death,2020-07-04,06,quantile,0.025,289
2020-06-22,2 wk ahead cum death,2020-07-04,06,quantile,0.05,6213
2020-06-22,2 wk ahead inc death,2020-07-04,06,quantile,0.05,326
2020-06-22,2 wk ahead cum death,2020-07-04,06,quantile,0.1,6276
2020-06-22,2 wk ahead inc death,2020-07-04,06,quantile,0.1,358
2020-06-22,2 wk ahead cum death,2020-07-04,06,quantile,0.2,6332
2020-06-22,2 wk ahead inc death,2020-07-04,06,quantile,0.2,403
2020-06-22,2 wk ahead cum death,2020-07-04,06,quantile,0.25,6358
2020-06-22,2 wk ahead inc death,2020-07-04,06,quantile,0.25,420
2020-06-22,2 wk ahead cum death,2020-07-04,06,quantile,0.3,6383
2020-06-22,2 wk ahead inc death,2020-07-04,06,quantile,0.3,433
2020-06-22,2 wk ahead cum death,2020-07-04,06,quantile,0.4,6437
2020-06-22,2 wk ahead inc death,2020-07-04,06,quantile,0.4,471
2020-06-22,2 wk ahead cum death,2020-07-04,06,quantile,0.45,6465
2020-06-22,2 wk ahead inc death,2020-07-04,06,quantile,0.45,487
2020-06-22,2 wk ahead cum death,2020-07-04,06,quantile,0.5,6487
2020-06-22,2 wk ahead inc death,2020-07-04,06,quantile,0.5,502
2020-06-22,2 wk ahead cum death,2020-07-04,06,quantile,0.55,6509
2020-06-22,2 wk ahead inc death,2020-07-04,06,quantile,0.55,517
2020-06-22,2 wk ahead cum death,2020-07-04,06,quantile,0.8,6665
2020-06-22,2 wk ahead inc death,2020-07-04,06,quantile,0.8,620
2020-06-22,2 wk ahead cum death,2020-07-04,06,quantile,0.95,6919
2020-06-22,2 wk ahead inc death,2020-07-04,06,quantile,0.95,801
2020-06-22,2 wk ahead cum death,2020-07-04,06,quantile,0.975,7034
2020-06-22,2 wk ahead inc death,2020-07-04,06,quantile,0.975,867
2020-06-22,2 wk ahead cum death,2020-07-04,06,quantile,0.99,7136
2020-06-22,2 wk ahead inc death,2020-07-04,06,quantile,0.99,949
2020-06-22,2 wk ahead cum death,2020-07-04,12,quantile,0.01,3434
2020-06-22,2 wk ahead inc death,2020-07-04,12,quantile,0.01,115
2020-06-22,2 wk ahead cum death,2020-07-04,12,quantile,0.025,3471
2020-06-22,2 wk ahead inc death,2020-07-04,12,quantile,0.025,137
2020-06-22,2 wk ahead cum death,2020-07-04,12,quantile,0.05,3493
2020-06-22,2 wk ahead inc death,2020-07-04,12,quantile,0.05,155
2020-06-22,2 wk ahead cum death,2020-07-04,12,quantile,0.1,3525
2020-06-22,2 wk ahead inc death,2020-07-04,12,quantile,0.1,173
2020-06-22,2 wk ahead cum death,2020-07-04,12,quantile,0.2,3578
2020-06-22,2 wk ahead inc death,2020-07-04,12,quantile,0.2,206
2020-06-22,2 wk ahead cum death,2020-07-04,12,quantile,0.25,3606
2020-06-22,2 wk ahead inc death,2020-07-04,12,quantile,0.25,221
2020-06-22,2 wk ahead cum death,2020-07-04,12,quantile,0.3,3619
2020-06-22,2 wk ahead inc death,2020-07-04,12,quantile,0.3,235
2020-06-22,2 wk ahead cum death,2020-07-04,12,quantile,0.4,3654
2020-06-22,2 wk ahead inc death,2020-07-04,12,quantile,0.4,257
2020-06-22,2 wk ahead cum death,2020-07-04,12,quantile,0.45,3674
2020-06-22,2 wk ahead inc death,2020-07-04,12,quantile,0.45,271
2020-06-22,2 wk ahead cum death,2020-07-04,12,quantile,0.5,3694
2020-06-22,2 wk ahead inc death,2020-07-04,12,quantile,0.5,281
2020-06-22,2 wk ahead cum death,2020-07-04,12,quantile,0.55,3713
2020-06-22,2 wk ahead inc death,2020-07-04,12,quantile,0.55,294
2020-06-22,2 wk ahead cum death,2020-07-04,12,quantile,0.8,3844
2020-06-22,2 wk ahead inc death,2020-07-04,12,quantile,0.8,384
2020-06-22,2 wk ahead cum death,2020-07-04,12,quantile,0.95,4053
2020-06-22,2 wk ahead inc death,2020-07-04,12,quantile,0.95,541
2020-06-22,2 wk ahead cum death,2020-07-04,12,quantile,0.975,4161
2020-06-22,2 wk ahead inc death,2020-07-04,12,quantile,0.975,633
2020-06-22,2 wk ahead cum death,2020-07-04,12,quantile,0.99,4364
2020-06-22,2 wk ahead inc death,2020-07-04,12,quantile,0.99,800
2020-06-22,2 wk ahead cum death,2020-07-04,13,quantile,0.01,2968
2020-06-22,2 wk ahead inc death,2020-07-04,13,quantile,0.01,141
2020-06-22,2 wk ahead cum death,2020-07-04,13,quantile,0.025,2996
2020-06-22,2 wk ahead inc death,2020-07-04,13,quantile,0.025,158
2020-06-22,2 wk ahead cum death,2020-07-04,13,quantile,0.05,3024
2020-06-22,2 wk ahead inc death,2020-07-04,13,quantile,0.05,172
2020-06-22,2 wk ahead cum death,2020-07-04,13,quantile,0.1,3062
2020-06-22,2 wk ahead inc death,2020-07-04,13,quantile,0.1,195
2020-06-22,2 wk ahead cum death,2020-07-04,13,quantile,0.2,3115
2020-06-22,2 wk ahead inc death,2020-07-04,13,quantile,0.2,231
2020-06-22,2 wk ahead cum death,2020-07-04,13,quantile,0.25,3136
2020-06-22,2 wk ahead inc death,2020-07-04,13,quantile,0.25,246
2020-06-22,2 wk ahead cum death,2020-07-04,13,quantile,0.3,3156
2020-06-22,2 wk ahead inc death,2020-07-04,13,quantile,0.3,257
2020-06-22,2 wk ahead cum death,2020-07-04,13,quantile,0.4,3203
2020-06-22,2 wk ahead inc death,2020-07-04,13,quantile,0.4,287
2020-06-22,2 wk ahead cum death,2020-07-04,13,quantile,0.45,3224
2020-06-22,2 wk ahead inc death,2020-07-04,13,quantile,0.45,301
2020-06-22,2 wk ahead cum death,2020-07-04,13,quantile,0.5,3247
2020-06-22,2 wk ahead inc death,2020-07-04,13,quantile,0.5,318
2020-06-22,2 wk ahead cum death,2020-07-04,13,quantile,0.55,3266
2020-06-22,2 wk ahead inc death,2020-07-04,13,quantile,0.55,335
2020-06-22,2 wk ahead cum death,2020-07-04,13,quantile,0.8,3415
2020-06-22,2 wk ahead inc death,2020-07-04,13,quantile,0.8,444
2020-06-22,2 wk ahead cum death,2020-07-04,13,quantile,0.95,3650
2020-06-22,2 wk ahead inc death,2020-07-04,13,quantile,0.95,605
2020-06-22,2 wk ahead cum death,2020-07-04,13,quantile,0.975,3812
2020-06-22,2 wk ahead inc death,2020-07-04,13,quantile,0.975,737
2020-06-22,2 wk ahead cum death,2020-07-04,13,quantile,0.99,3978
2020-06-22,2 wk ahead inc death,2020-07-04,13,quantile,0.99,876
2020-06-22,2 wk ahead cum death,2020-07-04,17,quantile,0.01,7071
2020-06-22,2 wk ahead inc death,2020-07-04,17,quantile,0.01,164
2020-06-22,2 wk ahead cum death,2020-07-04,17,quantile,0.025,7105
2020-06-22,2 wk ahead inc death,2020-07-04,17,quantile,0.025,196
2020-06-22,2 wk ahead cum death,2020-07-04,17,quantile,0.05,7144
2020-06-22,2 wk ahead inc death,2020-07-04,17,quantile,0.05,222
2020-06-22,2 wk ahead cum death,2020-07-04,17,quantile,0.1,7200
2020-06-22,2 wk ahead inc death,2020-07-04,17,quantile,0.1,246
2020-06-22,2 wk ahead cum death,2020-07-04,17,quantile,0.2,7248
2020-06-22,2 wk ahead inc death,2020-07-04,17,quantile,0.2,283
2020-06-22,2 wk ahead cum death,2020-07-04,17,quantile,0.25,7273
2020-06-22,2 wk ahead inc death,2020-07-04,17,quantile,0.25,293
2020-06-22,2 wk ahead cum death,2020-07-04,17,quantile,0.3,7291
2020-06-22,2 wk ahead inc death,2020-07-04,17,quantile,0.3,307
2020-06-22,2 wk ahead cum death,2020-07-04,17,quantile,0.4,7327
2020-06-22,2 wk ahead inc death,2020-07-04,17,quantile,0.4,330
2020-06-22,2 wk ahead cum death,2020-07-04,17,quantile,0.45,7346
2020-06-22,2 wk ahead inc death,2020-07-04,17,quantile,0.45,342
2020-06-22,2 wk ahead cum death,2020-07-04,17,quantile,0.5,7367
2020-06-22,2 wk ahead inc death,2020-07-04,17,quantile,0.5,357
2020-06-22,2 wk ahead cum death,2020-07-04,17,quantile,0.55,7387
2020-06-22,2 wk ahead inc death,2020-07-04,17,quantile,0.55,367
2020-06-22,2 wk ahead cum death,2020-07-04,17,quantile,0.8,7519
2020-06-22,2 wk ahead inc death,2020-07-04,17,quantile,0.8,453
2020-06-22,2 wk ahead cum death,2020-07-04,17,quantile,0.95,7725
2020-06-22,2 wk ahead inc death,2020-07-04,17,quantile,0.95,605
2020-06-22,2 wk ahead cum death,2020-07-04,17,quantile,0.975,7814
2020-06-22,2 wk ahead inc death,2020-07-04,17,quantile,0.975,666
2020-06-22,2 wk ahead cum death,2020-07-04,17,quantile,0.99,7966
2020-06-22,2 wk ahead inc death,2020-07-04,17,quantile,0.99,737
2020-06-22,2 wk ahead cum death,2020-07-04,18,quantile,0.01,2726
2020-06-22,2 wk ahead inc death,2020-07-04,18,quantile,0.01,41
2020-06-22,2 wk ahead cum death,2020-07-04,18,quantile,0.025,2743
2020-06-22,2 wk ahead inc death,2020-07-04,18,quantile,0.025,56
2020-06-22,2 wk ahead cum death,2020-07-04,18,quantile,0.05,2767
2020-06-22,2 wk ahead inc death,2020-07-04,18,quantile,0.05,66
2020-06-22,2 wk ahead cum death,2020-07-04,18,quantile,0.1,2792
2020-06-22,2 wk ahead inc death,2020-07-04,18,quantile,0.1,82
2020-06-22,2 wk ahead cum death,2020-07-04,18,quantile,0.2,2823
2020-06-22,2 wk ahead inc death,2020-07-04,18,quantile,0.2,103
2020-06-22,2 wk ahead cum death,2020-07-04,18,quantile,0.25,2837
2020-06-22,2 wk ahead inc death,2020-07-04,18,quantile,0.25,110
2020-06-22,2 wk ahead cum death,2020-07-04,18,quantile,0.3,2851
2020-06-22,2 wk ahead inc death,2020-07-04,18,quantile,0.3,119
2020-06-22,2 wk ahead cum death,2020-07-04,18,quantile,0.4,2878
2020-06-22,2 wk ahead inc death,2020-07-04,18,quantile,0.4,136
2020-06-22,2 wk ahead cum death,2020-07-04,18,quantile,0.45,2887
2020-06-22,2 wk ahead inc death,2020-07-04,18,quantile,0.45,146
2020-06-22,2 wk ahead cum death,2020-07-04,18,quantile,0.5,2902
2020-06-22,2 wk ahead inc death,2020-07-04,18,quantile,0.5,154
2020-06-22,2 wk ahead cum death,2020-07-04,18,quantile,0.55,2915
2020-06-22,2 wk ahead inc death,2020-07-04,18,quantile,0.55,163
2020-06-22,2 wk ahead cum death,2020-07-04,18,quantile,0.8,3035
2020-06-22,2 wk ahead inc death,2020-07-04,18,quantile,0.8,249
2020-06-22,2 wk ahead cum death,2020-07-04,18,quantile,0.95,3248
2020-06-22,2 wk ahead inc death,2020-07-04,18,quantile,0.95,403
2020-06-22,2 wk ahead cum death,2020-07-04,18,quantile,0.975,3332
2020-06-22,2 wk ahead inc death,2020-07-04,18,quantile,0.975,479
2020-06-22,2 wk ahead cum death,2020-07-04,18,quantile,0.99,3463
2020-06-22,2 wk ahead inc death,2020-07-04,18,quantile,0.99,600
2020-06-22,2 wk ahead cum death,2020-07-04,24,quantile,0.01,3261
2020-06-22,2 wk ahead inc death,2020-07-04,24,quantile,0.01,51
2020-06-22,2 wk ahead cum death,2020-07-04,24,quantile,0.025,3280
2020-06-22,2 wk ahead inc death,2020-07-04,24,quantile,0.025,60
2020-06-22,2 wk ahead cum death,2020-07-04,24,quantile,0.05,3296
2020-06-22,2 wk ahead inc death,2020-07-04,24,quantile,0.05,70
2020-06-22,2 wk ahead cum death,2020-07-04,24,quantile,0.1,3319
2020-06-22,2 wk ahead inc death,2020-07-04,24,quantile,0.1,83
2020-06-22,2 wk ahead cum death,2020-07-04,24,quantile,0.2,3354
2020-06-22,2 wk ahead inc death,2020-07-04,24,quantile,0.2,104
2020-06-22,2 wk ahead cum death,2020-07-04,24,quantile,0.25,3370
2020-06-22,2 wk ahead inc death,2020-07-04,24,quantile,0.25,112
2020-06-22,2 wk ahead cum death,2020-07-04,24,quantile,0.3,3381
2020-06-22,2 wk ahead inc death,2020-07-04,24,quantile,0.3,120
2020-06-22,2 wk ahead cum death,2020-07-04,24,quantile,0.4,3402
2020-06-22,2 wk ahead inc death,2020-07-04,24,quantile,0.4,134
2020-06-22,2 wk ahead cum death,2020-07-04,24,quantile,0.45,3415
2020-06-22,2 wk ahead inc death,2020-07-04,24,quantile,0.45,142
2020-06-22,2 wk ahead cum death,2020-07-04,24,quantile,0.5,3429
2020-06-22,2 wk ahead inc death,2020-07-04,24,quantile,0.5,150
2020-06-22,2 wk ahead cum death,2020-07-04,24,quantile,0.55,3440
2020-06-22,2 wk ahead inc death,2020-07-04,24,quantile,0.55,159
2020-06-22,2 wk ahead cum death,2020-07-04,24,quantile,0.8,3534
2020-06-22,2 wk ahead inc death,2020-07-04,24,quantile,0.8,217
2020-06-22,2 wk ahead cum death,2020-07-04,24,quantile,0.95,3685
2020-06-22,2 wk ahead inc death,2020-07-04,24,quantile,0.95,322
2020-06-22,2 wk ahead cum death,2020-07-04,24,quantile,0.975,3774
2020-06-22,2 wk ahead inc death,2020-07-04,24,quantile,0.975,381
2020-06-22,2 wk ahead cum death,2020-07-04,24,quantile,0.99,3874
2020-06-22,2 wk ahead inc death,2020-07-04,24,quantile,0.99,480
2020-06-22,2 wk ahead cum death,2020-07-04,25,quantile,0.01,8145
2020-06-22,2 wk ahead inc death,2020-07-04,25,quantile,0.01,120
2020-06-22,2 wk ahead cum death,2020-07-04,25,quantile,0.025,8169
2020-06-22,2 wk ahead inc death,2020-07-04,25,quantile,0.025,136
2020-06-22,2 wk ahead cum death,2020-07-04,25,quantile,0.05,8194
2020-06-22,2 wk ahead inc death,2020-07-04,25,quantile,0.05,153
2020-06-22,2 wk ahead cum death,2020-07-04,25,quantile,0.1,8223
2020-06-22,2 wk ahead inc death,2020-07-04,25,quantile,0.1,168
2020-06-22,2 wk ahead cum death,2020-07-04,25,quantile,0.2,8261
2020-06-22,2 wk ahead inc death,2020-07-04,25,quantile,0.2,192
2020-06-22,2 wk ahead cum death,2020-07-04,25,quantile,0.25,8278
2020-06-22,2 wk ahead inc death,2020-07-04,25,quantile,0.25,204
2020-06-22,2 wk ahead cum death,2020-07-04,25,quantile,0.3,8298
2020-06-22,2 wk ahead inc death,2020-07-04,25,quantile,0.3,213
2020-06-22,2 wk ahead cum death,2020-07-04,25,quantile,0.4,8330
2020-06-22,2 wk ahead inc death,2020-07-04,25,quantile,0.4,232
2020-06-22,2 wk ahead cum death,2020-07-04,25,quantile,0.45,8349
2020-06-22,2 wk ahead inc death,2020-07-04,25,quantile,0.45,241
2020-06-22,2 wk ahead cum death,2020-07-04,25,quantile,0.5,8363
2020-06-22,2 wk ahead inc death,2020-07-04,25,quantile,0.5,256
2020-06-22,2 wk ahead cum death,2020-07-04,25,quantile,0.55,8381
2020-06-22,2 wk ahead inc death,2020-07-04,25,quantile,0.55,264
2020-06-22,2 wk ahead cum death,2020-07-04,25,quantile,0.8,8500
2020-06-22,2 wk ahead inc death,2020-07-04,25,quantile,0.8,341
2020-06-22,2 wk ahead cum death,2020-07-04,25,quantile,0.95,8693
2020-06-22,2 wk ahead inc death,2020-07-04,25,quantile,0.95,475
2020-06-22,2 wk ahead cum death,2020-07-04,25,quantile,0.975,8796
2020-06-22,2 wk ahead inc death,2020-07-04,25,quantile,0.975,546
2020-06-22,2 wk ahead cum death,2020-07-04,25,quantile,0.99,8929
2020-06-22,2 wk ahead inc death,2020-07-04,25,quantile,0.99,627
2020-06-22,2 wk ahead cum death,2020-07-04,34,quantile,0.01,13354
2020-06-22,2 wk ahead inc death,2020-07-04,34,quantile,0.01,151
2020-06-22,2 wk ahead cum death,2020-07-04,34,quantile,0.025,13396
2020-06-22,2 wk ahead inc death,2020-07-04,34,quantile,0.025,177
2020-06-22,2 wk ahead cum death,2020-07-04,34,quantile,0.05,13439
2020-06-22,2 wk ahead inc death,2020-07-04,34,quantile,0.05,206
2020-06-22,2 wk ahead cum death,2020-07-04,34,quantile,0.1,13476
2020-06-22,2 wk ahead inc death,2020-07-04,34,quantile,0.1,230
2020-06-22,2 wk ahead cum death,2020-07-04,34,quantile,0.2,13528
2020-06-22,2 wk ahead inc death,2020-07-04,34,quantile,0.2,264
2020-06-22,2 wk ahead cum death,2020-07-04,34,quantile,0.25,13546
2020-06-22,2 wk ahead inc death,2020-07-04,34,quantile,0.25,274
2020-06-22,2 wk ahead cum death,2020-07-04,34,quantile,0.3,13562
2020-06-22,2 wk ahead inc death,2020-07-04,34,quantile,0.3,287
2020-06-22,2 wk ahead cum death,2020-07-04,34,quantile,0.4,13601
2020-06-22,2 wk ahead inc death,2020-07-04,34,quantile,0.4,310
2020-06-22,2 wk ahead cum death,2020-07-04,34,quantile,0.45,13618
2020-06-22,2 wk ahead inc death,2020-07-04,34,quantile,0.45,322
2020-06-22,2 wk ahead cum death,2020-07-04,34,quantile,0.5,13634
2020-06-22,2 wk ahead inc death,2020-07-04,34,quantile,0.5,336
2020-06-22,2 wk ahead cum death,2020-07-04,34,quantile,0.55,13655
2020-06-22,2 wk ahead inc death,2020-07-04,34,quantile,0.55,349
2020-06-22,2 wk ahead cum death,2020-07-04,34,quantile,0.8,13771
2020-06-22,2 wk ahead inc death,2020-07-04,34,quantile,0.8,424
2020-06-22,2 wk ahead cum death,2020-07-04,34,quantile,0.95,13916
2020-06-22,2 wk ahead inc death,2020-07-04,34,quantile,0.95,529
2020-06-22,2 wk ahead cum death,2020-07-04,34,quantile,0.975,13988
2020-06-22,2 wk ahead inc death,2020-07-04,34,quantile,0.975,574
2020-06-22,2 wk ahead cum death,2020-07-04,34,quantile,0.99,14057
2020-06-22,2 wk ahead inc death,2020-07-04,34,quantile,0.99,641
2020-06-22,2 wk ahead cum death,2020-07-04,36,quantile,0.01,31727
2020-06-22,2 wk ahead inc death,2020-07-04,36,quantile,0.01,177
2020-06-22,2 wk ahead cum death,2020-07-04,36,quantile,0.025,31744
2020-06-22,2 wk ahead inc death,2020-07-04,36,quantile,0.025,188
2020-06-22,2 wk ahead cum death,2020-07-04,36,quantile,0.05,31778
2020-06-22,2 wk ahead inc death,2020-07-04,36,quantile,0.05,206
2020-06-22,2 wk ahead cum death,2020-07-04,36,quantile,0.1,31819
2020-06-22,2 wk ahead inc death,2020-07-04,36,quantile,0.1,233
2020-06-22,2 wk ahead cum death,2020-07-04,36,quantile,0.2,31866
2020-06-22,2 wk ahead inc death,2020-07-04,36,quantile,0.2,261
2020-06-22,2 wk ahead cum death,2020-07-04,36,quantile,0.25,31889
2020-06-22,2 wk ahead inc death,2020-07-04,36,quantile,0.25,275
2020-06-22,2 wk ahead cum death,2020-07-04,36,quantile,0.3,31905
2020-06-22,2 wk ahead inc death,2020-07-04,36,quantile,0.3,287
2020-06-22,2 wk ahead cum death,2020-07-04,36,quantile,0.4,31939
2020-06-22,2 wk ahead inc death,2020-07-04,36,quantile,0.4,308
2020-06-22,2 wk ahead cum death,2020-07-04,36,quantile,0.45,31951
2020-06-22,2 wk ahead inc death,2020-07-04,36,quantile,0.45,318
2020-06-22,2 wk ahead cum death,2020-07-04,36,quantile,0.5,31965
2020-06-22,2 wk ahead inc death,2020-07-04,36,quantile,0.5,328
2020-06-22,2 wk ahead cum death,2020-07-04,36,quantile,0.55,31982
2020-06-22,2 wk ahead inc death,2020-07-04,36,quantile,0.55,341
2020-06-22,2 wk ahead cum death,2020-07-04,36,quantile,0.8,32099
2020-06-22,2 wk ahead inc death,2020-07-04,36,quantile,0.8,419
2020-06-22,2 wk ahead cum death,2020-07-04,36,quantile,0.95,32253
2020-06-22,2 wk ahead inc death,2020-07-04,36,quantile,0.95,526
2020-06-22,2 wk ahead cum death,2020-07-04,36,quantile,0.975,32361
2020-06-22,2 wk ahead inc death,2020-07-04,36,quantile,0.975,598
2020-06-22,2 wk ahead cum death,2020-07-04,36,quantile,0.99,32446
2020-06-22,2 wk ahead inc death,2020-07-04,36,quantile,0.99,681
2020-06-22,2 wk ahead cum death,2020-07-04,39,quantile,0.01,2875
2020-06-22,2 wk ahead inc death,2020-07-04,39,quantile,0.01,65
2020-06-22,2 wk ahead cum death,2020-07-04,39,quantile,0.025,2899
2020-06-22,2 wk ahead inc death,2020-07-04,39,quantile,0.025,79
2020-06-22,2 wk ahead cum death,2020-07-04,39,quantile,0.05,2921
2020-06-22,2 wk ahead inc death,2020-07-04,39,quantile,0.05,90
2020-06-22,2 wk ahead cum death,2020-07-04,39,quantile,0.1,2951
2020-06-22,2 wk ahead inc death,2020-07-04,39,quantile,0.1,107
2020-06-22,2 wk ahead cum death,2020-07-04,39,quantile,0.2,2987
2020-06-22,2 wk ahead inc death,2020-07-04,39,quantile,0.2,131
2020-06-22,2 wk ahead cum death,2020-07-04,39,quantile,0.25,3004
2020-06-22,2 wk ahead inc death,2020-07-04,39,quantile,0.25,142
2020-06-22,2 wk ahead cum death,2020-07-04,39,quantile,0.3,3017
2020-06-22,2 wk ahead inc death,2020-07-04,39,quantile,0.3,153
2020-06-22,2 wk ahead cum death,2020-07-04,39,quantile,0.4,3045
2020-06-22,2 wk ahead inc death,2020-07-04,39,quantile,0.4,169
2020-06-22,2 wk ahead cum death,2020-07-04,39,quantile,0.45,3061
2020-06-22,2 wk ahead inc death,2020-07-04,39,quantile,0.45,179
2020-06-22,2 wk ahead cum death,2020-07-04,39,quantile,0.5,3077
2020-06-22,2 wk ahead inc death,2020-07-04,39,quantile,0.5,191
2020-06-22,2 wk ahead cum death,2020-07-04,39,quantile,0.55,3096
2020-06-22,2 wk ahead inc death,2020-07-04,39,quantile,0.55,202
2020-06-22,2 wk ahead cum death,2020-07-04,39,quantile,0.8,3194
2020-06-22,2 wk ahead inc death,2020-07-04,39,quantile,0.8,270
2020-06-22,2 wk ahead cum death,2020-07-04,39,quantile,0.95,3353
2020-06-22,2 wk ahead inc death,2020-07-04,39,quantile,0.95,387
2020-06-22,2 wk ahead cum death,2020-07-04,39,quantile,0.975,3453
2020-06-22,2 wk ahead inc death,2020-07-04,39,quantile,0.975,472
2020-06-22,2 wk ahead cum death,2020-07-04,39,quantile,0.99,3540
2020-06-22,2 wk ahead inc death,2020-07-04,39,quantile,0.99,523
2020-06-22,2 wk ahead cum death,2020-07-04,42,quantile,0.01,6714
2020-06-22,2 wk ahead inc death,2020-07-04,42,quantile,0.01,113
2020-06-22,2 wk ahead cum death,2020-07-04,42,quantile,0.025,6736
2020-06-22,2 wk ahead inc death,2020-07-04,42,quantile,0.025,127
2020-06-22,2 wk ahead cum death,2020-07-04,42,quantile,0.05,6763
2020-06-22,2 wk ahead inc death,2020-07-04,42,quantile,0.05,142
2020-06-22,2 wk ahead cum death,2020-07-04,42,quantile,0.1,6795
2020-06-22,2 wk ahead inc death,2020-07-04,42,quantile,0.1,159
2020-06-22,2 wk ahead cum death,2020-07-04,42,quantile,0.2,6832
2020-06-22,2 wk ahead inc death,2020-07-04,42,quantile,0.2,179
2020-06-22,2 wk ahead cum death,2020-07-04,42,quantile,0.25,6848
2020-06-22,2 wk ahead inc death,2020-07-04,42,quantile,0.25,189
2020-06-22,2 wk ahead cum death,2020-07-04,42,quantile,0.3,6870
2020-06-22,2 wk ahead inc death,2020-07-04,42,quantile,0.3,201
2020-06-22,2 wk ahead cum death,2020-07-04,42,quantile,0.4,6906
2020-06-22,2 wk ahead inc death,2020-07-04,42,quantile,0.4,225
2020-06-22,2 wk ahead cum death,2020-07-04,42,quantile,0.45,6921
2020-06-22,2 wk ahead inc death,2020-07-04,42,quantile,0.45,236
2020-06-22,2 wk ahead cum death,2020-07-04,42,quantile,0.5,6938
2020-06-22,2 wk ahead inc death,2020-07-04,42,quantile,0.5,249
2020-06-22,2 wk ahead cum death,2020-07-04,42,quantile,0.55,6958
2020-06-22,2 wk ahead inc death,2020-07-04,42,quantile,0.55,260
2020-06-22,2 wk ahead cum death,2020-07-04,42,quantile,0.8,7096
2020-06-22,2 wk ahead inc death,2020-07-04,42,quantile,0.8,350
2020-06-22,2 wk ahead cum death,2020-07-04,42,quantile,0.95,7302
2020-06-22,2 wk ahead inc death,2020-07-04,42,quantile,0.95,494
2020-06-22,2 wk ahead cum death,2020-07-04,42,quantile,0.975,7414
2020-06-22,2 wk ahead inc death,2020-07-04,42,quantile,0.975,594
2020-06-22,2 wk ahead cum death,2020-07-04,42,quantile,0.99,7660
2020-06-22,2 wk ahead inc death,2020-07-04,42,quantile,0.99,772
2020-06-22,2 wk ahead cum death,2020-07-04,48,quantile,0.01,2442
2020-06-22,2 wk ahead inc death,2020-07-04,48,quantile,0.01,100
2020-06-22,2 wk ahead cum death,2020-07-04,48,quantile,0.025,2469
2020-06-22,2 wk ahead inc death,2020-07-04,48,quantile,0.025,127
2020-06-22,2 wk ahead cum death,2020-07-04,48,quantile,0.05,2505
2020-06-22,2 wk ahead inc death,2020-07-04,48,quantile,0.05,144
2020-06-22,2 wk ahead cum death,2020-07-04,48,quantile,0.1,2545
2020-06-22,2 wk ahead inc death,2020-07-04,48,quantile,0.1,171
2020-06-22,2 wk ahead cum death,2020-07-04,48,quantile,0.2,2589
2020-06-22,2 wk ahead inc death,2020-07-04,48,quantile,0.2,203
2020-06-22,2 wk ahead cum death,2020-07-04,48,quantile,0.25,2610
2020-06-22,2 wk ahead inc death,2020-07-04,48,quantile,0.25,218
2020-06-22,2 wk ahead cum death,2020-07-04,48,quantile,0.3,2633
2020-06-22,2 wk ahead inc death,2020-07-04,48,quantile,0.3,233
2020-06-22,2 wk ahead cum death,2020-07-04,48,quantile,0.4,2673
2020-06-22,2 wk ahead inc death,2020-07-04,48,quantile,0.4,260
2020-06-22,2 wk ahead cum death,2020-07-04,48,quantile,0.45,2693
2020-06-22,2 wk ahead inc death,2020-07-04,48,quantile,0.45,275
2020-06-22,2 wk ahead cum death,2020-07-04,48,quantile,0.5,2714
2020-06-22,2 wk ahead inc death,2020-07-04,48,quantile,0.5,288
2020-06-22,2 wk ahead cum death,2020-07-04,48,quantile,0.55,2739
2020-06-22,2 wk ahead inc death,2020-07-04,48,quantile,0.55,303
2020-06-22,2 wk ahead cum death,2020-07-04,48,quantile,0.8,2912
2020-06-22,2 wk ahead inc death,2020-07-04,48,quantile,0.8,431
2020-06-22,2 wk ahead cum death,2020-07-04,48,quantile,0.95,3148
2020-06-22,2 wk ahead inc death,2020-07-04,48,quantile,0.95,628
2020-06-22,2 wk ahead cum death,2020-07-04,48,quantile,0.975,3315
2020-06-22,2 wk ahead inc death,2020-07-04,48,quantile,0.975,731
2020-06-22,2 wk ahead cum death,2020-07-04,48,quantile,0.99,3483
2020-06-22,2 wk ahead inc death,2020-07-04,48,quantile,0.99,859
2020-06-22,2 wk ahead cum death,2020-07-04,US,quantile,0.01,128035
2020-06-22,2 wk ahead inc death,2020-07-04,US,quantile,0.01,3612
2020-06-22,2 wk ahead cum death,2020-07-04,US,quantile,0.025,128166
2020-06-22,2 wk ahead inc death,2020-07-04,US,quantile,0.025,3695
2020-06-22,2 wk ahead cum death,2020-07-04,US,quantile,0.05,128306
2020-06-22,2 wk ahead inc death,2020-07-04,US,quantile,0.05,3788
2020-06-22,2 wk ahead cum death,2020-07-04,US,quantile,0.1,128489
2020-06-22,2 wk ahead inc death,2020-07-04,US,quantile,0.1,3914
2020-06-22,2 wk ahead cum death,2020-07-04,US,quantile,0.2,128662
2020-06-22,2 wk ahead inc death,2020-07-04,US,quantile,0.2,4052
2020-06-22,2 wk ahead cum death,2020-07-04,US,quantile,0.25,128743
2020-06-22,2 wk ahead inc death,2020-07-04,US,quantile,0.25,4095
2020-06-22,2 wk ahead cum death,2020-07-04,US,quantile,0.3,128824
2020-06-22,2 wk ahead inc death,2020-07-04,US,quantile,0.3,4152
2020-06-22,2 wk ahead cum death,2020-07-04,US,quantile,0.4,128972
2020-06-22,2 wk ahead inc death,2020-07-04,US,quantile,0.4,4240
2020-06-22,2 wk ahead cum death,2020-07-04,US,quantile,0.45,129030
2020-06-22,2 wk ahead inc death,2020-07-04,US,quantile,0.45,4286
2020-06-22,2 wk ahead cum death,2020-07-04,US,quantile,0.5,129104
2020-06-22,2 wk ahead inc death,2020-07-04,US,quantile,0.5,4332
2020-06-22,2 wk ahead cum death,2020-07-04,US,quantile,0.55,129187
2020-06-22,2 wk ahead inc death,2020-07-04,US,quantile,0.55,4390
2020-06-22,2 wk ahead cum death,2020-07-04,US,quantile,0.8,129618
2020-06-22,2 wk ahead inc death,2020-07-04,US,quantile,0.8,4703
2020-06-22,2 wk ahead cum death,2020-07-04,US,quantile,0.95,130156
2020-06-22,2 wk ahead inc death,2020-07-04,US,quantile,0.95,5075
2020-06-22,2 wk ahead cum death,2020-07-04,US,quantile,0.975,130427
2020-06-22,2 wk ahead inc death,2020-07-04,US,quantile,0.975,5295
2020-06-22,2 wk ahead cum death,2020-07-04,US,quantile,0.99,130749
2020-06-22,2 wk ahead inc death,2020-07-04,US,quantile,0.99,5543
2020-06-22,3 wk ahead cum death,2020-07-11,04,quantile,0.01,1635
2020-06-22,3 wk ahead inc death,2020-07-11,04,quantile,0.01,62
2020-06-22,3 wk ahead cum death,2020-07-11,04,quantile,0.025,1673
2020-06-22,3 wk ahead inc death,2020-07-11,04,quantile,0.025,82
2020-06-22,3 wk ahead cum death,2020-07-11,04,quantile,0.05,1712
2020-06-22,3 wk ahead inc death,2020-07-11,04,quantile,0.05,99
2020-06-22,3 wk ahead cum death,2020-07-11,04,quantile,0.1,1777
2020-06-22,3 wk ahead inc death,2020-07-11,04,quantile,0.1,123
2020-06-22,3 wk ahead cum death,2020-07-11,04,quantile,0.2,1883
2020-06-22,3 wk ahead inc death,2020-07-11,04,quantile,0.2,175
2020-06-22,3 wk ahead cum death,2020-07-11,04,quantile,0.25,1918
2020-06-22,3 wk ahead inc death,2020-07-11,04,quantile,0.25,198
2020-06-22,3 wk ahead cum death,2020-07-11,04,quantile,0.3,1951
2020-06-22,3 wk ahead inc death,2020-07-11,04,quantile,0.3,215
2020-06-22,3 wk ahead cum death,2020-07-11,04,quantile,0.4,2017
2020-06-22,3 wk ahead inc death,2020-07-11,04,quantile,0.4,247
2020-06-22,3 wk ahead cum death,2020-07-11,04,quantile,0.45,2056
2020-06-22,3 wk ahead inc death,2020-07-11,04,quantile,0.45,271
2020-06-22,3 wk ahead cum death,2020-07-11,04,quantile,0.5,2096
2020-06-22,3 wk ahead inc death,2020-07-11,04,quantile,0.5,287
2020-06-22,3 wk ahead cum death,2020-07-11,04,quantile,0.55,2133
2020-06-22,3 wk ahead inc death,2020-07-11,04,quantile,0.55,308
2020-06-22,3 wk ahead cum death,2020-07-11,04,quantile,0.8,2438
2020-06-22,3 wk ahead inc death,2020-07-11,04,quantile,0.8,481
2020-06-22,3 wk ahead cum death,2020-07-11,04,quantile,0.95,2963
2020-06-22,3 wk ahead inc death,2020-07-11,04,quantile,0.95,874
2020-06-22,3 wk ahead cum death,2020-07-11,04,quantile,0.975,3335
2020-06-22,3 wk ahead inc death,2020-07-11,04,quantile,0.975,1155
2020-06-22,3 wk ahead cum death,2020-07-11,04,quantile,0.99,3951
2020-06-22,3 wk ahead inc death,2020-07-11,04,quantile,0.99,1500
2020-06-22,3 wk ahead cum death,2020-07-11,06,quantile,0.01,6337
2020-06-22,3 wk ahead inc death,2020-07-11,06,quantile,0.01,203
2020-06-22,3 wk ahead cum death,2020-07-11,06,quantile,0.025,6429
2020-06-22,3 wk ahead inc death,2020-07-11,06,quantile,0.025,247
2020-06-22,3 wk ahead cum death,2020-07-11,06,quantile,0.05,6512
2020-06-22,3 wk ahead inc death,2020-07-11,06,quantile,0.05,280
2020-06-22,3 wk ahead cum death,2020-07-11,06,quantile,0.1,6612
2020-06-22,3 wk ahead inc death,2020-07-11,06,quantile,0.1,318
2020-06-22,3 wk ahead cum death,2020-07-11,06,quantile,0.2,6716
2020-06-22,3 wk ahead inc death,2020-07-11,06,quantile,0.2,375
2020-06-22,3 wk ahead cum death,2020-07-11,06,quantile,0.25,6773
2020-06-22,3 wk ahead inc death,2020-07-11,06,quantile,0.25,400
2020-06-22,3 wk ahead cum death,2020-07-11,06,quantile,0.3,6812
2020-06-22,3 wk ahead inc death,2020-07-11,06,quantile,0.3,421
2020-06-22,3 wk ahead cum death,2020-07-11,06,quantile,0.4,6891
2020-06-22,3 wk ahead inc death,2020-07-11,06,quantile,0.4,466
2020-06-22,3 wk ahead cum death,2020-07-11,06,quantile,0.45,6947
2020-06-22,3 wk ahead inc death,2020-07-11,06,quantile,0.45,489
2020-06-22,3 wk ahead cum death,2020-07-11,06,quantile,0.5,7006
2020-06-22,3 wk ahead inc death,2020-07-11,06,quantile,0.5,511
2020-06-22,3 wk ahead cum death,2020-07-11,06,quantile,0.55,7047
2020-06-22,3 wk ahead inc death,2020-07-11,06,quantile,0.55,533
2020-06-22,3 wk ahead cum death,2020-07-11,06,quantile,0.8,7342
2020-06-22,3 wk ahead inc death,2020-07-11,06,quantile,0.8,697
2020-06-22,3 wk ahead cum death,2020-07-11,06,quantile,0.95,7856
2020-06-22,3 wk ahead inc death,2020-07-11,06,quantile,0.95,961
2020-06-22,3 wk ahead cum death,2020-07-11,06,quantile,0.975,8133
2020-06-22,3 wk ahead inc death,2020-07-11,06,quantile,0.975,1163
2020-06-22,3 wk ahead cum death,2020-07-11,06,quantile,0.99,8568
2020-06-22,3 wk ahead inc death,2020-07-11,06,quantile,0.99,1367
2020-06-22,3 wk ahead cum death,2020-07-11,12,quantile,0.01,3536
2020-06-22,3 wk ahead inc death,2020-07-11,12,quantile,0.01,86
2020-06-22,3 wk ahead cum death,2020-07-11,12,quantile,0.025,3598
2020-06-22,3 wk ahead inc death,2020-07-11,12,quantile,0.025,104
2020-06-22,3 wk ahead cum death,2020-07-11,12,quantile,0.05,3625
2020-06-22,3 wk ahead inc death,2020-07-11,12,quantile,0.05,127
2020-06-22,3 wk ahead cum death,2020-07-11,12,quantile,0.1,3691
2020-06-22,3 wk ahead inc death,2020-07-11,12,quantile,0.1,154
2020-06-22,3 wk ahead cum death,2020-07-11,12,quantile,0.2,3773
2020-06-22,3 wk ahead inc death,2020-07-11,12,quantile,0.2,194
2020-06-22,3 wk ahead cum death,2020-07-11,12,quantile,0.25,3819
2020-06-22,3 wk ahead inc death,2020-07-11,12,quantile,0.25,211
2020-06-22,3 wk ahead cum death,2020-07-11,12,quantile,0.3,3864
2020-06-22,3 wk ahead inc death,2020-07-11,12,quantile,0.3,230
2020-06-22,3 wk ahead cum death,2020-07-11,12,quantile,0.4,3921
2020-06-22,3 wk ahead inc death,2020-07-11,12,quantile,0.4,264
2020-06-22,3 wk ahead cum death,2020-07-11,12,quantile,0.45,3956
2020-06-22,3 wk ahead inc death,2020-07-11,12,quantile,0.45,280
2020-06-22,3 wk ahead cum death,2020-07-11,12,quantile,0.5,3993
2020-06-22,3 wk ahead inc death,2020-07-11,12,quantile,0.5,300
2020-06-22,3 wk ahead cum death,2020-07-11,12,quantile,0.55,4032
2020-06-22,3 wk ahead inc death,2020-07-11,12,quantile,0.55,319
2020-06-22,3 wk ahead cum death,2020-07-11,12,quantile,0.8,4309
2020-06-22,3 wk ahead inc death,2020-07-11,12,quantile,0.8,460
2020-06-22,3 wk ahead cum death,2020-07-11,12,quantile,0.95,4783
2020-06-22,3 wk ahead inc death,2020-07-11,12,quantile,0.95,745
2020-06-22,3 wk ahead cum death,2020-07-11,12,quantile,0.975,5037
2020-06-22,3 wk ahead inc death,2020-07-11,12,quantile,0.975,892
2020-06-22,3 wk ahead cum death,2020-07-11,12,quantile,0.99,5622
2020-06-22,3 wk ahead inc death,2020-07-11,12,quantile,0.99,1265
2020-06-22,3 wk ahead cum death,2020-07-11,13,quantile,0.01,3097
2020-06-22,3 wk ahead inc death,2020-07-11,13,quantile,0.01,99
2020-06-22,3 wk ahead cum death,2020-07-11,13,quantile,0.025,3136
2020-06-22,3 wk ahead inc death,2020-07-11,13,quantile,0.025,122
2020-06-22,3 wk ahead cum death,2020-07-11,13,quantile,0.05,3184
2020-06-22,3 wk ahead inc death,2020-07-11,13,quantile,0.05,139
2020-06-22,3 wk ahead cum death,2020-07-11,13,quantile,0.1,3252
2020-06-22,3 wk ahead inc death,2020-07-11,13,quantile,0.1,179
2020-06-22,3 wk ahead cum death,2020-07-11,13,quantile,0.2,3346
2020-06-22,3 wk ahead inc death,2020-07-11,13,quantile,0.2,225
2020-06-22,3 wk ahead cum death,2020-07-11,13,quantile,0.25,3388
2020-06-22,3 wk ahead inc death,2020-07-11,13,quantile,0.25,243
2020-06-22,3 wk ahead cum death,2020-07-11,13,quantile,0.3,3430
2020-06-22,3 wk ahead inc death,2020-07-11,13,quantile,0.3,267
2020-06-22,3 wk ahead cum death,2020-07-11,13,quantile,0.4,3511
2020-06-22,3 wk ahead inc death,2020-07-11,13,quantile,0.4,307
2020-06-22,3 wk ahead cum death,2020-07-11,13,quantile,0.45,3551
2020-06-22,3 wk ahead inc death,2020-07-11,13,quantile,0.45,332
2020-06-22,3 wk ahead cum death,2020-07-11,13,quantile,0.5,3599
2020-06-22,3 wk ahead inc death,2020-07-11,13,quantile,0.5,361
2020-06-22,3 wk ahead cum death,2020-07-11,13,quantile,0.55,3649
2020-06-22,3 wk ahead inc death,2020-07-11,13,quantile,0.55,381
2020-06-22,3 wk ahead cum death,2020-07-11,13,quantile,0.8,3974
2020-06-22,3 wk ahead inc death,2020-07-11,13,quantile,0.8,559
2020-06-22,3 wk ahead cum death,2020-07-11,13,quantile,0.95,4463
2020-06-22,3 wk ahead inc death,2020-07-11,13,quantile,0.95,847
2020-06-22,3 wk ahead cum death,2020-07-11,13,quantile,0.975,4966
2020-06-22,3 wk ahead inc death,2020-07-11,13,quantile,0.975,1184
2020-06-22,3 wk ahead cum death,2020-07-11,13,quantile,0.99,5553
2020-06-22,3 wk ahead inc death,2020-07-11,13,quantile,0.99,1634
2020-06-22,3 wk ahead cum death,2020-07-11,17,quantile,0.01,7189
2020-06-22,3 wk ahead inc death,2020-07-11,17,quantile,0.01,113
2020-06-22,3 wk ahead cum death,2020-07-11,17,quantile,0.025,7235
2020-06-22,3 wk ahead inc death,2020-07-11,17,quantile,0.025,132
2020-06-22,3 wk ahead cum death,2020-07-11,17,quantile,0.05,7306
2020-06-22,3 wk ahead inc death,2020-07-11,17,quantile,0.05,155
2020-06-22,3 wk ahead cum death,2020-07-11,17,quantile,0.1,7405
2020-06-22,3 wk ahead inc death,2020-07-11,17,quantile,0.1,192
2020-06-22,3 wk ahead cum death,2020-07-11,17,quantile,0.2,7489
2020-06-22,3 wk ahead inc death,2020-07-11,17,quantile,0.2,232
2020-06-22,3 wk ahead cum death,2020-07-11,17,quantile,0.25,7525
2020-06-22,3 wk ahead inc death,2020-07-11,17,quantile,0.25,248
2020-06-22,3 wk ahead cum death,2020-07-11,17,quantile,0.3,7554
2020-06-22,3 wk ahead inc death,2020-07-11,17,quantile,0.3,264
2020-06-22,3 wk ahead cum death,2020-07-11,17,quantile,0.4,7622
2020-06-22,3 wk ahead inc death,2020-07-11,17,quantile,0.4,291
2020-06-22,3 wk ahead cum death,2020-07-11,17,quantile,0.45,7654
2020-06-22,3 wk ahead inc death,2020-07-11,17,quantile,0.45,305
2020-06-22,3 wk ahead cum death,2020-07-11,17,quantile,0.5,7684
2020-06-22,3 wk ahead inc death,2020-07-11,17,quantile,0.5,319
2020-06-22,3 wk ahead cum death,2020-07-11,17,quantile,0.55,7722
2020-06-22,3 wk ahead inc death,2020-07-11,17,quantile,0.55,336
2020-06-22,3 wk ahead cum death,2020-07-11,17,quantile,0.8,7967
2020-06-22,3 wk ahead inc death,2020-07-11,17,quantile,0.8,451
2020-06-22,3 wk ahead cum death,2020-07-11,17,quantile,0.95,8385
2020-06-22,3 wk ahead inc death,2020-07-11,17,quantile,0.95,680
2020-06-22,3 wk ahead cum death,2020-07-11,17,quantile,0.975,8577
2020-06-22,3 wk ahead inc death,2020-07-11,17,quantile,0.975,787
2020-06-22,3 wk ahead cum death,2020-07-11,17,quantile,0.99,8829
2020-06-22,3 wk ahead inc death,2020-07-11,17,quantile,0.99,900
2020-06-22,3 wk ahead cum death,2020-07-11,18,quantile,0.01,2761
2020-06-22,3 wk ahead inc death,2020-07-11,18,quantile,0.01,27
2020-06-22,3 wk ahead cum death,2020-07-11,18,quantile,0.025,2782
2020-06-22,3 wk ahead inc death,2020-07-11,18,quantile,0.025,34
2020-06-22,3 wk ahead cum death,2020-07-11,18,quantile,0.05,2820
2020-06-22,3 wk ahead inc death,2020-07-11,18,quantile,0.05,44
2020-06-22,3 wk ahead cum death,2020-07-11,18,quantile,0.1,2857
2020-06-22,3 wk ahead inc death,2020-07-11,18,quantile,0.1,59
2020-06-22,3 wk ahead cum death,2020-07-11,18,quantile,0.2,2916
2020-06-22,3 wk ahead inc death,2020-07-11,18,quantile,0.2,90
2020-06-22,3 wk ahead cum death,2020-07-11,18,quantile,0.25,2938
2020-06-22,3 wk ahead inc death,2020-07-11,18,quantile,0.25,99
2020-06-22,3 wk ahead cum death,2020-07-11,18,quantile,0.3,2961
2020-06-22,3 wk ahead inc death,2020-07-11,18,quantile,0.3,110
2020-06-22,3 wk ahead cum death,2020-07-11,18,quantile,0.4,3006
2020-06-22,3 wk ahead inc death,2020-07-11,18,quantile,0.4,132
2020-06-22,3 wk ahead cum death,2020-07-11,18,quantile,0.45,3035
2020-06-22,3 wk ahead inc death,2020-07-11,18,quantile,0.45,145
2020-06-22,3 wk ahead cum death,2020-07-11,18,quantile,0.5,3060
2020-06-22,3 wk ahead inc death,2020-07-11,18,quantile,0.5,159
2020-06-22,3 wk ahead cum death,2020-07-11,18,quantile,0.55,3092
2020-06-22,3 wk ahead inc death,2020-07-11,18,quantile,0.55,170
2020-06-22,3 wk ahead cum death,2020-07-11,18,quantile,0.8,3357
2020-06-22,3 wk ahead inc death,2020-07-11,18,quantile,0.8,317
2020-06-22,3 wk ahead cum death,2020-07-11,18,quantile,0.95,3907
2020-06-22,3 wk ahead inc death,2020-07-11,18,quantile,0.95,691
2020-06-22,3 wk ahead cum death,2020-07-11,18,quantile,0.975,4236
2020-06-22,3 wk ahead inc death,2020-07-11,18,quantile,0.975,886
2020-06-22,3 wk ahead cum death,2020-07-11,18,quantile,0.99,4615
2020-06-22,3 wk ahead inc death,2020-07-11,18,quantile,0.99,1109
2020-06-22,3 wk ahead cum death,2020-07-11,24,quantile,0.01,3295
2020-06-22,3 wk ahead inc death,2020-07-11,24,quantile,0.01,26
2020-06-22,3 wk ahead cum death,2020-07-11,24,quantile,0.025,3321
2020-06-22,3 wk ahead inc death,2020-07-11,24,quantile,0.025,36
2020-06-22,3 wk ahead cum death,2020-07-11,24,quantile,0.05,3349
2020-06-22,3 wk ahead inc death,2020-07-11,24,quantile,0.05,45
2020-06-22,3 wk ahead cum death,2020-07-11,24,quantile,0.1,3382
2020-06-22,3 wk ahead inc death,2020-07-11,24,quantile,0.1,62
2020-06-22,3 wk ahead cum death,2020-07-11,24,quantile,0.2,3440
2020-06-22,3 wk ahead inc death,2020-07-11,24,quantile,0.2,81
2020-06-22,3 wk ahead cum death,2020-07-11,24,quantile,0.25,3470
2020-06-22,3 wk ahead inc death,2020-07-11,24,quantile,0.25,92
2020-06-22,3 wk ahead cum death,2020-07-11,24,quantile,0.3,3484
2020-06-22,3 wk ahead inc death,2020-07-11,24,quantile,0.3,100
2020-06-22,3 wk ahead cum death,2020-07-11,24,quantile,0.4,3519
2020-06-22,3 wk ahead inc death,2020-07-11,24,quantile,0.4,117
2020-06-22,3 wk ahead cum death,2020-07-11,24,quantile,0.45,3539
2020-06-22,3 wk ahead inc death,2020-07-11,24,quantile,0.45,123
2020-06-22,3 wk ahead cum death,2020-07-11,24,quantile,0.5,3564
2020-06-22,3 wk ahead inc death,2020-07-11,24,quantile,0.5,131
2020-06-22,3 wk ahead cum death,2020-07-11,24,quantile,0.55,3589
2020-06-22,3 wk ahead inc death,2020-07-11,24,quantile,0.55,144
2020-06-22,3 wk ahead cum death,2020-07-11,24,quantile,0.8,3750
2020-06-22,3 wk ahead inc death,2020-07-11,24,quantile,0.8,226
2020-06-22,3 wk ahead cum death,2020-07-11,24,quantile,0.95,4074
2020-06-22,3 wk ahead inc death,2020-07-11,24,quantile,0.95,393
2020-06-22,3 wk ahead cum death,2020-07-11,24,quantile,0.975,4243
2020-06-22,3 wk ahead inc death,2020-07-11,24,quantile,0.975,495
2020-06-22,3 wk ahead cum death,2020-07-11,24,quantile,0.99,4592
2020-06-22,3 wk ahead inc death,2020-07-11,24,quantile,0.99,737
2020-06-22,3 wk ahead cum death,2020-07-11,25,quantile,0.01,8236
2020-06-22,3 wk ahead inc death,2020-07-11,25,quantile,0.01,78
2020-06-22,3 wk ahead cum death,2020-07-11,25,quantile,0.025,8283
2020-06-22,3 wk ahead inc death,2020-07-11,25,quantile,0.025,96
2020-06-22,3 wk ahead cum death,2020-07-11,25,quantile,0.05,8317
2020-06-22,3 wk ahead inc death,2020-07-11,25,quantile,0.05,110
2020-06-22,3 wk ahead cum death,2020-07-11,25,quantile,0.1,8361
2020-06-22,3 wk ahead inc death,2020-07-11,25,quantile,0.1,127
2020-06-22,3 wk ahead cum death,2020-07-11,25,quantile,0.2,8422
2020-06-22,3 wk ahead inc death,2020-07-11,25,quantile,0.2,155
2020-06-22,3 wk ahead cum death,2020-07-11,25,quantile,0.25,8452
2020-06-22,3 wk ahead inc death,2020-07-11,25,quantile,0.25,170
2020-06-22,3 wk ahead cum death,2020-07-11,25,quantile,0.3,8479
2020-06-22,3 wk ahead inc death,2020-07-11,25,quantile,0.3,180
2020-06-22,3 wk ahead cum death,2020-07-11,25,quantile,0.4,8536
2020-06-22,3 wk ahead inc death,2020-07-11,25,quantile,0.4,203
2020-06-22,3 wk ahead cum death,2020-07-11,25,quantile,0.45,8568
2020-06-22,3 wk ahead inc death,2020-07-11,25,quantile,0.45,217
2020-06-22,3 wk ahead cum death,2020-07-11,25,quantile,0.5,8594
2020-06-22,3 wk ahead inc death,2020-07-11,25,quantile,0.5,227
2020-06-22,3 wk ahead cum death,2020-07-11,25,quantile,0.55,8623
2020-06-22,3 wk ahead inc death,2020-07-11,25,quantile,0.55,242
2020-06-22,3 wk ahead cum death,2020-07-11,25,quantile,0.8,8839
2020-06-22,3 wk ahead inc death,2020-07-11,25,quantile,0.8,351
2020-06-22,3 wk ahead cum death,2020-07-11,25,quantile,0.95,9260
2020-06-22,3 wk ahead inc death,2020-07-11,25,quantile,0.95,569
2020-06-22,3 wk ahead cum death,2020-07-11,25,quantile,0.975,9468
2020-06-22,3 wk ahead inc death,2020-07-11,25,quantile,0.975,681
2020-06-22,3 wk ahead cum death,2020-07-11,25,quantile,0.99,9713
2020-06-22,3 wk ahead inc death,2020-07-11,25,quantile,0.99,826
2020-06-22,3 wk ahead cum death,2020-07-11,34,quantile,0.01,13440
2020-06-22,3 wk ahead inc death,2020-07-11,34,quantile,0.01,80
2020-06-22,3 wk ahead cum death,2020-07-11,34,quantile,0.025,13509
2020-06-22,3 wk ahead inc death,2020-07-11,34,quantile,0.025,116
2020-06-22,3 wk ahead cum death,2020-07-11,34,quantile,0.05,13584
2020-06-22,3 wk ahead inc death,2020-07-11,34,quantile,0.05,133
2020-06-22,3 wk ahead cum death,2020-07-11,34,quantile,0.1,13666
2020-06-22,3 wk ahead inc death,2020-07-11,34,quantile,0.1,170
2020-06-22,3 wk ahead cum death,2020-07-11,34,quantile,0.2,13748
2020-06-22,3 wk ahead inc death,2020-07-11,34,quantile,0.2,210
2020-06-22,3 wk ahead cum death,2020-07-11,34,quantile,0.25,13779
2020-06-22,3 wk ahead inc death,2020-07-11,34,quantile,0.25,226
2020-06-22,3 wk ahead cum death,2020-07-11,34,quantile,0.3,13809
2020-06-22,3 wk ahead inc death,2020-07-11,34,quantile,0.3,242
2020-06-22,3 wk ahead cum death,2020-07-11,34,quantile,0.4,13869
2020-06-22,3 wk ahead inc death,2020-07-11,34,quantile,0.4,269
2020-06-22,3 wk ahead cum death,2020-07-11,34,quantile,0.45,13896
2020-06-22,3 wk ahead inc death,2020-07-11,34,quantile,0.45,282
2020-06-22,3 wk ahead cum death,2020-07-11,34,quantile,0.5,13932
2020-06-22,3 wk ahead inc death,2020-07-11,34,quantile,0.5,296
2020-06-22,3 wk ahead cum death,2020-07-11,34,quantile,0.55,13976
2020-06-22,3 wk ahead inc death,2020-07-11,34,quantile,0.55,312
2020-06-22,3 wk ahead cum death,2020-07-11,34,quantile,0.8,14190
2020-06-22,3 wk ahead inc death,2020-07-11,34,quantile,0.8,427
2020-06-22,3 wk ahead cum death,2020-07-11,34,quantile,0.95,14493
2020-06-22,3 wk ahead inc death,2020-07-11,34,quantile,0.95,581
2020-06-22,3 wk ahead cum death,2020-07-11,34,quantile,0.975,14676
2020-06-22,3 wk ahead inc death,2020-07-11,34,quantile,0.975,686
2020-06-22,3 wk ahead cum death,2020-07-11,34,quantile,0.99,14839
2020-06-22,3 wk ahead inc death,2020-07-11,34,quantile,0.99,850
2020-06-22,3 wk ahead cum death,2020-07-11,36,quantile,0.01,31849
2020-06-22,3 wk ahead inc death,2020-07-11,36,quantile,0.01,110
2020-06-22,3 wk ahead cum death,2020-07-11,36,quantile,0.025,31888
2020-06-22,3 wk ahead inc death,2020-07-11,36,quantile,0.025,125
2020-06-22,3 wk ahead cum death,2020-07-11,36,quantile,0.05,31931
2020-06-22,3 wk ahead inc death,2020-07-11,36,quantile,0.05,151
2020-06-22,3 wk ahead cum death,2020-07-11,36,quantile,0.1,32008
2020-06-22,3 wk ahead inc death,2020-07-11,36,quantile,0.1,174
2020-06-22,3 wk ahead cum death,2020-07-11,36,quantile,0.2,32080
2020-06-22,3 wk ahead inc death,2020-07-11,36,quantile,0.2,207
2020-06-22,3 wk ahead cum death,2020-07-11,36,quantile,0.25,32109
2020-06-22,3 wk ahead inc death,2020-07-11,36,quantile,0.25,226
2020-06-22,3 wk ahead cum death,2020-07-11,36,quantile,0.3,32143
2020-06-22,3 wk ahead inc death,2020-07-11,36,quantile,0.3,240
2020-06-22,3 wk ahead cum death,2020-07-11,36,quantile,0.4,32204
2020-06-22,3 wk ahead inc death,2020-07-11,36,quantile,0.4,264
2020-06-22,3 wk ahead cum death,2020-07-11,36,quantile,0.45,32231
2020-06-22,3 wk ahead inc death,2020-07-11,36,quantile,0.45,276
2020-06-22,3 wk ahead cum death,2020-07-11,36,quantile,0.5,32262
2020-06-22,3 wk ahead inc death,2020-07-11,36,quantile,0.5,292
2020-06-22,3 wk ahead cum death,2020-07-11,36,quantile,0.55,32294
2020-06-22,3 wk ahead inc death,2020-07-11,36,quantile,0.55,309
2020-06-22,3 wk ahead cum death,2020-07-11,36,quantile,0.8,32505
2020-06-22,3 wk ahead inc death,2020-07-11,36,quantile,0.8,404
2020-06-22,3 wk ahead cum death,2020-07-11,36,quantile,0.95,32856
2020-06-22,3 wk ahead inc death,2020-07-11,36,quantile,0.95,605
2020-06-22,3 wk ahead cum death,2020-07-11,36,quantile,0.975,33011
2020-06-22,3 wk ahead inc death,2020-07-11,36,quantile,0.975,689
2020-06-22,3 wk ahead cum death,2020-07-11,36,quantile,0.99,33258
2020-06-22,3 wk ahead inc death,2020-07-11,36,quantile,0.99,824
2020-06-22,3 wk ahead cum death,2020-07-11,39,quantile,0.01,2921
2020-06-22,3 wk ahead inc death,2020-07-11,39,quantile,0.01,38
2020-06-22,3 wk ahead cum death,2020-07-11,39,quantile,0.025,2946
2020-06-22,3 wk ahead inc death,2020-07-11,39,quantile,0.025,52
2020-06-22,3 wk ahead cum death,2020-07-11,39,quantile,0.05,2993
2020-06-22,3 wk ahead inc death,2020-07-11,39,quantile,0.05,67
2020-06-22,3 wk ahead cum death,2020-07-11,39,quantile,0.1,3040
2020-06-22,3 wk ahead inc death,2020-07-11,39,quantile,0.1,85
2020-06-22,3 wk ahead cum death,2020-07-11,39,quantile,0.2,3104
2020-06-22,3 wk ahead inc death,2020-07-11,39,quantile,0.2,113
2020-06-22,3 wk ahead cum death,2020-07-11,39,quantile,0.25,3134
2020-06-22,3 wk ahead inc death,2020-07-11,39,quantile,0.25,127
2020-06-22,3 wk ahead cum death,2020-07-11,39,quantile,0.3,3159
2020-06-22,3 wk ahead inc death,2020-07-11,39,quantile,0.3,140
2020-06-22,3 wk ahead cum death,2020-07-11,39,quantile,0.4,3208
2020-06-22,3 wk ahead inc death,2020-07-11,39,quantile,0.4,163
2020-06-22,3 wk ahead cum death,2020-07-11,39,quantile,0.45,3239
2020-06-22,3 wk ahead inc death,2020-07-11,39,quantile,0.45,173
2020-06-22,3 wk ahead cum death,2020-07-11,39,quantile,0.5,3269
2020-06-22,3 wk ahead inc death,2020-07-11,39,quantile,0.5,188
2020-06-22,3 wk ahead cum death,2020-07-11,39,quantile,0.55,3295
2020-06-22,3 wk ahead inc death,2020-07-11,39,quantile,0.55,200
2020-06-22,3 wk ahead cum death,2020-07-11,39,quantile,0.8,3500
2020-06-22,3 wk ahead inc death,2020-07-11,39,quantile,0.8,310
2020-06-22,3 wk ahead cum death,2020-07-11,39,quantile,0.95,3908
2020-06-22,3 wk ahead inc death,2020-07-11,39,quantile,0.95,558
2020-06-22,3 wk ahead cum death,2020-07-11,39,quantile,0.975,4159
2020-06-22,3 wk ahead inc death,2020-07-11,39,quantile,0.975,684
2020-06-22,3 wk ahead cum death,2020-07-11,39,quantile,0.99,4431
2020-06-22,3 wk ahead inc death,2020-07-11,39,quantile,0.99,971
2020-06-22,3 wk ahead cum death,2020-07-11,42,quantile,0.01,6795
2020-06-22,3 wk ahead inc death,2020-07-11,42,quantile,0.01,75
2020-06-22,3 wk ahead cum death,2020-07-11,42,quantile,0.025,6833
2020-06-22,3 wk ahead inc death,2020-07-11,42,quantile,0.025,90
2020-06-22,3 wk ahead cum death,2020-07-11,42,quantile,0.05,6875
2020-06-22,3 wk ahead inc death,2020-07-11,42,quantile,0.05,102
2020-06-22,3 wk ahead cum death,2020-07-11,42,quantile,0.1,6925
2020-06-22,3 wk ahead inc death,2020-07-11,42,quantile,0.1,122
2020-06-22,3 wk ahead cum death,2020-07-11,42,quantile,0.2,6980
2020-06-22,3 wk ahead inc death,2020-07-11,42,quantile,0.2,147
2020-06-22,3 wk ahead cum death,2020-07-11,42,quantile,0.25,7011
2020-06-22,3 wk ahead inc death,2020-07-11,42,quantile,0.25,160
2020-06-22,3 wk ahead cum death,2020-07-11,42,quantile,0.3,7046
2020-06-22,3 wk ahead inc death,2020-07-11,42,quantile,0.3,170
2020-06-22,3 wk ahead cum death,2020-07-11,42,quantile,0.4,7108
2020-06-22,3 wk ahead inc death,2020-07-11,42,quantile,0.4,198
2020-06-22,3 wk ahead cum death,2020-07-11,42,quantile,0.45,7135
2020-06-22,3 wk ahead inc death,2020-07-11,42,quantile,0.45,211
2020-06-22,3 wk ahead cum death,2020-07-11,42,quantile,0.5,7164
2020-06-22,3 wk ahead inc death,2020-07-11,42,quantile,0.5,225
2020-06-22,3 wk ahead cum death,2020-07-11,42,quantile,0.55,7199
2020-06-22,3 wk ahead inc death,2020-07-11,42,quantile,0.55,242
2020-06-22,3 wk ahead cum death,2020-07-11,42,quantile,0.8,7448
2020-06-22,3 wk ahead inc death,2020-07-11,42,quantile,0.8,364
2020-06-22,3 wk ahead cum death,2020-07-11,42,quantile,0.95,7912
2020-06-22,3 wk ahead inc death,2020-07-11,42,quantile,0.95,605
2020-06-22,3 wk ahead cum death,2020-07-11,42,quantile,0.975,8126
2020-06-22,3 wk ahead inc death,2020-07-11,42,quantile,0.975,741
2020-06-22,3 wk ahead cum death,2020-07-11,42,quantile,0.99,8947
2020-06-22,3 wk ahead inc death,2020-07-11,42,quantile,0.99,1301
2020-06-22,3 wk ahead cum death,2020-07-11,48,quantile,0.01,2557
2020-06-22,3 wk ahead inc death,2020-07-11,48,quantile,0.01,94
2020-06-22,3 wk ahead cum death,2020-07-11,48,quantile,0.025,2596
2020-06-22,3 wk ahead inc death,2020-07-11,48,quantile,0.025,112
2020-06-22,3 wk ahead cum death,2020-07-11,48,quantile,0.05,2648
2020-06-22,3 wk ahead inc death,2020-07-11,48,quantile,0.05,132
2020-06-22,3 wk ahead cum death,2020-07-11,48,quantile,0.1,2715
2020-06-22,3 wk ahead inc death,2020-07-11,48,quantile,0.1,167
2020-06-22,3 wk ahead cum death,2020-07-11,48,quantile,0.2,2805
2020-06-22,3 wk ahead inc death,2020-07-11,48,quantile,0.2,209
2020-06-22,3 wk ahead cum death,2020-07-11,48,quantile,0.25,2835
2020-06-22,3 wk ahead inc death,2020-07-11,48,quantile,0.25,230
2020-06-22,3 wk ahead cum death,2020-07-11,48,quantile,0.3,2879
2020-06-22,3 wk ahead inc death,2020-07-11,48,quantile,0.3,250
2020-06-22,3 wk ahead cum death,2020-07-11,48,quantile,0.4,2973
2020-06-22,3 wk ahead inc death,2020-07-11,48,quantile,0.4,294
2020-06-22,3 wk ahead cum death,2020-07-11,48,quantile,0.45,3017
2020-06-22,3 wk ahead inc death,2020-07-11,48,quantile,0.45,322
2020-06-22,3 wk ahead cum death,2020-07-11,48,quantile,0.5,3068
2020-06-22,3 wk ahead inc death,2020-07-11,48,quantile,0.5,348
2020-06-22,3 wk ahead cum death,2020-07-11,48,quantile,0.55,3122
2020-06-22,3 wk ahead inc death,2020-07-11,48,quantile,0.55,376
2020-06-22,3 wk ahead cum death,2020-07-11,48,quantile,0.8,3518
2020-06-22,3 wk ahead inc death,2020-07-11,48,quantile,0.8,618
2020-06-22,3 wk ahead cum death,2020-07-11,48,quantile,0.95,4251
2020-06-22,3 wk ahead inc death,2020-07-11,48,quantile,0.95,1095
2020-06-22,3 wk ahead cum death,2020-07-11,48,quantile,0.975,4707
2020-06-22,3 wk ahead inc death,2020-07-11,48,quantile,0.975,1454
2020-06-22,3 wk ahead cum death,2020-07-11,48,quantile,0.99,5503
2020-06-22,3 wk ahead inc death,2020-07-11,48,quantile,0.99,1914
